panel,item_id,source_item_id,claim_id,cohort,gold_label,legacy,consensus_A,consensus_B,consensus_C,still_ambiguous_after_C,resolved_by_titles,resolved_only_by_structure,reversed_after_titles,reversed_after_structure,taxonomy_version,judgment_input_version,decisive_A,agrees_fever_A,decisive_B,agrees_fever_B,decisive_C,agrees_fever_C,first_decisive_stage,first_gold_agreeing_stage,title_resolution,c_resolution,reversal_A_B,reversal_B_C,decisiveness_lost,c_disclosure,sentence_only_utilization_compatible,category,corrected_packet_result
grok,SA-000001,SA-000001,42669,rescue,Supported,silver_unresolved,Supported,Supported,Supported,False,False,False,False,False,proposed_v2_coauthor_review,historical_v1_packets,True,True,True,True,True,True,A,A,False,False,False,False,False,structure_without_new_sentence_text,False,sentence_only_gold_agreeing,PENDING_FRESH_JUDGMENTS
grok,SA-000002,SA-000002,104811,robust,Supported,silver_unresolved,Supported,Supported,Supported,False,False,False,False,False,proposed_v2_coauthor_review,historical_v1_packets,True,True,True,True,True,True,A,A,False,False,False,False,False,structure_without_new_sentence_text,False,sentence_only_gold_agreeing,PENDING_FRESH_JUDGMENTS
grok,SA-000003,SA-000003,30824,rescue,Refuted,silver_unresolved,Refuted,Refuted,Refuted,False,False,False,False,False,proposed_v2_coauthor_review,historical_v1_packets,True,True,True,True,True,True,A,A,False,False,False,False,False,structure_without_new_sentence_text,False,sentence_only_gold_agreeing,PENDING_FRESH_JUDGMENTS
grok,SA-000004,SA-000004,66075,resistant,Supported,silver_clear_evidence_utilization_failure,Refuted,Refuted,Refuted,False,False,False,False,False,proposed_v2_coauthor_review,historical_v1_packets,True,False,True,False,True,False,A,none,False,False,False,False,False,structure_without_new_sentence_text,False,decisive_judge_fever_disagreement,PENDING_FRESH_JUDGMENTS
grok,SA-000005,SA-000005,127969,rescue,Supported,silver_unresolved,Supported,Supported,Supported,False,False,False,False,False,proposed_v2_coauthor_review,historical_v1_packets,True,True,True,True,True,True,A,A,False,False,False,False,False,structure_without_new_sentence_text,False,sentence_only_gold_agreeing,PENDING_FRESH_JUDGMENTS
grok,SA-000006,SA-000006,123238,resistant,Supported,silver_structured_evidence_sensitive,Unresolved,Supported,Supported,False,True,False,False,False,proposed_v2_coauthor_review,historical_v1_packets,False,,True,True,True,True,B,B,True,False,False,False,False,additional_sentence_text_and_structure,False,title_disclosure_gold_agreeing,PENDING_FRESH_JUDGMENTS
grok,SA-000007,SA-000007,85924,robust,Supported,silver_unresolved,Supported,Supported,Supported,False,False,False,False,False,proposed_v2_coauthor_review,historical_v1_packets,True,True,True,True,True,True,A,A,False,False,False,False,False,structure_without_new_sentence_text,False,sentence_only_gold_agreeing,PENDING_FRESH_JUDGMENTS
grok,SA-000008,SA-000008,61233,robust,Supported,silver_unresolved,Supported,Supported,Supported,False,False,False,False,False,proposed_v2_coauthor_review,historical_v1_packets,True,True,True,True,True,True,A,A,False,False,False,False,False,structure_without_new_sentence_text,False,sentence_only_gold_agreeing,PENDING_FRESH_JUDGMENTS
grok,SA-000009,SA-000009,68032,regression,Supported,silver_clear_evidence_utilization_failure,Supported,Supported,Supported,False,False,False,False,False,proposed_v2_coauthor_review,historical_v1_packets,True,True,True,True,True,True,A,A,False,False,False,False,False,structure_without_new_sentence_text,True,sentence_only_gold_agreeing,PENDING_FRESH_JUDGMENTS
grok,SA-000010,SA-000010,141758,resistant,Supported,silver_partial_or_ambiguous_warrant,Ambiguous,Ambiguous,Ambiguous,True,False,False,False,False,proposed_v2_coauthor_review,historical_v1_packets,False,,False,,False,,none,none,False,False,False,False,False,structure_without_new_sentence_text,False,final_nondecisive,PENDING_FRESH_JUDGMENTS
grok,SA-000011,SA-000011,44327,robust,Supported,silver_unresolved,Supported,Supported,Supported,False,False,False,False,False,proposed_v2_coauthor_review,historical_v1_packets,True,True,True,True,True,True,A,A,False,False,False,False,False,additional_sentence_text_and_structure,False,sentence_only_gold_agreeing,PENDING_FRESH_JUDGMENTS
grok,SA-000012,SA-000012,41656,robust,Supported,silver_partial_or_ambiguous_warrant,Ambiguous,Ambiguous,Ambiguous,True,False,False,False,False,proposed_v2_coauthor_review,historical_v1_packets,False,,False,,False,,none,none,False,False,False,False,False,additional_sentence_text_and_structure,False,final_nondecisive,PENDING_FRESH_JUDGMENTS
grok,SA-000013,SA-000013,80984,resistant,Refuted,silver_clear_evidence_utilization_failure,Refuted,Refuted,Refuted,False,False,False,False,False,proposed_v2_coauthor_review,historical_v1_packets,True,True,True,True,True,True,A,A,False,False,False,False,False,structure_without_new_sentence_text,True,sentence_only_gold_agreeing,PENDING_FRESH_JUDGMENTS
grok,SA-000014,SA-000014,70281,resistant,Refuted,silver_partial_or_ambiguous_warrant,Ambiguous,Ambiguous,Unresolved,True,False,False,False,False,proposed_v2_coauthor_review,historical_v1_packets,False,,False,,False,,none,none,False,False,False,False,False,structure_without_new_sentence_text,False,final_nondecisive,PENDING_FRESH_JUDGMENTS
grok,SA-000015,SA-000015,193860,regression,Supported,silver_partial_or_ambiguous_warrant,Ambiguous,Ambiguous,Ambiguous,True,False,False,False,False,proposed_v2_coauthor_review,historical_v1_packets,False,,False,,False,,none,none,False,False,False,False,False,structure_without_new_sentence_text,False,final_nondecisive,PENDING_FRESH_JUDGMENTS
grok,SA-000016,SA-000016,207334,robust,Supported,silver_structured_evidence_sensitive,Unresolved,Supported,Supported,False,True,False,False,False,proposed_v2_coauthor_review,historical_v1_packets,False,,True,True,True,True,B,B,True,False,False,False,False,structure_without_new_sentence_text,False,title_disclosure_gold_agreeing,PENDING_FRESH_JUDGMENTS
grok,SA-000017,SA-000017,120069,rescue,Supported,silver_unresolved,Supported,Supported,Supported,False,False,False,False,False,proposed_v2_coauthor_review,historical_v1_packets,True,True,True,True,True,True,A,A,False,False,False,False,False,structure_without_new_sentence_text,False,sentence_only_gold_agreeing,PENDING_FRESH_JUDGMENTS
grok,SA-000018,SA-000018,114093,resistant,Refuted,silver_clear_evidence_utilization_failure,Refuted,Refuted,Refuted,False,False,False,False,False,proposed_v2_coauthor_review,historical_v1_packets,True,True,True,True,True,True,A,A,False,False,False,False,False,structure_without_new_sentence_text,True,sentence_only_gold_agreeing,PENDING_FRESH_JUDGMENTS
grok,SA-000019,SA-000019,66970,rescue,Refuted,silver_unresolved,Refuted,Refuted,Refuted,False,False,False,False,False,proposed_v2_coauthor_review,historical_v1_packets,True,True,True,True,True,True,A,A,False,False,False,False,False,structure_without_new_sentence_text,False,sentence_only_gold_agreeing,PENDING_FRESH_JUDGMENTS
grok,SA-000020,SA-000020,109744,rescue,Refuted,silver_unresolved,Refuted,Refuted,Refuted,False,False,False,False,False,proposed_v2_coauthor_review,historical_v1_packets,True,True,True,True,True,True,A,A,False,False,False,False,False,structure_without_new_sentence_text,False,sentence_only_gold_agreeing,PENDING_FRESH_JUDGMENTS
grok,SA-000021,SA-000021,51442,regression,Refuted,silver_partial_or_ambiguous_warrant,Refuted,Refuted,Unresolved,True,False,False,False,False,proposed_v2_coauthor_review,historical_v1_packets,True,True,True,True,False,,A,A,False,False,False,False,True,structure_without_new_sentence_text,True,final_nondecisive,PENDING_FRESH_JUDGMENTS
grok,SA-000022,SA-000022,206453,regression,Refuted,silver_clear_evidence_utilization_failure,Refuted,Refuted,Refuted,False,False,False,False,False,proposed_v2_coauthor_review,historical_v1_packets,True,True,True,True,True,True,A,A,False,False,False,False,False,additional_sentence_text_and_structure,True,sentence_only_gold_agreeing,PENDING_FRESH_JUDGMENTS
grok,SA-000023,SA-000023,57008,robust,Supported,silver_unresolved,Supported,Supported,Supported,False,False,False,False,False,proposed_v2_coauthor_review,historical_v1_packets,True,True,True,True,True,True,A,A,False,False,False,False,False,structure_without_new_sentence_text,False,sentence_only_gold_agreeing,PENDING_FRESH_JUDGMENTS
grok,SA-000024,SA-000024,27117,robust,Supported,silver_unresolved,Supported,Supported,Supported,False,False,False,False,False,proposed_v2_coauthor_review,historical_v1_packets,True,True,True,True,True,True,A,A,False,False,False,False,False,structure_without_new_sentence_text,False,sentence_only_gold_agreeing,PENDING_FRESH_JUDGMENTS
grok,SA-000025,SA-000025,134927,regression,Supported,silver_clear_evidence_utilization_failure,Refuted,Refuted,Refuted,False,False,False,False,False,proposed_v2_coauthor_review,historical_v1_packets,True,False,True,False,True,False,A,none,False,False,False,False,False,structure_without_new_sentence_text,False,decisive_judge_fever_disagreement,PENDING_FRESH_JUDGMENTS
grok,SA-000026,SA-000026,77573,resistant,Refuted,silver_structured_evidence_sensitive,Ambiguous,Ambiguous,Refuted,False,False,True,False,False,proposed_v2_coauthor_review,historical_v1_packets,False,,False,,True,True,C,C,False,True,False,False,False,structure_without_new_sentence_text,False,structured_disclosure_gold_agreeing,PENDING_FRESH_JUDGMENTS
grok,SA-000027,SA-000027,145558,robust,Supported,silver_unresolved,Supported,Supported,Supported,False,False,False,False,False,proposed_v2_coauthor_review,historical_v1_packets,True,True,True,True,True,True,A,A,False,False,False,False,False,structure_without_new_sentence_text,False,sentence_only_gold_agreeing,PENDING_FRESH_JUDGMENTS
grok,SA-000028,SA-000028,63846,regression,Refuted,silver_clear_evidence_utilization_failure,Refuted,Refuted,Refuted,False,False,False,False,False,proposed_v2_coauthor_review,historical_v1_packets,True,True,True,True,True,True,A,A,False,False,False,False,False,structure_without_new_sentence_text,True,sentence_only_gold_agreeing,PENDING_FRESH_JUDGMENTS
grok,SA-000029,SA-000029,192748,resistant,Supported,silver_clear_evidence_utilization_failure,Refuted,Refuted,Refuted,False,False,False,False,False,proposed_v2_coauthor_review,historical_v1_packets,True,False,True,False,True,False,A,none,False,False,False,False,False,additional_sentence_text_and_structure,False,decisive_judge_fever_disagreement,PENDING_FRESH_JUDGMENTS
grok,SA-000030,SA-000030,224125,rescue,Refuted,silver_unresolved,Refuted,Refuted,Refuted,False,False,False,False,False,proposed_v2_coauthor_review,historical_v1_packets,True,True,True,True,True,True,A,A,False,False,False,False,False,structure_without_new_sentence_text,False,sentence_only_gold_agreeing,PENDING_FRESH_JUDGMENTS
grok,SA-000031,SA-000031,30106,resistant,Refuted,silver_clear_evidence_utilization_failure,Supported,Supported,Supported,False,False,False,False,False,proposed_v2_coauthor_review,historical_v1_packets,True,False,True,False,True,False,A,none,False,False,False,False,False,structure_without_new_sentence_text,False,decisive_judge_fever_disagreement,PENDING_FRESH_JUDGMENTS
grok,SA-000032,SA-000032,206984,rescue,Refuted,silver_unresolved,Refuted,Refuted,Refuted,False,False,False,False,False,proposed_v2_coauthor_review,historical_v1_packets,True,True,True,True,True,True,A,A,False,False,False,False,False,structure_without_new_sentence_text,False,sentence_only_gold_agreeing,PENDING_FRESH_JUDGMENTS
grok,SA-000033,SA-000033,92949,regression,Refuted,silver_clear_evidence_utilization_failure,Refuted,Refuted,Refuted,False,False,False,False,False,proposed_v2_coauthor_review,historical_v1_packets,True,True,True,True,True,True,A,A,False,False,False,False,False,structure_without_new_sentence_text,True,sentence_only_gold_agreeing,PENDING_FRESH_JUDGMENTS
grok,SA-000034,SA-000034,69883,resistant,Refuted,silver_partial_or_ambiguous_warrant,Ambiguous,Ambiguous,Unresolved,True,False,False,False,False,proposed_v2_coauthor_review,historical_v1_packets,False,,False,,False,,none,none,False,False,False,False,False,structure_without_new_sentence_text,False,final_nondecisive,PENDING_FRESH_JUDGMENTS
grok,SA-000035,SA-000035,155807,resistant,Supported,silver_clear_evidence_utilization_failure,Refuted,Refuted,Refuted,False,False,False,False,False,proposed_v2_coauthor_review,historical_v1_packets,True,False,True,False,True,False,A,none,False,False,False,False,False,structure_without_new_sentence_text,False,decisive_judge_fever_disagreement,PENDING_FRESH_JUDGMENTS
grok,SA-000036,SA-000036,29256,regression,Refuted,silver_structured_evidence_sensitive,Unresolved,Supported,Supported,False,True,False,False,False,proposed_v2_coauthor_review,historical_v1_packets,False,,True,False,True,False,B,none,True,False,False,False,False,structure_without_new_sentence_text,False,decisive_judge_fever_disagreement,PENDING_FRESH_JUDGMENTS
grok,SA-000037,SA-000037,36038,resistant,Supported,silver_clear_evidence_utilization_failure,Refuted,Refuted,Refuted,False,False,False,False,False,proposed_v2_coauthor_review,historical_v1_packets,True,False,True,False,True,False,A,none,False,False,False,False,False,structure_without_new_sentence_text,False,decisive_judge_fever_disagreement,PENDING_FRESH_JUDGMENTS
grok,SA-000038,SA-000038,84701,rescue,Supported,silver_unresolved,Supported,Supported,Supported,False,False,False,False,False,proposed_v2_coauthor_review,historical_v1_packets,True,True,True,True,True,True,A,A,False,False,False,False,False,structure_without_new_sentence_text,False,sentence_only_gold_agreeing,PENDING_FRESH_JUDGMENTS
grok,SA-000039,SA-000039,142462,resistant,Supported,silver_clear_evidence_utilization_failure,Refuted,Refuted,Refuted,False,False,False,False,False,proposed_v2_coauthor_review,historical_v1_packets,True,False,True,False,True,False,A,none,False,False,False,False,False,structure_without_new_sentence_text,False,decisive_judge_fever_disagreement,PENDING_FRESH_JUDGMENTS
grok,SA-000040,SA-000040,187789,regression,Refuted,silver_clear_evidence_utilization_failure,Refuted,Refuted,Refuted,False,False,False,False,False,proposed_v2_coauthor_review,historical_v1_packets,True,True,True,True,True,True,A,A,False,False,False,False,False,structure_without_new_sentence_text,True,sentence_only_gold_agreeing,PENDING_FRESH_JUDGMENTS
grok,SA-000041,SA-000041,149156,resistant,Refuted,silver_structured_evidence_sensitive,Refuted,Unresolved,Refuted,False,False,True,False,False,proposed_v2_coauthor_review,historical_v1_packets,True,True,False,,True,True,A,A,False,True,False,False,True,structure_without_new_sentence_text,True,nonmonotonic_judge_path,PENDING_FRESH_JUDGMENTS
grok,SA-000042,SA-000042,12403,resistant,Refuted,silver_clear_evidence_utilization_failure,Refuted,Refuted,Refuted,False,False,False,False,False,proposed_v2_coauthor_review,historical_v1_packets,True,True,True,True,True,True,A,A,False,False,False,False,False,structure_without_new_sentence_text,True,sentence_only_gold_agreeing,PENDING_FRESH_JUDGMENTS
grok,SA-000043,SA-000043,68569,resistant,Supported,silver_partial_or_ambiguous_warrant,Ambiguous,Ambiguous,Ambiguous,True,False,False,False,False,proposed_v2_coauthor_review,historical_v1_packets,False,,False,,False,,none,none,False,False,False,False,False,structure_without_new_sentence_text,False,final_nondecisive,PENDING_FRESH_JUDGMENTS
grok,SA-000044,SA-000044,45964,resistant,Refuted,silver_partial_or_ambiguous_warrant,Ambiguous,Ambiguous,Ambiguous,True,False,False,False,False,proposed_v2_coauthor_review,historical_v1_packets,False,,False,,False,,none,none,False,False,False,False,False,additional_sentence_text_and_structure,False,final_nondecisive,PENDING_FRESH_JUDGMENTS
grok,SA-000045,SA-000045,29338,resistant,Supported,silver_clear_evidence_utilization_failure,Supported,Supported,Supported,False,False,False,False,False,proposed_v2_coauthor_review,historical_v1_packets,True,True,True,True,True,True,A,A,False,False,False,False,False,structure_without_new_sentence_text,True,sentence_only_gold_agreeing,PENDING_FRESH_JUDGMENTS
grok,SA-000046,SA-000046,35905,resistant,Supported,silver_partial_or_ambiguous_warrant,Ambiguous,Ambiguous,Ambiguous,True,False,False,False,False,proposed_v2_coauthor_review,historical_v1_packets,False,,False,,False,,none,none,False,False,False,False,False,structure_without_new_sentence_text,False,final_nondecisive,PENDING_FRESH_JUDGMENTS
grok,SA-000047,SA-000047,85066,rescue,Refuted,silver_unresolved,Refuted,Refuted,Refuted,False,False,False,False,False,proposed_v2_coauthor_review,historical_v1_packets,True,True,True,True,True,True,A,A,False,False,False,False,False,structure_without_new_sentence_text,False,sentence_only_gold_agreeing,PENDING_FRESH_JUDGMENTS
grok,SA-000048,SA-000048,194358,rescue,Refuted,silver_unresolved,Refuted,Refuted,Refuted,False,False,False,False,False,proposed_v2_coauthor_review,historical_v1_packets,True,True,True,True,True,True,A,A,False,False,False,False,False,structure_without_new_sentence_text,False,sentence_only_gold_agreeing,PENDING_FRESH_JUDGMENTS
grok,SA-000049,SA-000049,51526,resistant,Refuted,silver_clear_evidence_utilization_failure,Supported,Supported,Supported,False,False,False,False,False,proposed_v2_coauthor_review,historical_v1_packets,True,False,True,False,True,False,A,none,False,False,False,False,False,structure_without_new_sentence_text,False,decisive_judge_fever_disagreement,PENDING_FRESH_JUDGMENTS
grok,SA-000050,SA-000050,201745,robust,Supported,silver_unresolved,Supported,Supported,Supported,False,False,False,False,False,proposed_v2_coauthor_review,historical_v1_packets,True,True,True,True,True,True,A,A,False,False,False,False,False,structure_without_new_sentence_text,False,sentence_only_gold_agreeing,PENDING_FRESH_JUDGMENTS
grok,SA-000051,SA-000051,55633,regression,Supported,silver_partial_or_ambiguous_warrant,Ambiguous,Ambiguous,Ambiguous,True,False,False,False,False,proposed_v2_coauthor_review,historical_v1_packets,False,,False,,False,,none,none,False,False,False,False,False,additional_sentence_text_and_structure,False,final_nondecisive,PENDING_FRESH_JUDGMENTS
grok,SA-000052,SA-000052,7138,regression,Refuted,silver_partial_or_ambiguous_warrant,Ambiguous,Ambiguous,Ambiguous,True,False,False,False,False,proposed_v2_coauthor_review,historical_v1_packets,False,,False,,False,,none,none,False,False,False,False,False,structure_without_new_sentence_text,False,final_nondecisive,PENDING_FRESH_JUDGMENTS
grok,SA-000053,SA-000053,102001,resistant,Refuted,silver_clear_evidence_utilization_failure,Refuted,Refuted,Refuted,False,False,False,False,False,proposed_v2_coauthor_review,historical_v1_packets,True,True,True,True,True,True,A,A,False,False,False,False,False,structure_without_new_sentence_text,True,sentence_only_gold_agreeing,PENDING_FRESH_JUDGMENTS
grok,SA-000054,SA-000054,127363,resistant,Supported,silver_partial_or_ambiguous_warrant,Ambiguous,Ambiguous,Ambiguous,True,False,False,False,False,proposed_v2_coauthor_review,historical_v1_packets,False,,False,,False,,none,none,False,False,False,False,False,additional_sentence_text_and_structure,False,final_nondecisive,PENDING_FRESH_JUDGMENTS
grok,SA-000055,SA-000055,79601,robust,Supported,silver_unresolved,Supported,Supported,Supported,False,False,False,False,False,proposed_v2_coauthor_review,historical_v1_packets,True,True,True,True,True,True,A,A,False,False,False,False,False,structure_without_new_sentence_text,False,sentence_only_gold_agreeing,PENDING_FRESH_JUDGMENTS
grok,SA-000056,SA-000056,183633,resistant,Refuted,silver_partial_or_ambiguous_warrant,Ambiguous,Ambiguous,Unresolved,True,False,False,False,False,proposed_v2_coauthor_review,historical_v1_packets,False,,False,,False,,none,none,False,False,False,False,False,structure_without_new_sentence_text,False,final_nondecisive,PENDING_FRESH_JUDGMENTS
grok,SA-000057,SA-000057,99033,rescue,Refuted,silver_unresolved,Refuted,Refuted,Refuted,False,False,False,False,False,proposed_v2_coauthor_review,historical_v1_packets,True,True,True,True,True,True,A,A,False,False,False,False,False,structure_without_new_sentence_text,False,sentence_only_gold_agreeing,PENDING_FRESH_JUDGMENTS
grok,SA-000058,SA-000058,70386,robust,Supported,silver_partial_or_ambiguous_warrant,Supported,Ambiguous,Unresolved,True,False,False,False,False,proposed_v2_coauthor_review,historical_v1_packets,True,True,False,,False,,A,A,False,False,False,False,True,structure_without_new_sentence_text,False,final_nondecisive,PENDING_FRESH_JUDGMENTS
grok,SA-000059,SA-000059,189762,rescue,Supported,silver_partial_or_ambiguous_warrant,Ambiguous,Ambiguous,Ambiguous,True,False,False,False,False,proposed_v2_coauthor_review,historical_v1_packets,False,,False,,False,,none,none,False,False,False,False,False,structure_without_new_sentence_text,False,final_nondecisive,PENDING_FRESH_JUDGMENTS
grok,SA-000060,SA-000060,45124,rescue,Refuted,silver_unresolved,Refuted,Refuted,Refuted,False,False,False,False,False,proposed_v2_coauthor_review,historical_v1_packets,True,True,True,True,True,True,A,A,False,False,False,False,False,structure_without_new_sentence_text,False,sentence_only_gold_agreeing,PENDING_FRESH_JUDGMENTS
grok,SA-000061,SA-000061,183938,regression,Refuted,silver_clear_evidence_utilization_failure,Refuted,Refuted,Refuted,False,False,False,False,False,proposed_v2_coauthor_review,historical_v1_packets,True,True,True,True,True,True,A,A,False,False,False,False,False,structure_without_new_sentence_text,True,sentence_only_gold_agreeing,PENDING_FRESH_JUDGMENTS
grok,SA-000062,SA-000062,34396,resistant,Refuted,silver_structured_evidence_sensitive,Ambiguous,Ambiguous,Supported,False,False,True,False,False,proposed_v2_coauthor_review,historical_v1_packets,False,,False,,True,False,C,none,False,True,False,False,False,additional_sentence_text_and_structure,False,decisive_judge_fever_disagreement,PENDING_FRESH_JUDGMENTS
grok,SA-000063,SA-000063,84105,robust,Supported,silver_unresolved,Supported,Supported,Supported,False,False,False,False,False,proposed_v2_coauthor_review,historical_v1_packets,True,True,True,True,True,True,A,A,False,False,False,False,False,structure_without_new_sentence_text,False,sentence_only_gold_agreeing,PENDING_FRESH_JUDGMENTS
grok,SA-000064,SA-000064,133360,resistant,Supported,silver_partial_or_ambiguous_warrant,Ambiguous,Ambiguous,Ambiguous,True,False,False,False,False,proposed_v2_coauthor_review,historical_v1_packets,False,,False,,False,,none,none,False,False,False,False,False,additional_sentence_text_and_structure,False,final_nondecisive,PENDING_FRESH_JUDGMENTS
grok,SA-000065,SA-000065,37945,rescue,Supported,silver_unresolved,Supported,Supported,Supported,False,False,False,False,False,proposed_v2_coauthor_review,historical_v1_packets,True,True,True,True,True,True,A,A,False,False,False,False,False,additional_sentence_text_and_structure,False,sentence_only_gold_agreeing,PENDING_FRESH_JUDGMENTS
grok,SA-000066,SA-000066,217666,rescue,Supported,silver_unresolved,Supported,Supported,Supported,False,False,False,False,False,proposed_v2_coauthor_review,historical_v1_packets,True,True,True,True,True,True,A,A,False,False,False,False,False,structure_without_new_sentence_text,False,sentence_only_gold_agreeing,PENDING_FRESH_JUDGMENTS
grok,SA-000067,SA-000067,217194,regression,Refuted,silver_clear_evidence_utilization_failure,Refuted,Refuted,Refuted,False,False,False,False,False,proposed_v2_coauthor_review,historical_v1_packets,True,True,True,True,True,True,A,A,False,False,False,False,False,structure_without_new_sentence_text,True,sentence_only_gold_agreeing,PENDING_FRESH_JUDGMENTS
grok,SA-000068,SA-000068,105176,rescue,Supported,silver_unresolved,Supported,Supported,Supported,False,False,False,False,False,proposed_v2_coauthor_review,historical_v1_packets,True,True,True,True,True,True,A,A,False,False,False,False,False,structure_without_new_sentence_text,False,sentence_only_gold_agreeing,PENDING_FRESH_JUDGMENTS
grok,SA-000069,SA-000069,175874,resistant,Supported,silver_clear_evidence_utilization_failure,Refuted,Refuted,Refuted,False,False,False,False,False,proposed_v2_coauthor_review,historical_v1_packets,True,False,True,False,True,False,A,none,False,False,False,False,False,structure_without_new_sentence_text,False,decisive_judge_fever_disagreement,PENDING_FRESH_JUDGMENTS
grok,SA-000070,SA-000070,152133,rescue,Refuted,silver_unresolved,Refuted,Refuted,Refuted,False,False,False,False,False,proposed_v2_coauthor_review,historical_v1_packets,True,True,True,True,True,True,A,A,False,False,False,False,False,structure_without_new_sentence_text,False,sentence_only_gold_agreeing,PENDING_FRESH_JUDGMENTS
grok,SA-000071,SA-000071,48810,regression,Refuted,silver_clear_evidence_utilization_failure,Refuted,Refuted,Refuted,False,False,False,False,False,proposed_v2_coauthor_review,historical_v1_packets,True,True,True,True,True,True,A,A,False,False,False,False,False,structure_without_new_sentence_text,True,sentence_only_gold_agreeing,PENDING_FRESH_JUDGMENTS
grok,SA-000072,SA-000072,172466,regression,Refuted,silver_clear_evidence_utilization_failure,Refuted,Refuted,Refuted,False,False,False,False,False,proposed_v2_coauthor_review,historical_v1_packets,True,True,True,True,True,True,A,A,False,False,False,False,False,structure_without_new_sentence_text,True,sentence_only_gold_agreeing,PENDING_FRESH_JUDGMENTS
grok,SA-000073,SA-000073,168537,regression,Refuted,silver_clear_evidence_utilization_failure,Refuted,Refuted,Refuted,False,False,False,False,False,proposed_v2_coauthor_review,historical_v1_packets,True,True,True,True,True,True,A,A,False,False,False,False,False,structure_without_new_sentence_text,True,sentence_only_gold_agreeing,PENDING_FRESH_JUDGMENTS
grok,SA-000074,SA-000074,39811,resistant,Refuted,silver_partial_or_ambiguous_warrant,Ambiguous,Ambiguous,Ambiguous,True,False,False,False,False,proposed_v2_coauthor_review,historical_v1_packets,False,,False,,False,,none,none,False,False,False,False,False,structure_without_new_sentence_text,False,final_nondecisive,PENDING_FRESH_JUDGMENTS
grok,SA-000075,SA-000075,222770,robust,Supported,silver_unresolved,Supported,Supported,Supported,False,False,False,False,False,proposed_v2_coauthor_review,historical_v1_packets,True,True,True,True,True,True,A,A,False,False,False,False,False,structure_without_new_sentence_text,False,sentence_only_gold_agreeing,PENDING_FRESH_JUDGMENTS
grok,SA-000076,SA-000076,129570,rescue,Supported,silver_unresolved,Supported,Supported,Supported,False,False,False,False,False,proposed_v2_coauthor_review,historical_v1_packets,True,True,True,True,True,True,A,A,False,False,False,False,False,structure_without_new_sentence_text,False,sentence_only_gold_agreeing,PENDING_FRESH_JUDGMENTS
grok,SA-000077,SA-000077,14286,resistant,Refuted,silver_clear_evidence_utilization_failure,Refuted,Refuted,Refuted,False,False,False,False,False,proposed_v2_coauthor_review,historical_v1_packets,True,True,True,True,True,True,A,A,False,False,False,False,False,structure_without_new_sentence_text,True,sentence_only_gold_agreeing,PENDING_FRESH_JUDGMENTS
grok,SA-000078,SA-000078,116588,regression,Supported,silver_partial_or_ambiguous_warrant,Ambiguous,Ambiguous,Ambiguous,True,False,False,False,False,proposed_v2_coauthor_review,historical_v1_packets,False,,False,,False,,none,none,False,False,False,False,False,structure_without_new_sentence_text,False,final_nondecisive,PENDING_FRESH_JUDGMENTS
grok,SA-000079,SA-000079,48658,regression,Supported,silver_partial_or_ambiguous_warrant,Ambiguous,Ambiguous,Ambiguous,True,False,False,False,False,proposed_v2_coauthor_review,historical_v1_packets,False,,False,,False,,none,none,False,False,False,False,False,additional_sentence_text_and_structure,False,final_nondecisive,PENDING_FRESH_JUDGMENTS
grok,SA-000080,SA-000080,175468,resistant,Supported,silver_clear_evidence_utilization_failure,Supported,Supported,Supported,False,False,False,False,False,proposed_v2_coauthor_review,historical_v1_packets,True,True,True,True,True,True,A,A,False,False,False,False,False,structure_without_new_sentence_text,True,sentence_only_gold_agreeing,PENDING_FRESH_JUDGMENTS
grok,SA-000081,SA-000081,86159,resistant,Refuted,silver_clear_evidence_utilization_failure,Supported,Supported,Supported,False,False,False,False,False,proposed_v2_coauthor_review,historical_v1_packets,True,False,True,False,True,False,A,none,False,False,False,False,False,structure_without_new_sentence_text,False,decisive_judge_fever_disagreement,PENDING_FRESH_JUDGMENTS
grok,SA-000082,SA-000082,34180,resistant,Supported,silver_clear_evidence_utilization_failure,Refuted,Refuted,Refuted,False,False,False,False,False,proposed_v2_coauthor_review,historical_v1_packets,True,False,True,False,True,False,A,none,False,False,False,False,False,structure_without_new_sentence_text,False,decisive_judge_fever_disagreement,PENDING_FRESH_JUDGMENTS
grok,SA-000083,SA-000083,12748,resistant,Supported,silver_clear_evidence_utilization_failure,Refuted,Refuted,Refuted,False,False,False,False,False,proposed_v2_coauthor_review,historical_v1_packets,True,False,True,False,True,False,A,none,False,False,False,False,False,structure_without_new_sentence_text,False,decisive_judge_fever_disagreement,PENDING_FRESH_JUDGMENTS
grok,SA-000084,SA-000084,95738,resistant,Supported,silver_clear_evidence_utilization_failure,Supported,Supported,Supported,False,False,False,False,False,proposed_v2_coauthor_review,historical_v1_packets,True,True,True,True,True,True,A,A,False,False,False,False,False,structure_without_new_sentence_text,True,sentence_only_gold_agreeing,PENDING_FRESH_JUDGMENTS
grok,SA-000085,SA-000085,65748,rescue,Supported,silver_unresolved,Supported,Supported,Supported,False,False,False,False,False,proposed_v2_coauthor_review,historical_v1_packets,True,True,True,True,True,True,A,A,False,False,False,False,False,additional_sentence_text_and_structure,False,sentence_only_gold_agreeing,PENDING_FRESH_JUDGMENTS
grok,SA-000086,SA-000086,220207,rescue,Supported,silver_unresolved,Supported,Supported,Supported,False,False,False,False,False,proposed_v2_coauthor_review,historical_v1_packets,True,True,True,True,True,True,A,A,False,False,False,False,False,structure_without_new_sentence_text,False,sentence_only_gold_agreeing,PENDING_FRESH_JUDGMENTS
grok,SA-000087,SA-000087,187390,regression,Supported,silver_partial_or_ambiguous_warrant,Ambiguous,Ambiguous,Ambiguous,True,False,False,False,False,proposed_v2_coauthor_review,historical_v1_packets,False,,False,,False,,none,none,False,False,False,False,False,additional_sentence_text_and_structure,False,final_nondecisive,PENDING_FRESH_JUDGMENTS
grok,SA-000088,SA-000088,168539,robust,Supported,silver_unresolved,Supported,Supported,Supported,False,False,False,False,False,proposed_v2_coauthor_review,historical_v1_packets,True,True,True,True,True,True,A,A,False,False,False,False,False,structure_without_new_sentence_text,False,sentence_only_gold_agreeing,PENDING_FRESH_JUDGMENTS
grok,SA-000089,SA-000089,194922,regression,Supported,silver_clear_evidence_utilization_failure,Supported,Supported,Supported,False,False,False,False,False,proposed_v2_coauthor_review,historical_v1_packets,True,True,True,True,True,True,A,A,False,False,False,False,False,additional_sentence_text_and_structure,True,sentence_only_gold_agreeing,PENDING_FRESH_JUDGMENTS
grok,SA-000090,SA-000090,110242,resistant,Supported,silver_clear_evidence_utilization_failure,Refuted,Refuted,Refuted,False,False,False,False,False,proposed_v2_coauthor_review,historical_v1_packets,True,False,True,False,True,False,A,none,False,False,False,False,False,structure_without_new_sentence_text,False,decisive_judge_fever_disagreement,PENDING_FRESH_JUDGMENTS
grok,SA-000091,SA-000091,134916,rescue,Refuted,silver_unresolved,Refuted,Refuted,Refuted,False,False,False,False,False,proposed_v2_coauthor_review,historical_v1_packets,True,True,True,True,True,True,A,A,False,False,False,False,False,structure_without_new_sentence_text,False,sentence_only_gold_agreeing,PENDING_FRESH_JUDGMENTS
grok,SA-000092,SA-000092,8581,robust,Refuted,silver_unresolved,Refuted,Refuted,Refuted,False,False,False,False,False,proposed_v2_coauthor_review,historical_v1_packets,True,True,True,True,True,True,A,A,False,False,False,False,False,structure_without_new_sentence_text,False,sentence_only_gold_agreeing,PENDING_FRESH_JUDGMENTS
grok,SA-000093,SA-000093,151241,robust,Refuted,silver_partial_or_ambiguous_warrant,Ambiguous,Ambiguous,Ambiguous,True,False,False,False,False,proposed_v2_coauthor_review,historical_v1_packets,False,,False,,False,,none,none,False,False,False,False,False,structure_without_new_sentence_text,False,final_nondecisive,PENDING_FRESH_JUDGMENTS
grok,SA-000094,SA-000094,120655,regression,Refuted,silver_partial_or_ambiguous_warrant,Ambiguous,Ambiguous,Ambiguous,True,False,False,False,False,proposed_v2_coauthor_review,historical_v1_packets,False,,False,,False,,none,none,False,False,False,False,False,structure_without_new_sentence_text,False,final_nondecisive,PENDING_FRESH_JUDGMENTS
grok,SA-000095,SA-000095,161220,robust,Refuted,silver_unresolved,Refuted,Refuted,Refuted,False,False,False,False,False,proposed_v2_coauthor_review,historical_v1_packets,True,True,True,True,True,True,A,A,False,False,False,False,False,structure_without_new_sentence_text,False,sentence_only_gold_agreeing,PENDING_FRESH_JUDGMENTS
grok,SA-000096,SA-000096,39977,robust,Refuted,silver_unresolved,Refuted,Refuted,Refuted,False,False,False,False,False,proposed_v2_coauthor_review,historical_v1_packets,True,True,True,True,True,True,A,A,False,False,False,False,False,structure_without_new_sentence_text,False,sentence_only_gold_agreeing,PENDING_FRESH_JUDGMENTS
grok,SA-000097,SA-000097,182281,rescue,Refuted,silver_unresolved,Refuted,Refuted,Refuted,False,False,False,False,False,proposed_v2_coauthor_review,historical_v1_packets,True,True,True,True,True,True,A,A,False,False,False,False,False,structure_without_new_sentence_text,False,sentence_only_gold_agreeing,PENDING_FRESH_JUDGMENTS
grok,SA-000098,SA-000098,200291,robust,Refuted,silver_unresolved,Refuted,Refuted,Refuted,False,False,False,False,False,proposed_v2_coauthor_review,historical_v1_packets,True,True,True,True,True,True,A,A,False,False,False,False,False,structure_without_new_sentence_text,False,sentence_only_gold_agreeing,PENDING_FRESH_JUDGMENTS
grok,SA-000099,SA-000099,201460,resistant,Refuted,silver_partial_or_ambiguous_warrant,Ambiguous,Ambiguous,Ambiguous,True,False,False,False,False,proposed_v2_coauthor_review,historical_v1_packets,False,,False,,False,,none,none,False,False,False,False,False,structure_without_new_sentence_text,False,final_nondecisive,PENDING_FRESH_JUDGMENTS
grok,SA-000100,SA-000100,207526,resistant,Supported,silver_structured_evidence_sensitive,Ambiguous,Supported,Supported,False,True,False,False,False,proposed_v2_coauthor_review,historical_v1_packets,False,,True,True,True,True,B,B,True,False,False,False,False,structure_without_new_sentence_text,False,title_disclosure_gold_agreeing,PENDING_FRESH_JUDGMENTS
grok,SA-000101,SA-000101,211025,rescue,Refuted,silver_unresolved,Refuted,Refuted,Refuted,False,False,False,False,False,proposed_v2_coauthor_review,historical_v1_packets,True,True,True,True,True,True,A,A,False,False,False,False,False,structure_without_new_sentence_text,False,sentence_only_gold_agreeing,PENDING_FRESH_JUDGMENTS
grok,SA-000102,SA-000102,140067,regression,Refuted,silver_clear_evidence_utilization_failure,Refuted,Refuted,Refuted,False,False,False,False,False,proposed_v2_coauthor_review,historical_v1_packets,True,True,True,True,True,True,A,A,False,False,False,False,False,structure_without_new_sentence_text,True,sentence_only_gold_agreeing,PENDING_FRESH_JUDGMENTS
grok,SA-000103,SA-000103,214258,resistant,Refuted,silver_partial_or_ambiguous_warrant,Ambiguous,Ambiguous,Ambiguous,True,False,False,False,False,proposed_v2_coauthor_review,historical_v1_packets,False,,False,,False,,none,none,False,False,False,False,False,structure_without_new_sentence_text,False,final_nondecisive,PENDING_FRESH_JUDGMENTS
grok,SA-000104,SA-000104,222763,resistant,Refuted,silver_clear_evidence_utilization_failure,Refuted,Refuted,Refuted,False,False,False,False,False,proposed_v2_coauthor_review,historical_v1_packets,True,True,True,True,True,True,A,A,False,False,False,False,False,structure_without_new_sentence_text,True,sentence_only_gold_agreeing,PENDING_FRESH_JUDGMENTS
grok,SA-000105,SA-000105,154542,robust,Supported,silver_unresolved,Supported,Supported,Supported,False,False,False,False,False,proposed_v2_coauthor_review,historical_v1_packets,True,True,True,True,True,True,A,A,False,False,False,False,False,structure_without_new_sentence_text,False,sentence_only_gold_agreeing,PENDING_FRESH_JUDGMENTS
grok,SA-000106,SA-000106,14901,robust,Supported,silver_unresolved,Supported,Supported,Supported,False,False,False,False,False,proposed_v2_coauthor_review,historical_v1_packets,True,True,True,True,True,True,A,A,False,False,False,False,False,structure_without_new_sentence_text,False,sentence_only_gold_agreeing,PENDING_FRESH_JUDGMENTS
grok,SA-000107,SA-000107,52907,regression,Supported,silver_partial_or_ambiguous_warrant,Unresolved,Unresolved,Unresolved,True,False,False,False,False,proposed_v2_coauthor_review,historical_v1_packets,False,,False,,False,,none,none,False,False,False,False,False,structure_without_new_sentence_text,False,final_nondecisive,PENDING_FRESH_JUDGMENTS
grok,SA-000108,SA-000108,120173,resistant,Supported,silver_clear_evidence_utilization_failure,Refuted,Refuted,Refuted,False,False,False,False,False,proposed_v2_coauthor_review,historical_v1_packets,True,False,True,False,True,False,A,none,False,False,False,False,False,structure_without_new_sentence_text,False,decisive_judge_fever_disagreement,PENDING_FRESH_JUDGMENTS
grok,SA-000109,SA-000109,68483,rescue,Supported,silver_partial_or_ambiguous_warrant,Ambiguous,Ambiguous,Ambiguous,True,False,False,False,False,proposed_v2_coauthor_review,historical_v1_packets,False,,False,,False,,none,none,False,False,False,False,False,structure_without_new_sentence_text,False,final_nondecisive,PENDING_FRESH_JUDGMENTS
grok,SA-000110,SA-000110,19721,robust,Refuted,silver_unresolved,Refuted,Refuted,Refuted,False,False,False,False,False,proposed_v2_coauthor_review,historical_v1_packets,True,True,True,True,True,True,A,A,False,False,False,False,False,structure_without_new_sentence_text,False,sentence_only_gold_agreeing,PENDING_FRESH_JUDGMENTS
grok,SA-000111,SA-000111,204449,rescue,Supported,silver_unresolved,Supported,Supported,Supported,False,False,False,False,False,proposed_v2_coauthor_review,historical_v1_packets,True,True,True,True,True,True,A,A,False,False,False,False,False,structure_without_new_sentence_text,False,sentence_only_gold_agreeing,PENDING_FRESH_JUDGMENTS
grok,SA-000112,SA-000112,71722,robust,Supported,silver_unresolved,Supported,Supported,Supported,False,False,False,False,False,proposed_v2_coauthor_review,historical_v1_packets,True,True,True,True,True,True,A,A,False,False,False,False,False,additional_sentence_text_and_structure,False,sentence_only_gold_agreeing,PENDING_FRESH_JUDGMENTS
grok,SA-000113,SA-000113,142025,regression,Supported,silver_partial_or_ambiguous_warrant,Ambiguous,Ambiguous,Ambiguous,True,False,False,False,False,proposed_v2_coauthor_review,historical_v1_packets,False,,False,,False,,none,none,False,False,False,False,False,structure_without_new_sentence_text,False,final_nondecisive,PENDING_FRESH_JUDGMENTS
grok,SA-000114,SA-000114,149284,robust,Refuted,silver_unresolved,Refuted,Refuted,Refuted,False,False,False,False,False,proposed_v2_coauthor_review,historical_v1_packets,True,True,True,True,True,True,A,A,False,False,False,False,False,structure_without_new_sentence_text,False,sentence_only_gold_agreeing,PENDING_FRESH_JUDGMENTS
grok,SA-000115,SA-000115,48815,resistant,Supported,silver_partial_or_ambiguous_warrant,Ambiguous,Ambiguous,Ambiguous,True,False,False,False,False,proposed_v2_coauthor_review,historical_v1_packets,False,,False,,False,,none,none,False,False,False,False,False,structure_without_new_sentence_text,False,final_nondecisive,PENDING_FRESH_JUDGMENTS
grok,SA-000116,SA-000116,87023,rescue,Supported,silver_unresolved,Supported,Supported,Supported,False,False,False,False,False,proposed_v2_coauthor_review,historical_v1_packets,True,True,True,True,True,True,A,A,False,False,False,False,False,structure_without_new_sentence_text,False,sentence_only_gold_agreeing,PENDING_FRESH_JUDGMENTS
grok,SA-000117,SA-000117,77686,regression,Refuted,silver_partial_or_ambiguous_warrant,Ambiguous,Ambiguous,Ambiguous,True,False,False,False,False,proposed_v2_coauthor_review,historical_v1_packets,False,,False,,False,,none,none,False,False,False,False,False,structure_without_new_sentence_text,False,final_nondecisive,PENDING_FRESH_JUDGMENTS
grok,SA-000118,SA-000118,211007,robust,Supported,silver_unresolved,Supported,Supported,Supported,False,False,False,False,False,proposed_v2_coauthor_review,historical_v1_packets,True,True,True,True,True,True,A,A,False,False,False,False,False,structure_without_new_sentence_text,False,sentence_only_gold_agreeing,PENDING_FRESH_JUDGMENTS
grok,SA-000119,SA-000119,71159,rescue,Supported,silver_unresolved,Supported,Supported,Supported,False,False,False,False,False,proposed_v2_coauthor_review,historical_v1_packets,True,True,True,True,True,True,A,A,False,False,False,False,False,structure_without_new_sentence_text,False,sentence_only_gold_agreeing,PENDING_FRESH_JUDGMENTS
grok,SA-000120,SA-000120,202773,rescue,Refuted,silver_unresolved,Refuted,Refuted,Refuted,False,False,False,False,False,proposed_v2_coauthor_review,historical_v1_packets,True,True,True,True,True,True,A,A,False,False,False,False,False,additional_sentence_text_and_structure,False,sentence_only_gold_agreeing,PENDING_FRESH_JUDGMENTS
grok,SA-000121,SA-000121,166922,rescue,Supported,silver_unresolved,Supported,Supported,Supported,False,False,False,False,False,proposed_v2_coauthor_review,historical_v1_packets,True,True,True,True,True,True,A,A,False,False,False,False,False,structure_without_new_sentence_text,False,sentence_only_gold_agreeing,PENDING_FRESH_JUDGMENTS
grok,SA-000122,SA-000122,87383,resistant,Supported,silver_clear_evidence_utilization_failure,Refuted,Refuted,Refuted,False,False,False,False,False,proposed_v2_coauthor_review,historical_v1_packets,True,False,True,False,True,False,A,none,False,False,False,False,False,structure_without_new_sentence_text,False,decisive_judge_fever_disagreement,PENDING_FRESH_JUDGMENTS
grok,SA-000123,SA-000123,48276,resistant,Refuted,silver_clear_evidence_utilization_failure,Refuted,Refuted,Refuted,False,False,False,False,False,proposed_v2_coauthor_review,historical_v1_packets,True,True,True,True,True,True,A,A,False,False,False,False,False,structure_without_new_sentence_text,True,sentence_only_gold_agreeing,PENDING_FRESH_JUDGMENTS
grok,SA-000124,SA-000124,95271,resistant,Refuted,silver_partial_or_ambiguous_warrant,Ambiguous,Ambiguous,Ambiguous,True,False,False,False,False,proposed_v2_coauthor_review,historical_v1_packets,False,,False,,False,,none,none,False,False,False,False,False,structure_without_new_sentence_text,False,final_nondecisive,PENDING_FRESH_JUDGMENTS
grok,SA-000125,SA-000125,84154,resistant,Refuted,silver_partial_or_ambiguous_warrant,Ambiguous,Ambiguous,Ambiguous,True,False,False,False,False,proposed_v2_coauthor_review,historical_v1_packets,False,,False,,False,,none,none,False,False,False,False,False,structure_without_new_sentence_text,False,final_nondecisive,PENDING_FRESH_JUDGMENTS
grok,SA-000126,SA-000126,212217,resistant,Refuted,silver_partial_or_ambiguous_warrant,Ambiguous,Ambiguous,Ambiguous,True,False,False,False,False,proposed_v2_coauthor_review,historical_v1_packets,False,,False,,False,,none,none,False,False,False,False,False,structure_without_new_sentence_text,False,final_nondecisive,PENDING_FRESH_JUDGMENTS
grok,SA-000127,SA-000127,203621,robust,Refuted,silver_unresolved,Refuted,Refuted,Refuted,False,False,False,False,False,proposed_v2_coauthor_review,historical_v1_packets,True,True,True,True,True,True,A,A,False,False,False,False,False,structure_without_new_sentence_text,False,sentence_only_gold_agreeing,PENDING_FRESH_JUDGMENTS
grok,SA-000128,SA-000128,88865,regression,Refuted,silver_partial_or_ambiguous_warrant,Ambiguous,Ambiguous,Unresolved,True,False,False,False,False,proposed_v2_coauthor_review,historical_v1_packets,False,,False,,False,,none,none,False,False,False,False,False,structure_without_new_sentence_text,False,final_nondecisive,PENDING_FRESH_JUDGMENTS
grok,SA-000129,SA-000129,106162,resistant,Refuted,silver_clear_evidence_utilization_failure,Refuted,Refuted,Refuted,False,False,False,False,False,proposed_v2_coauthor_review,historical_v1_packets,True,True,True,True,True,True,A,A,False,False,False,False,False,structure_without_new_sentence_text,True,sentence_only_gold_agreeing,PENDING_FRESH_JUDGMENTS
grok,SA-000130,SA-000130,132874,robust,Supported,silver_unresolved,Supported,Supported,Supported,False,False,False,False,False,proposed_v2_coauthor_review,historical_v1_packets,True,True,True,True,True,True,A,A,False,False,False,False,False,structure_without_new_sentence_text,False,sentence_only_gold_agreeing,PENDING_FRESH_JUDGMENTS
grok,SA-000131,SA-000131,142735,robust,Refuted,silver_partial_or_ambiguous_warrant,Ambiguous,Ambiguous,Unresolved,True,False,False,False,False,proposed_v2_coauthor_review,historical_v1_packets,False,,False,,False,,none,none,False,False,False,False,False,structure_without_new_sentence_text,False,final_nondecisive,PENDING_FRESH_JUDGMENTS
grok,SA-000132,SA-000132,167178,resistant,Supported,silver_partial_or_ambiguous_warrant,Ambiguous,Ambiguous,Ambiguous,True,False,False,False,False,proposed_v2_coauthor_review,historical_v1_packets,False,,False,,False,,none,none,False,False,False,False,False,structure_without_new_sentence_text,False,final_nondecisive,PENDING_FRESH_JUDGMENTS
grok,SA-000133,SA-000133,123411,robust,Refuted,silver_unresolved,Refuted,Refuted,Refuted,False,False,False,False,False,proposed_v2_coauthor_review,historical_v1_packets,True,True,True,True,True,True,A,A,False,False,False,False,False,structure_without_new_sentence_text,False,sentence_only_gold_agreeing,PENDING_FRESH_JUDGMENTS
grok,SA-000134,SA-000134,156803,resistant,Supported,silver_partial_or_ambiguous_warrant,Ambiguous,Ambiguous,Ambiguous,True,False,False,False,False,proposed_v2_coauthor_review,historical_v1_packets,False,,False,,False,,none,none,False,False,False,False,False,structure_without_new_sentence_text,False,final_nondecisive,PENDING_FRESH_JUDGMENTS
grok,SA-000135,SA-000135,160414,robust,Refuted,silver_unresolved,Refuted,Refuted,Refuted,False,False,False,False,False,proposed_v2_coauthor_review,historical_v1_packets,True,True,True,True,True,True,A,A,False,False,False,False,False,structure_without_new_sentence_text,False,sentence_only_gold_agreeing,PENDING_FRESH_JUDGMENTS
grok,SA-000136,SA-000136,70412,resistant,Supported,silver_clear_evidence_utilization_failure,Refuted,Refuted,Refuted,False,False,False,False,False,proposed_v2_coauthor_review,historical_v1_packets,True,False,True,False,True,False,A,none,False,False,False,False,False,additional_sentence_text_and_structure,False,decisive_judge_fever_disagreement,PENDING_FRESH_JUDGMENTS
grok,SA-000137,SA-000137,194241,regression,Supported,silver_clear_evidence_utilization_failure,Refuted,Refuted,Refuted,False,False,False,False,False,proposed_v2_coauthor_review,historical_v1_packets,True,False,True,False,True,False,A,none,False,False,False,False,False,structure_without_new_sentence_text,False,decisive_judge_fever_disagreement,PENDING_FRESH_JUDGMENTS
grok,SA-000138,SA-000138,144602,resistant,Refuted,silver_clear_evidence_utilization_failure,Refuted,Refuted,Refuted,False,False,False,False,False,proposed_v2_coauthor_review,historical_v1_packets,True,True,True,True,True,True,A,A,False,False,False,False,False,additional_sentence_text_and_structure,True,sentence_only_gold_agreeing,PENDING_FRESH_JUDGMENTS
grok,SA-000139,SA-000139,22639,regression,Refuted,silver_structured_evidence_sensitive,Ambiguous,Ambiguous,Supported,False,False,True,False,False,proposed_v2_coauthor_review,historical_v1_packets,False,,False,,True,False,C,none,False,True,False,False,False,structure_without_new_sentence_text,False,decisive_judge_fever_disagreement,PENDING_FRESH_JUDGMENTS
grok,SA-000140,SA-000140,183456,resistant,Refuted,silver_partial_or_ambiguous_warrant,Ambiguous,Ambiguous,Ambiguous,True,False,False,False,False,proposed_v2_coauthor_review,historical_v1_packets,False,,False,,False,,none,none,False,False,False,False,False,structure_without_new_sentence_text,False,final_nondecisive,PENDING_FRESH_JUDGMENTS
grok,SA-000141,SA-000141,91843,robust,Refuted,silver_unresolved,Refuted,Refuted,Refuted,False,False,False,False,False,proposed_v2_coauthor_review,historical_v1_packets,True,True,True,True,True,True,A,A,False,False,False,False,False,additional_sentence_text_and_structure,False,sentence_only_gold_agreeing,PENDING_FRESH_JUDGMENTS
grok,SA-000142,SA-000142,35174,regression,Refuted,silver_clear_evidence_utilization_failure,Refuted,Refuted,Refuted,False,False,False,False,False,proposed_v2_coauthor_review,historical_v1_packets,True,True,True,True,True,True,A,A,False,False,False,False,False,additional_sentence_text_and_structure,True,sentence_only_gold_agreeing,PENDING_FRESH_JUDGMENTS
grok,SA-000143,SA-000143,173613,robust,Supported,silver_unresolved,Supported,Supported,Supported,False,False,False,False,False,proposed_v2_coauthor_review,historical_v1_packets,True,True,True,True,True,True,A,A,False,False,False,False,False,structure_without_new_sentence_text,False,sentence_only_gold_agreeing,PENDING_FRESH_JUDGMENTS
grok,SA-000144,SA-000144,26886,robust,Supported,silver_unresolved,Supported,Supported,Supported,False,False,False,False,False,proposed_v2_coauthor_review,historical_v1_packets,True,True,True,True,True,True,A,A,False,False,False,False,False,structure_without_new_sentence_text,False,sentence_only_gold_agreeing,PENDING_FRESH_JUDGMENTS
grok,SA-000145,SA-000145,220949,regression,Supported,silver_partial_or_ambiguous_warrant,Ambiguous,Ambiguous,Ambiguous,True,False,False,False,False,proposed_v2_coauthor_review,historical_v1_packets,False,,False,,False,,none,none,False,False,False,False,False,additional_sentence_text_and_structure,False,final_nondecisive,PENDING_FRESH_JUDGMENTS
grok,SA-000146,SA-000146,29594,regression,Refuted,silver_clear_evidence_utilization_failure,Refuted,Refuted,Refuted,False,False,False,False,False,proposed_v2_coauthor_review,historical_v1_packets,True,True,True,True,True,True,A,A,False,False,False,False,False,structure_without_new_sentence_text,True,sentence_only_gold_agreeing,PENDING_FRESH_JUDGMENTS
grok,SA-000147,SA-000147,178225,rescue,Refuted,silver_unresolved,Refuted,Refuted,Refuted,False,False,False,False,False,proposed_v2_coauthor_review,historical_v1_packets,True,True,True,True,True,True,A,A,False,False,False,False,False,structure_without_new_sentence_text,False,sentence_only_gold_agreeing,PENDING_FRESH_JUDGMENTS
grok,SA-000148,SA-000148,101528,resistant,Supported,silver_clear_evidence_utilization_failure,Refuted,Refuted,Refuted,False,False,False,False,False,proposed_v2_coauthor_review,historical_v1_packets,True,False,True,False,True,False,A,none,False,False,False,False,False,structure_without_new_sentence_text,False,decisive_judge_fever_disagreement,PENDING_FRESH_JUDGMENTS
grok,SA-000149,SA-000149,53266,resistant,Refuted,silver_clear_evidence_utilization_failure,Refuted,Refuted,Refuted,False,False,False,False,False,proposed_v2_coauthor_review,historical_v1_packets,True,True,True,True,True,True,A,A,False,False,False,False,False,structure_without_new_sentence_text,True,sentence_only_gold_agreeing,PENDING_FRESH_JUDGMENTS
grok,SA-000150,SA-000150,121427,rescue,Refuted,silver_unresolved,Refuted,Refuted,Refuted,False,False,False,False,False,proposed_v2_coauthor_review,historical_v1_packets,True,True,True,True,True,True,A,A,False,False,False,False,False,structure_without_new_sentence_text,False,sentence_only_gold_agreeing,PENDING_FRESH_JUDGMENTS
grok,SA-000151,SA-000151,186323,regression,Supported,silver_clear_evidence_utilization_failure,Supported,Supported,Supported,False,False,False,False,False,proposed_v2_coauthor_review,historical_v1_packets,True,True,True,True,True,True,A,A,False,False,False,False,False,structure_without_new_sentence_text,True,sentence_only_gold_agreeing,PENDING_FRESH_JUDGMENTS
grok,SA-000152,SA-000152,101618,rescue,Supported,silver_unresolved,Supported,Supported,Supported,False,False,False,False,False,proposed_v2_coauthor_review,historical_v1_packets,True,True,True,True,True,True,A,A,False,False,False,False,False,structure_without_new_sentence_text,False,sentence_only_gold_agreeing,PENDING_FRESH_JUDGMENTS
grok,SA-000153,SA-000153,193911,regression,Refuted,silver_clear_evidence_utilization_failure,Refuted,Refuted,Refuted,False,False,False,False,False,proposed_v2_coauthor_review,historical_v1_packets,True,True,True,True,True,True,A,A,False,False,False,False,False,structure_without_new_sentence_text,True,sentence_only_gold_agreeing,PENDING_FRESH_JUDGMENTS
grok,SA-000154,SA-000154,14855,regression,Refuted,silver_structured_evidence_sensitive,Ambiguous,Unresolved,Supported,False,False,True,False,False,proposed_v2_coauthor_review,historical_v1_packets,False,,False,,True,False,C,none,False,True,False,False,False,structure_without_new_sentence_text,False,decisive_judge_fever_disagreement,PENDING_FRESH_JUDGMENTS
grok,SA-000155,SA-000155,68701,regression,Supported,silver_partial_or_ambiguous_warrant,Ambiguous,Ambiguous,Ambiguous,True,False,False,False,False,proposed_v2_coauthor_review,historical_v1_packets,False,,False,,False,,none,none,False,False,False,False,False,structure_without_new_sentence_text,False,final_nondecisive,PENDING_FRESH_JUDGMENTS
grok,SA-000156,SA-000156,6572,rescue,Refuted,silver_unresolved,Refuted,Refuted,Refuted,False,False,False,False,False,proposed_v2_coauthor_review,historical_v1_packets,True,True,True,True,True,True,A,A,False,False,False,False,False,structure_without_new_sentence_text,False,sentence_only_gold_agreeing,PENDING_FRESH_JUDGMENTS
grok,SA-000157,SA-000157,70574,regression,Refuted,silver_clear_evidence_utilization_failure,Refuted,Refuted,Refuted,False,False,False,False,False,proposed_v2_coauthor_review,historical_v1_packets,True,True,True,True,True,True,A,A,False,False,False,False,False,structure_without_new_sentence_text,True,sentence_only_gold_agreeing,PENDING_FRESH_JUDGMENTS
grok,SA-000158,SA-000158,143144,resistant,Supported,silver_partial_or_ambiguous_warrant,Ambiguous,Ambiguous,Ambiguous,True,False,False,False,False,proposed_v2_coauthor_review,historical_v1_packets,False,,False,,False,,none,none,False,False,False,False,False,structure_without_new_sentence_text,False,final_nondecisive,PENDING_FRESH_JUDGMENTS
grok,SA-000159,SA-000159,128454,robust,Refuted,silver_unresolved,Refuted,Refuted,Refuted,False,False,False,False,False,proposed_v2_coauthor_review,historical_v1_packets,True,True,True,True,True,True,A,A,False,False,False,False,False,additional_sentence_text_and_structure,False,sentence_only_gold_agreeing,PENDING_FRESH_JUDGMENTS
grok,SA-000160,SA-000160,191892,resistant,Supported,silver_partial_or_ambiguous_warrant,Ambiguous,Ambiguous,Ambiguous,True,False,False,False,False,proposed_v2_coauthor_review,historical_v1_packets,False,,False,,False,,none,none,False,False,False,False,False,structure_without_new_sentence_text,False,final_nondecisive,PENDING_FRESH_JUDGMENTS
grok,SA-000161,SA-000161,104205,rescue,Refuted,silver_unresolved,Refuted,Refuted,Refuted,False,False,False,False,False,proposed_v2_coauthor_review,historical_v1_packets,True,True,True,True,True,True,A,A,False,False,False,False,False,structure_without_new_sentence_text,False,sentence_only_gold_agreeing,PENDING_FRESH_JUDGMENTS
grok,SA-000162,SA-000162,149973,robust,Refuted,silver_unresolved,Refuted,Refuted,Refuted,False,False,False,False,False,proposed_v2_coauthor_review,historical_v1_packets,True,True,True,True,True,True,A,A,False,False,False,False,False,additional_sentence_text_and_structure,False,sentence_only_gold_agreeing,PENDING_FRESH_JUDGMENTS
grok,SA-000163,SA-000163,89663,rescue,Supported,silver_unresolved,Refuted,Refuted,Refuted,False,False,False,False,False,proposed_v2_coauthor_review,historical_v1_packets,True,False,True,False,True,False,A,none,False,False,False,False,False,structure_without_new_sentence_text,False,decisive_judge_fever_disagreement,PENDING_FRESH_JUDGMENTS
grok,SA-000164,SA-000164,109785,robust,Supported,silver_unresolved,Supported,Supported,Supported,False,False,False,False,False,proposed_v2_coauthor_review,historical_v1_packets,True,True,True,True,True,True,A,A,False,False,False,False,False,structure_without_new_sentence_text,False,sentence_only_gold_agreeing,PENDING_FRESH_JUDGMENTS
grok,SA-000165,SA-000165,89483,resistant,Supported,silver_partial_or_ambiguous_warrant,Ambiguous,Ambiguous,Ambiguous,True,False,False,False,False,proposed_v2_coauthor_review,historical_v1_packets,False,,False,,False,,none,none,False,False,False,False,False,structure_without_new_sentence_text,False,final_nondecisive,PENDING_FRESH_JUDGMENTS
grok,SA-000166,SA-000166,194754,rescue,Supported,silver_unresolved,Supported,Supported,Supported,False,False,False,False,False,proposed_v2_coauthor_review,historical_v1_packets,True,True,True,True,True,True,A,A,False,False,False,False,False,structure_without_new_sentence_text,False,sentence_only_gold_agreeing,PENDING_FRESH_JUDGMENTS
grok,SA-000167,SA-000167,226153,resistant,Supported,silver_clear_evidence_utilization_failure,Refuted,Refuted,Refuted,False,False,False,False,False,proposed_v2_coauthor_review,historical_v1_packets,True,False,True,False,True,False,A,none,False,False,False,False,False,structure_without_new_sentence_text,False,decisive_judge_fever_disagreement,PENDING_FRESH_JUDGMENTS
grok,SA-000168,SA-000168,199276,robust,Refuted,silver_unresolved,Refuted,Refuted,Refuted,False,False,False,False,False,proposed_v2_coauthor_review,historical_v1_packets,True,True,True,True,True,True,A,A,False,False,False,False,False,structure_without_new_sentence_text,False,sentence_only_gold_agreeing,PENDING_FRESH_JUDGMENTS
grok,SA-000169,SA-000169,161571,resistant,Supported,silver_clear_evidence_utilization_failure,Refuted,Refuted,Refuted,False,False,False,False,False,proposed_v2_coauthor_review,historical_v1_packets,True,False,True,False,True,False,A,none,False,False,False,False,False,structure_without_new_sentence_text,False,decisive_judge_fever_disagreement,PENDING_FRESH_JUDGMENTS
grok,SA-000170,SA-000170,23210,resistant,Refuted,silver_clear_evidence_utilization_failure,Supported,Supported,Supported,False,False,False,False,False,proposed_v2_coauthor_review,historical_v1_packets,True,False,True,False,True,False,A,none,False,False,False,False,False,structure_without_new_sentence_text,False,decisive_judge_fever_disagreement,PENDING_FRESH_JUDGMENTS
grok,SA-000171,SA-000171,226143,robust,Refuted,silver_unresolved,Refuted,Refuted,Refuted,False,False,False,False,False,proposed_v2_coauthor_review,historical_v1_packets,True,True,True,True,True,True,A,A,False,False,False,False,False,structure_without_new_sentence_text,False,sentence_only_gold_agreeing,PENDING_FRESH_JUDGMENTS
grok,SA-000172,SA-000172,189714,regression,Refuted,silver_clear_evidence_utilization_failure,Refuted,Refuted,Refuted,False,False,False,False,False,proposed_v2_coauthor_review,historical_v1_packets,True,True,True,True,True,True,A,A,False,False,False,False,False,structure_without_new_sentence_text,True,sentence_only_gold_agreeing,PENDING_FRESH_JUDGMENTS
grok,SA-000173,SA-000173,161580,robust,Supported,silver_unresolved,Supported,Supported,Supported,False,False,False,False,False,proposed_v2_coauthor_review,historical_v1_packets,True,True,True,True,True,True,A,A,False,False,False,False,False,additional_sentence_text_and_structure,False,sentence_only_gold_agreeing,PENDING_FRESH_JUDGMENTS
grok,SA-000174,SA-000174,35575,resistant,Supported,silver_clear_evidence_utilization_failure,Refuted,Refuted,Refuted,False,False,False,False,False,proposed_v2_coauthor_review,historical_v1_packets,True,False,True,False,True,False,A,none,False,False,False,False,False,structure_without_new_sentence_text,False,decisive_judge_fever_disagreement,PENDING_FRESH_JUDGMENTS
grok,SA-000175,SA-000175,58823,robust,Refuted,silver_unresolved,Refuted,Refuted,Refuted,False,False,False,False,False,proposed_v2_coauthor_review,historical_v1_packets,True,True,True,True,True,True,A,A,False,False,False,False,False,structure_without_new_sentence_text,False,sentence_only_gold_agreeing,PENDING_FRESH_JUDGMENTS
grok,SA-000176,SA-000176,17124,regression,Supported,silver_clear_evidence_utilization_failure,Supported,Supported,Supported,False,False,False,False,False,proposed_v2_coauthor_review,historical_v1_packets,True,True,True,True,True,True,A,A,False,False,False,False,False,structure_without_new_sentence_text,True,sentence_only_gold_agreeing,PENDING_FRESH_JUDGMENTS
grok,SA-000177,SA-000177,33840,rescue,Supported,silver_partial_or_ambiguous_warrant,Supported,Ambiguous,Ambiguous,True,False,False,False,False,proposed_v2_coauthor_review,historical_v1_packets,True,True,False,,False,,A,A,False,False,False,False,True,structure_without_new_sentence_text,False,final_nondecisive,PENDING_FRESH_JUDGMENTS
grok,SA-000178,SA-000178,106030,regression,Supported,silver_clear_evidence_utilization_failure,Refuted,Refuted,Refuted,False,False,False,False,False,proposed_v2_coauthor_review,historical_v1_packets,True,False,True,False,True,False,A,none,False,False,False,False,False,structure_without_new_sentence_text,False,decisive_judge_fever_disagreement,PENDING_FRESH_JUDGMENTS
grok,SA-000179,SA-000179,28656,resistant,Refuted,silver_clear_evidence_utilization_failure,Refuted,Refuted,Refuted,False,False,False,False,False,proposed_v2_coauthor_review,historical_v1_packets,True,True,True,True,True,True,A,A,False,False,False,False,False,structure_without_new_sentence_text,True,sentence_only_gold_agreeing,PENDING_FRESH_JUDGMENTS
grok,SA-000180,SA-000180,134997,robust,Supported,silver_unresolved,Supported,Supported,Supported,False,False,False,False,False,proposed_v2_coauthor_review,historical_v1_packets,True,True,True,True,True,True,A,A,False,False,False,False,False,structure_without_new_sentence_text,False,sentence_only_gold_agreeing,PENDING_FRESH_JUDGMENTS
grok,SA-000181,SA-000181,92419,regression,Supported,silver_clear_evidence_utilization_failure,Refuted,Refuted,Refuted,False,False,False,False,False,proposed_v2_coauthor_review,historical_v1_packets,True,False,True,False,True,False,A,none,False,False,False,False,False,additional_sentence_text_and_structure,False,decisive_judge_fever_disagreement,PENDING_FRESH_JUDGMENTS
grok,SA-000182,SA-000182,60431,resistant,Refuted,silver_partial_or_ambiguous_warrant,Ambiguous,Ambiguous,Ambiguous,True,False,False,False,False,proposed_v2_coauthor_review,historical_v1_packets,False,,False,,False,,none,none,False,False,False,False,False,structure_without_new_sentence_text,False,final_nondecisive,PENDING_FRESH_JUDGMENTS
grok,SA-000183,SA-000183,142294,robust,Refuted,silver_unresolved,Refuted,Refuted,Refuted,False,False,False,False,False,proposed_v2_coauthor_review,historical_v1_packets,True,True,True,True,True,True,A,A,False,False,False,False,False,structure_without_new_sentence_text,False,sentence_only_gold_agreeing,PENDING_FRESH_JUDGMENTS
grok,SA-000184,SA-000184,189876,robust,Supported,silver_unresolved,Supported,Supported,Supported,False,False,False,False,False,proposed_v2_coauthor_review,historical_v1_packets,True,True,True,True,True,True,A,A,False,False,False,False,False,additional_sentence_text_and_structure,False,sentence_only_gold_agreeing,PENDING_FRESH_JUDGMENTS
grok,SA-000185,SA-000185,70645,rescue,Refuted,silver_unresolved,Refuted,Refuted,Refuted,False,False,False,False,False,proposed_v2_coauthor_review,historical_v1_packets,True,True,True,True,True,True,A,A,False,False,False,False,False,structure_without_new_sentence_text,False,sentence_only_gold_agreeing,PENDING_FRESH_JUDGMENTS
grok,SA-000186,SA-000186,8864,resistant,Supported,silver_clear_evidence_utilization_failure,Refuted,Refuted,Refuted,False,False,False,False,False,proposed_v2_coauthor_review,historical_v1_packets,True,False,True,False,True,False,A,none,False,False,False,False,False,structure_without_new_sentence_text,False,decisive_judge_fever_disagreement,PENDING_FRESH_JUDGMENTS
grok,SA-000187,SA-000187,139910,robust,Supported,silver_unresolved,Supported,Supported,Supported,False,False,False,False,False,proposed_v2_coauthor_review,historical_v1_packets,True,True,True,True,True,True,A,A,False,False,False,False,False,additional_sentence_text_and_structure,False,sentence_only_gold_agreeing,PENDING_FRESH_JUDGMENTS
grok,SA-000188,SA-000188,172753,resistant,Refuted,silver_clear_evidence_utilization_failure,Supported,Supported,Supported,False,False,False,False,False,proposed_v2_coauthor_review,historical_v1_packets,True,False,True,False,True,False,A,none,False,False,False,False,False,structure_without_new_sentence_text,False,decisive_judge_fever_disagreement,PENDING_FRESH_JUDGMENTS
grok,SA-000189,SA-000189,9410,regression,Supported,silver_partial_or_ambiguous_warrant,Ambiguous,Ambiguous,Ambiguous,True,False,False,False,False,proposed_v2_coauthor_review,historical_v1_packets,False,,False,,False,,none,none,False,False,False,False,False,structure_without_new_sentence_text,False,final_nondecisive,PENDING_FRESH_JUDGMENTS
grok,SA-000190,SA-000190,35406,robust,Refuted,silver_unresolved,Refuted,Refuted,Refuted,False,False,False,False,False,proposed_v2_coauthor_review,historical_v1_packets,True,True,True,True,True,True,A,A,False,False,False,False,False,structure_without_new_sentence_text,False,sentence_only_gold_agreeing,PENDING_FRESH_JUDGMENTS
grok,SA-000191,SA-000191,28447,regression,Refuted,silver_clear_evidence_utilization_failure,Refuted,Refuted,Refuted,False,False,False,False,False,proposed_v2_coauthor_review,historical_v1_packets,True,True,True,True,True,True,A,A,False,False,False,False,False,structure_without_new_sentence_text,True,sentence_only_gold_agreeing,PENDING_FRESH_JUDGMENTS
grok,SA-000192,SA-000192,71269,rescue,Refuted,silver_partial_or_ambiguous_warrant,Ambiguous,Ambiguous,Ambiguous,True,False,False,False,False,proposed_v2_coauthor_review,historical_v1_packets,False,,False,,False,,none,none,False,False,False,False,False,additional_sentence_text_and_structure,False,final_nondecisive,PENDING_FRESH_JUDGMENTS
grok,SA-000193,SA-000193,185206,regression,Refuted,silver_partial_or_ambiguous_warrant,Ambiguous,Ambiguous,Ambiguous,True,False,False,False,False,proposed_v2_coauthor_review,historical_v1_packets,False,,False,,False,,none,none,False,False,False,False,False,structure_without_new_sentence_text,False,final_nondecisive,PENDING_FRESH_JUDGMENTS
grok,SA-000194,SA-000194,152637,rescue,Refuted,silver_unresolved,Refuted,Refuted,Refuted,False,False,False,False,False,proposed_v2_coauthor_review,historical_v1_packets,True,True,True,True,True,True,A,A,False,False,False,False,False,structure_without_new_sentence_text,False,sentence_only_gold_agreeing,PENDING_FRESH_JUDGMENTS
grok,SA-000195,SA-000195,105216,resistant,Supported,silver_structured_evidence_sensitive,Unresolved,Ambiguous,Supported,False,False,True,False,False,proposed_v2_coauthor_review,historical_v1_packets,False,,False,,True,True,C,C,False,True,False,False,False,structure_without_new_sentence_text,False,structured_disclosure_gold_agreeing,PENDING_FRESH_JUDGMENTS
grok,SA-000196,SA-000196,8870,resistant,Supported,silver_clear_evidence_utilization_failure,Refuted,Refuted,Refuted,False,False,False,False,False,proposed_v2_coauthor_review,historical_v1_packets,True,False,True,False,True,False,A,none,False,False,False,False,False,structure_without_new_sentence_text,False,decisive_judge_fever_disagreement,PENDING_FRESH_JUDGMENTS
grok,SA-000197,SA-000197,92769,robust,Refuted,silver_unresolved,Refuted,Refuted,Refuted,False,False,False,False,False,proposed_v2_coauthor_review,historical_v1_packets,True,True,True,True,True,True,A,A,False,False,False,False,False,structure_without_new_sentence_text,False,sentence_only_gold_agreeing,PENDING_FRESH_JUDGMENTS
grok,SA-000198,SA-000198,109898,resistant,Refuted,silver_clear_evidence_utilization_failure,Refuted,Refuted,Refuted,False,False,False,False,False,proposed_v2_coauthor_review,historical_v1_packets,True,True,True,True,True,True,A,A,False,False,False,False,False,structure_without_new_sentence_text,True,sentence_only_gold_agreeing,PENDING_FRESH_JUDGMENTS
grok,SA-000199,SA-000199,73443,resistant,Refuted,silver_clear_evidence_utilization_failure,Supported,Supported,Supported,False,False,False,False,False,proposed_v2_coauthor_review,historical_v1_packets,True,False,True,False,True,False,A,none,False,False,False,False,False,structure_without_new_sentence_text,False,decisive_judge_fever_disagreement,PENDING_FRESH_JUDGMENTS
grok,SA-000200,SA-000200,221086,regression,Refuted,silver_clear_evidence_utilization_failure,Refuted,Refuted,Refuted,False,False,False,False,False,proposed_v2_coauthor_review,historical_v1_packets,True,True,True,True,True,True,A,A,False,False,False,False,False,structure_without_new_sentence_text,True,sentence_only_gold_agreeing,PENDING_FRESH_JUDGMENTS
grok,SA-000201,SA-000201,6833,rescue,Supported,silver_unresolved,Supported,Supported,Supported,False,False,False,False,False,proposed_v2_coauthor_review,historical_v1_packets,True,True,True,True,True,True,A,A,False,False,False,False,False,structure_without_new_sentence_text,False,sentence_only_gold_agreeing,PENDING_FRESH_JUDGMENTS
grok,SA-000202,SA-000202,54742,regression,Supported,silver_partial_or_ambiguous_warrant,Ambiguous,Ambiguous,Ambiguous,True,False,False,False,False,proposed_v2_coauthor_review,historical_v1_packets,False,,False,,False,,none,none,False,False,False,False,False,structure_without_new_sentence_text,False,final_nondecisive,PENDING_FRESH_JUDGMENTS
grok,SA-000203,SA-000203,130248,regression,Supported,silver_partial_or_ambiguous_warrant,Ambiguous,Ambiguous,Ambiguous,True,False,False,False,False,proposed_v2_coauthor_review,historical_v1_packets,False,,False,,False,,none,none,False,False,False,False,False,structure_without_new_sentence_text,False,final_nondecisive,PENDING_FRESH_JUDGMENTS
grok,SA-000204,SA-000204,12820,regression,Supported,silver_clear_evidence_utilization_failure,Supported,Supported,Supported,False,False,False,False,False,proposed_v2_coauthor_review,historical_v1_packets,True,True,True,True,True,True,A,A,False,False,False,False,False,structure_without_new_sentence_text,True,sentence_only_gold_agreeing,PENDING_FRESH_JUDGMENTS
grok,SA-000205,SA-000205,64769,resistant,Supported,silver_clear_evidence_utilization_failure,Refuted,Refuted,Refuted,False,False,False,False,False,proposed_v2_coauthor_review,historical_v1_packets,True,False,True,False,True,False,A,none,False,False,False,False,False,structure_without_new_sentence_text,False,decisive_judge_fever_disagreement,PENDING_FRESH_JUDGMENTS
grok,SA-000206,SA-000206,133843,regression,Supported,silver_clear_evidence_utilization_failure,Supported,Supported,Supported,False,False,False,False,False,proposed_v2_coauthor_review,historical_v1_packets,True,True,True,True,True,True,A,A,False,False,False,False,False,structure_without_new_sentence_text,True,sentence_only_gold_agreeing,PENDING_FRESH_JUDGMENTS
grok,SA-000207,SA-000207,221131,robust,Refuted,silver_unresolved,Refuted,Refuted,Refuted,False,False,False,False,False,proposed_v2_coauthor_review,historical_v1_packets,True,True,True,True,True,True,A,A,False,False,False,False,False,structure_without_new_sentence_text,False,sentence_only_gold_agreeing,PENDING_FRESH_JUDGMENTS
grok,SA-000208,SA-000208,11290,rescue,Refuted,silver_structured_evidence_sensitive,Ambiguous,Refuted,Refuted,False,True,False,False,False,proposed_v2_coauthor_review,historical_v1_packets,False,,True,True,True,True,B,B,True,False,False,False,False,structure_without_new_sentence_text,False,title_disclosure_gold_agreeing,PENDING_FRESH_JUDGMENTS
grok,SA-000209,SA-000209,151576,robust,Supported,silver_unresolved,Supported,Supported,Supported,False,False,False,False,False,proposed_v2_coauthor_review,historical_v1_packets,True,True,True,True,True,True,A,A,False,False,False,False,False,additional_sentence_text_and_structure,False,sentence_only_gold_agreeing,PENDING_FRESH_JUDGMENTS
grok,SA-000210,SA-000210,18355,robust,Refuted,silver_structured_evidence_sensitive,Ambiguous,Refuted,Refuted,False,True,False,False,False,proposed_v2_coauthor_review,historical_v1_packets,False,,True,True,True,True,B,B,True,False,False,False,False,structure_without_new_sentence_text,False,title_disclosure_gold_agreeing,PENDING_FRESH_JUDGMENTS
grok,SA-000211,SA-000211,172713,resistant,Refuted,silver_partial_or_ambiguous_warrant,Ambiguous,Ambiguous,Ambiguous,True,False,False,False,False,proposed_v2_coauthor_review,historical_v1_packets,False,,False,,False,,none,none,False,False,False,False,False,structure_without_new_sentence_text,False,final_nondecisive,PENDING_FRESH_JUDGMENTS
grok,SA-000212,SA-000212,194344,resistant,Refuted,silver_clear_evidence_utilization_failure,Supported,Supported,Supported,False,False,False,False,False,proposed_v2_coauthor_review,historical_v1_packets,True,False,True,False,True,False,A,none,False,False,False,False,False,structure_without_new_sentence_text,False,decisive_judge_fever_disagreement,PENDING_FRESH_JUDGMENTS
grok,SA-000213,SA-000213,226100,robust,Refuted,silver_structured_evidence_sensitive,Ambiguous,Refuted,Refuted,False,True,False,False,False,proposed_v2_coauthor_review,historical_v1_packets,False,,True,True,True,True,B,B,True,False,False,False,False,structure_without_new_sentence_text,False,title_disclosure_gold_agreeing,PENDING_FRESH_JUDGMENTS
grok,SA-000214,SA-000214,37929,rescue,Supported,silver_structured_evidence_sensitive,Ambiguous,Supported,Supported,False,True,False,False,False,proposed_v2_coauthor_review,historical_v1_packets,False,,True,True,True,True,B,B,True,False,False,False,False,structure_without_new_sentence_text,False,title_disclosure_gold_agreeing,PENDING_FRESH_JUDGMENTS
grok,SA-000215,SA-000215,87760,regression,Refuted,silver_structured_evidence_sensitive,Ambiguous,Refuted,Refuted,False,True,False,False,False,proposed_v2_coauthor_review,historical_v1_packets,False,,True,True,True,True,B,B,True,False,False,False,False,structure_without_new_sentence_text,False,title_disclosure_gold_agreeing,PENDING_FRESH_JUDGMENTS
grok,SA-000216,SA-000216,227093,robust,Supported,silver_structured_evidence_sensitive,Ambiguous,Supported,Supported,False,True,False,False,False,proposed_v2_coauthor_review,historical_v1_packets,False,,True,True,True,True,B,B,True,False,False,False,False,structure_without_new_sentence_text,False,title_disclosure_gold_agreeing,PENDING_FRESH_JUDGMENTS
grok,SA-000217,SA-000217,205129,resistant,Supported,silver_clear_evidence_utilization_failure,Supported,Supported,Supported,False,False,False,False,False,proposed_v2_coauthor_review,historical_v1_packets,True,True,True,True,True,True,A,A,False,False,False,False,False,additional_sentence_text_and_structure,True,sentence_only_gold_agreeing,PENDING_FRESH_JUDGMENTS
grok,SA-000218,SA-000218,88110,resistant,Supported,silver_partial_or_ambiguous_warrant,Ambiguous,Ambiguous,Ambiguous,True,False,False,False,False,proposed_v2_coauthor_review,historical_v1_packets,False,,False,,False,,none,none,False,False,False,False,False,structure_without_new_sentence_text,False,final_nondecisive,PENDING_FRESH_JUDGMENTS
grok,SA-000219,SA-000219,86279,resistant,Refuted,silver_structured_evidence_sensitive,Ambiguous,Refuted,Refuted,False,True,False,False,False,proposed_v2_coauthor_review,historical_v1_packets,False,,True,True,True,True,B,B,True,False,False,False,False,structure_without_new_sentence_text,False,title_disclosure_gold_agreeing,PENDING_FRESH_JUDGMENTS
grok,SA-000220,SA-000220,165653,resistant,Refuted,silver_partial_or_ambiguous_warrant,Ambiguous,Ambiguous,Ambiguous,True,False,False,False,False,proposed_v2_coauthor_review,historical_v1_packets,False,,False,,False,,none,none,False,False,False,False,False,structure_without_new_sentence_text,False,final_nondecisive,PENDING_FRESH_JUDGMENTS
grok,SA-000221,SA-000221,119878,resistant,Refuted,silver_clear_evidence_utilization_failure,Refuted,Refuted,Refuted,False,False,False,False,False,proposed_v2_coauthor_review,historical_v1_packets,True,True,True,True,True,True,A,A,False,False,False,False,False,structure_without_new_sentence_text,True,sentence_only_gold_agreeing,PENDING_FRESH_JUDGMENTS
grok,SA-000222,SA-000222,200296,robust,Refuted,silver_structured_evidence_sensitive,Ambiguous,Refuted,Refuted,False,True,False,False,False,proposed_v2_coauthor_review,historical_v1_packets,False,,True,True,True,True,B,B,True,False,False,False,False,structure_without_new_sentence_text,False,title_disclosure_gold_agreeing,PENDING_FRESH_JUDGMENTS
grok,SA-000223,SA-000223,166919,rescue,Supported,silver_structured_evidence_sensitive,Ambiguous,Supported,Supported,False,True,False,False,False,proposed_v2_coauthor_review,historical_v1_packets,False,,True,True,True,True,B,B,True,False,False,False,False,structure_without_new_sentence_text,False,title_disclosure_gold_agreeing,PENDING_FRESH_JUDGMENTS
grok,SA-000224,SA-000224,369,resistant,Refuted,silver_partial_or_ambiguous_warrant,Ambiguous,Ambiguous,Ambiguous,True,False,False,False,False,proposed_v2_coauthor_review,historical_v1_packets,False,,False,,False,,none,none,False,False,False,False,False,structure_without_new_sentence_text,False,final_nondecisive,PENDING_FRESH_JUDGMENTS
grok,SA-000225,SA-000225,76562,resistant,Refuted,silver_clear_evidence_utilization_failure,Supported,Supported,Supported,False,False,False,False,False,proposed_v2_coauthor_review,historical_v1_packets,True,False,True,False,True,False,A,none,False,False,False,False,False,structure_without_new_sentence_text,False,decisive_judge_fever_disagreement,PENDING_FRESH_JUDGMENTS
grok,SA-000226,SA-000226,187775,robust,Supported,silver_structured_evidence_sensitive,Ambiguous,Supported,Supported,False,True,False,False,False,proposed_v2_coauthor_review,historical_v1_packets,False,,True,True,True,True,B,B,True,False,False,False,False,structure_without_new_sentence_text,False,title_disclosure_gold_agreeing,PENDING_FRESH_JUDGMENTS
grok,SA-000227,SA-000227,7762,robust,Supported,silver_unresolved,Supported,Supported,Supported,False,False,False,False,False,proposed_v2_coauthor_review,historical_v1_packets,True,True,True,True,True,True,A,A,False,False,False,False,False,additional_sentence_text_and_structure,False,sentence_only_gold_agreeing,PENDING_FRESH_JUDGMENTS
grok,SA-000228,SA-000228,224378,rescue,Supported,silver_structured_evidence_sensitive,Ambiguous,Supported,Supported,False,True,False,False,False,proposed_v2_coauthor_review,historical_v1_packets,False,,True,True,True,True,B,B,True,False,False,False,False,structure_without_new_sentence_text,False,title_disclosure_gold_agreeing,PENDING_FRESH_JUDGMENTS
grok,SA-000229,SA-000229,107667,rescue,Supported,silver_partial_or_ambiguous_warrant,Ambiguous,Ambiguous,Ambiguous,True,False,False,False,False,proposed_v2_coauthor_review,historical_v1_packets,False,,False,,False,,none,none,False,False,False,False,False,structure_without_new_sentence_text,False,final_nondecisive,PENDING_FRESH_JUDGMENTS
grok,SA-000230,SA-000230,103003,regression,Supported,silver_partial_or_ambiguous_warrant,Ambiguous,Ambiguous,Ambiguous,True,False,False,False,False,proposed_v2_coauthor_review,historical_v1_packets,False,,False,,False,,none,none,False,False,False,False,False,structure_without_new_sentence_text,False,final_nondecisive,PENDING_FRESH_JUDGMENTS
grok,SA-000231,SA-000231,113686,resistant,Supported,silver_partial_or_ambiguous_warrant,Ambiguous,Ambiguous,Ambiguous,True,False,False,False,False,proposed_v2_coauthor_review,historical_v1_packets,False,,False,,False,,none,none,False,False,False,False,False,structure_without_new_sentence_text,False,final_nondecisive,PENDING_FRESH_JUDGMENTS
grok,SA-000232,SA-000232,212333,rescue,Supported,silver_unresolved,Supported,Supported,Supported,False,False,False,False,False,proposed_v2_coauthor_review,historical_v1_packets,True,True,True,True,True,True,A,A,False,False,False,False,False,structure_without_new_sentence_text,False,sentence_only_gold_agreeing,PENDING_FRESH_JUDGMENTS
grok,SA-000233,SA-000233,104178,robust,Supported,silver_unresolved,Supported,Supported,Supported,False,False,False,False,False,proposed_v2_coauthor_review,historical_v1_packets,True,True,True,True,True,True,A,A,False,False,False,False,False,additional_sentence_text_and_structure,False,sentence_only_gold_agreeing,PENDING_FRESH_JUDGMENTS
grok,SA-000234,SA-000234,1667,resistant,Supported,silver_structured_evidence_sensitive,Ambiguous,Refuted,Refuted,False,True,False,False,False,proposed_v2_coauthor_review,historical_v1_packets,False,,True,False,True,False,B,none,True,False,False,False,False,additional_sentence_text_and_structure,False,decisive_judge_fever_disagreement,PENDING_FRESH_JUDGMENTS
grok,SA-000235,SA-000235,219149,rescue,Refuted,silver_unresolved,Refuted,Refuted,Refuted,False,False,False,False,False,proposed_v2_coauthor_review,historical_v1_packets,True,True,True,True,True,True,A,A,False,False,False,False,False,structure_without_new_sentence_text,False,sentence_only_gold_agreeing,PENDING_FRESH_JUDGMENTS
grok,SA-000236,SA-000236,32891,resistant,Refuted,silver_partial_or_ambiguous_warrant,Ambiguous,Ambiguous,Ambiguous,True,False,False,False,False,proposed_v2_coauthor_review,historical_v1_packets,False,,False,,False,,none,none,False,False,False,False,False,structure_without_new_sentence_text,False,final_nondecisive,PENDING_FRESH_JUDGMENTS
grok,SA-000237,SA-000237,4100,resistant,Supported,silver_structured_evidence_sensitive,Ambiguous,Refuted,Refuted,False,True,False,False,False,proposed_v2_coauthor_review,historical_v1_packets,False,,True,False,True,False,B,none,True,False,False,False,False,additional_sentence_text_and_structure,False,decisive_judge_fever_disagreement,PENDING_FRESH_JUDGMENTS
grok,SA-000238,SA-000238,79420,regression,Supported,silver_structured_evidence_sensitive,Ambiguous,Ambiguous,Refuted,False,False,True,False,False,proposed_v2_coauthor_review,historical_v1_packets,False,,False,,True,False,C,none,False,True,False,False,False,structure_without_new_sentence_text,False,decisive_judge_fever_disagreement,PENDING_FRESH_JUDGMENTS
grok,SA-000239,SA-000239,120190,resistant,Refuted,silver_partial_or_ambiguous_warrant,Ambiguous,Ambiguous,Ambiguous,True,False,False,False,False,proposed_v2_coauthor_review,historical_v1_packets,False,,False,,False,,none,none,False,False,False,False,False,structure_without_new_sentence_text,False,final_nondecisive,PENDING_FRESH_JUDGMENTS
grok,SA-000240,SA-000240,162662,regression,Supported,silver_partial_or_ambiguous_warrant,Ambiguous,Ambiguous,Ambiguous,True,False,False,False,False,proposed_v2_coauthor_review,historical_v1_packets,False,,False,,False,,none,none,False,False,False,False,False,structure_without_new_sentence_text,False,final_nondecisive,PENDING_FRESH_JUDGMENTS
grok,SA-000241,SA-000241,211027,robust,Refuted,silver_structured_evidence_sensitive,Unresolved,Refuted,Refuted,False,True,False,False,False,proposed_v2_coauthor_review,historical_v1_packets,False,,True,True,True,True,B,B,True,False,False,False,False,structure_without_new_sentence_text,False,title_disclosure_gold_agreeing,PENDING_FRESH_JUDGMENTS
grok,SA-000242,SA-000242,38082,rescue,Supported,silver_unresolved,Supported,Supported,Supported,False,False,False,False,False,proposed_v2_coauthor_review,historical_v1_packets,True,True,True,True,True,True,A,A,False,False,False,False,False,structure_without_new_sentence_text,False,sentence_only_gold_agreeing,PENDING_FRESH_JUDGMENTS
grok,SA-000243,SA-000243,128115,robust,Refuted,silver_structured_evidence_sensitive,Ambiguous,Refuted,Refuted,False,True,False,False,False,proposed_v2_coauthor_review,historical_v1_packets,False,,True,True,True,True,B,B,True,False,False,False,False,additional_sentence_text_and_structure,False,title_disclosure_gold_agreeing,PENDING_FRESH_JUDGMENTS
grok,SA-000244,SA-000244,218237,rescue,Supported,silver_unresolved,Supported,Supported,Supported,False,False,False,False,False,proposed_v2_coauthor_review,historical_v1_packets,True,True,True,True,True,True,A,A,False,False,False,False,False,structure_without_new_sentence_text,False,sentence_only_gold_agreeing,PENDING_FRESH_JUDGMENTS
grok,SA-000245,SA-000245,144418,robust,Refuted,silver_unresolved,Refuted,Refuted,Refuted,False,False,False,False,False,proposed_v2_coauthor_review,historical_v1_packets,True,True,True,True,True,True,A,A,False,False,False,False,False,structure_without_new_sentence_text,False,sentence_only_gold_agreeing,PENDING_FRESH_JUDGMENTS
grok,SA-000246,SA-000246,10103,rescue,Refuted,silver_structured_evidence_sensitive,Ambiguous,Refuted,Refuted,False,True,False,False,False,proposed_v2_coauthor_review,historical_v1_packets,False,,True,True,True,True,B,B,True,False,False,False,False,structure_without_new_sentence_text,False,title_disclosure_gold_agreeing,PENDING_FRESH_JUDGMENTS
grok,SA-000247,SA-000247,175725,robust,Supported,silver_unresolved,Supported,Supported,Supported,False,False,False,False,False,proposed_v2_coauthor_review,historical_v1_packets,True,True,True,True,True,True,A,A,False,False,False,False,False,structure_without_new_sentence_text,False,sentence_only_gold_agreeing,PENDING_FRESH_JUDGMENTS
grok,SA-000248,SA-000248,198545,regression,Supported,silver_partial_or_ambiguous_warrant,Ambiguous,Ambiguous,Ambiguous,True,False,False,False,False,proposed_v2_coauthor_review,historical_v1_packets,False,,False,,False,,none,none,False,False,False,False,False,structure_without_new_sentence_text,False,final_nondecisive,PENDING_FRESH_JUDGMENTS
grok,SA-000249,SA-000249,118806,rescue,Supported,silver_structured_evidence_sensitive,Ambiguous,Supported,Supported,False,True,False,False,False,proposed_v2_coauthor_review,historical_v1_packets,False,,True,True,True,True,B,B,True,False,False,False,False,structure_without_new_sentence_text,False,title_disclosure_gold_agreeing,PENDING_FRESH_JUDGMENTS
grok,SA-000250,SA-000250,130833,regression,Supported,silver_clear_evidence_utilization_failure,Refuted,Refuted,Refuted,False,False,False,False,False,proposed_v2_coauthor_review,historical_v1_packets,True,False,True,False,True,False,A,none,False,False,False,False,False,structure_without_new_sentence_text,False,decisive_judge_fever_disagreement,PENDING_FRESH_JUDGMENTS
grok,SA-000251,SA-000251,169918,rescue,Refuted,silver_unresolved,Refuted,Refuted,Refuted,False,False,False,False,False,proposed_v2_coauthor_review,historical_v1_packets,True,True,True,True,True,True,A,A,False,False,False,False,False,structure_without_new_sentence_text,False,sentence_only_gold_agreeing,PENDING_FRESH_JUDGMENTS
grok,SA-000252,SA-000252,83043,resistant,Supported,silver_structured_evidence_sensitive,Ambiguous,Refuted,Refuted,False,True,False,False,False,proposed_v2_coauthor_review,historical_v1_packets,False,,True,False,True,False,B,none,True,False,False,False,False,structure_without_new_sentence_text,False,decisive_judge_fever_disagreement,PENDING_FRESH_JUDGMENTS
grok,SA-000253,SA-000253,19494,robust,Supported,silver_unresolved,Supported,Supported,Supported,False,False,False,False,False,proposed_v2_coauthor_review,historical_v1_packets,True,True,True,True,True,True,A,A,False,False,False,False,False,structure_without_new_sentence_text,False,sentence_only_gold_agreeing,PENDING_FRESH_JUDGMENTS
grok,SA-000254,SA-000254,65864,rescue,Refuted,silver_unresolved,Refuted,Refuted,Refuted,False,False,False,False,False,proposed_v2_coauthor_review,historical_v1_packets,True,True,True,True,True,True,A,A,False,False,False,False,False,structure_without_new_sentence_text,False,sentence_only_gold_agreeing,PENDING_FRESH_JUDGMENTS
grok,SA-000255,SA-000255,144302,resistant,Refuted,silver_partial_or_ambiguous_warrant,Ambiguous,Ambiguous,Ambiguous,True,False,False,False,False,proposed_v2_coauthor_review,historical_v1_packets,False,,False,,False,,none,none,False,False,False,False,False,structure_without_new_sentence_text,False,final_nondecisive,PENDING_FRESH_JUDGMENTS
grok,SA-000256,SA-000256,21899,resistant,Supported,silver_partial_or_ambiguous_warrant,Ambiguous,Ambiguous,Ambiguous,True,False,False,False,False,proposed_v2_coauthor_review,historical_v1_packets,False,,False,,False,,none,none,False,False,False,False,False,structure_without_new_sentence_text,False,final_nondecisive,PENDING_FRESH_JUDGMENTS
grok,SA-000257,SA-000257,180573,robust,Refuted,silver_unresolved,Refuted,Refuted,Refuted,False,False,False,False,False,proposed_v2_coauthor_review,historical_v1_packets,True,True,True,True,True,True,A,A,False,False,False,False,False,additional_sentence_text_and_structure,False,sentence_only_gold_agreeing,PENDING_FRESH_JUDGMENTS
grok,SA-000258,SA-000258,208422,rescue,Supported,silver_unresolved,Supported,Supported,Supported,False,False,False,False,False,proposed_v2_coauthor_review,historical_v1_packets,True,True,True,True,True,True,A,A,False,False,False,False,False,structure_without_new_sentence_text,False,sentence_only_gold_agreeing,PENDING_FRESH_JUDGMENTS
grok,SA-000259,SA-000259,217684,robust,Refuted,silver_unresolved,Refuted,Refuted,Refuted,False,False,False,False,False,proposed_v2_coauthor_review,historical_v1_packets,True,True,True,True,True,True,A,A,False,False,False,False,False,additional_sentence_text_and_structure,False,sentence_only_gold_agreeing,PENDING_FRESH_JUDGMENTS
grok,SA-000260,SA-000260,194020,resistant,Supported,silver_structured_evidence_sensitive,Ambiguous,Refuted,Refuted,False,True,False,False,False,proposed_v2_coauthor_review,historical_v1_packets,False,,True,False,True,False,B,none,True,False,False,False,False,structure_without_new_sentence_text,False,decisive_judge_fever_disagreement,PENDING_FRESH_JUDGMENTS
grok,SA-000261,SA-000261,76166,resistant,Refuted,silver_clear_evidence_utilization_failure,Supported,Supported,Supported,False,False,False,False,False,proposed_v2_coauthor_review,historical_v1_packets,True,False,True,False,True,False,A,none,False,False,False,False,False,additional_sentence_text_and_structure,False,decisive_judge_fever_disagreement,PENDING_FRESH_JUDGMENTS
grok,SA-000262,SA-000262,99511,regression,Refuted,silver_partial_or_ambiguous_warrant,Ambiguous,Ambiguous,Ambiguous,True,False,False,False,False,proposed_v2_coauthor_review,historical_v1_packets,False,,False,,False,,none,none,False,False,False,False,False,additional_sentence_text_and_structure,False,final_nondecisive,PENDING_FRESH_JUDGMENTS
grok,SA-000263,SA-000263,145572,robust,Refuted,silver_unresolved,Refuted,Refuted,Refuted,False,False,False,False,False,proposed_v2_coauthor_review,historical_v1_packets,True,True,True,True,True,True,A,A,False,False,False,False,False,structure_without_new_sentence_text,False,sentence_only_gold_agreeing,PENDING_FRESH_JUDGMENTS
grok,SA-000264,SA-000264,191433,regression,Supported,silver_structured_evidence_sensitive,Ambiguous,Supported,Supported,False,True,False,False,False,proposed_v2_coauthor_review,historical_v1_packets,False,,True,True,True,True,B,B,True,False,False,False,False,structure_without_new_sentence_text,False,title_disclosure_gold_agreeing,PENDING_FRESH_JUDGMENTS
grok,SA-000265,SA-000265,136290,resistant,Supported,silver_clear_evidence_utilization_failure,Supported,Supported,Supported,False,False,False,False,False,proposed_v2_coauthor_review,historical_v1_packets,True,True,True,True,True,True,A,A,False,False,False,False,False,structure_without_new_sentence_text,True,sentence_only_gold_agreeing,PENDING_FRESH_JUDGMENTS
grok,SA-000266,SA-000266,180574,robust,Refuted,silver_structured_evidence_sensitive,Ambiguous,Refuted,Refuted,False,True,False,False,False,proposed_v2_coauthor_review,historical_v1_packets,False,,True,True,True,True,B,B,True,False,False,False,False,structure_without_new_sentence_text,False,title_disclosure_gold_agreeing,PENDING_FRESH_JUDGMENTS
grok,SA-000267,SA-000267,71706,rescue,Supported,silver_unresolved,Supported,Supported,Supported,False,False,False,False,False,proposed_v2_coauthor_review,historical_v1_packets,True,True,True,True,True,True,A,A,False,False,False,False,False,additional_sentence_text_and_structure,False,sentence_only_gold_agreeing,PENDING_FRESH_JUDGMENTS
grok,SA-000268,SA-000268,118593,resistant,Refuted,silver_clear_evidence_utilization_failure,Supported,Supported,Supported,False,False,False,False,False,proposed_v2_coauthor_review,historical_v1_packets,True,False,True,False,True,False,A,none,False,False,False,False,False,structure_without_new_sentence_text,False,decisive_judge_fever_disagreement,PENDING_FRESH_JUDGMENTS
grok,SA-000269,SA-000269,145797,robust,Supported,silver_unresolved,Supported,Supported,Supported,False,False,False,False,False,proposed_v2_coauthor_review,historical_v1_packets,True,True,True,True,True,True,A,A,False,False,False,False,False,structure_without_new_sentence_text,False,sentence_only_gold_agreeing,PENDING_FRESH_JUDGMENTS
grok,SA-000270,SA-000270,101583,robust,Refuted,silver_unresolved,Refuted,Refuted,Refuted,False,False,False,False,False,proposed_v2_coauthor_review,historical_v1_packets,True,True,True,True,True,True,A,A,False,False,False,False,False,additional_sentence_text_and_structure,False,sentence_only_gold_agreeing,PENDING_FRESH_JUDGMENTS
grok,SA-000271,SA-000271,66557,robust,Refuted,silver_unresolved,Refuted,Refuted,Refuted,False,False,False,False,False,proposed_v2_coauthor_review,historical_v1_packets,True,True,True,True,True,True,A,A,False,False,False,False,False,structure_without_new_sentence_text,False,sentence_only_gold_agreeing,PENDING_FRESH_JUDGMENTS
grok,SA-000272,SA-000272,101506,robust,Supported,silver_unresolved,Supported,Supported,Supported,False,False,False,False,False,proposed_v2_coauthor_review,historical_v1_packets,True,True,True,True,True,True,A,A,False,False,False,False,False,structure_without_new_sentence_text,False,sentence_only_gold_agreeing,PENDING_FRESH_JUDGMENTS
grok,SA-000273,SA-000273,129066,regression,Supported,silver_clear_evidence_utilization_failure,Refuted,Refuted,Refuted,False,False,False,False,False,proposed_v2_coauthor_review,historical_v1_packets,True,False,True,False,True,False,A,none,False,False,False,False,False,structure_without_new_sentence_text,False,decisive_judge_fever_disagreement,PENDING_FRESH_JUDGMENTS
grok,SA-000274,SA-000274,195020,regression,Refuted,silver_partial_or_ambiguous_warrant,Refuted,Ambiguous,Ambiguous,True,False,False,False,False,proposed_v2_coauthor_review,historical_v1_packets,True,True,False,,False,,A,A,False,False,False,False,True,structure_without_new_sentence_text,True,final_nondecisive,PENDING_FRESH_JUDGMENTS
grok,SA-000275,SA-000275,91508,robust,Supported,silver_structured_evidence_sensitive,Ambiguous,Supported,Supported,False,True,False,False,False,proposed_v2_coauthor_review,historical_v1_packets,False,,True,True,True,True,B,B,True,False,False,False,False,structure_without_new_sentence_text,False,title_disclosure_gold_agreeing,PENDING_FRESH_JUDGMENTS
grok,SA-000276,SA-000276,39018,regression,Refuted,silver_structured_evidence_sensitive,Ambiguous,Unresolved,Refuted,False,False,True,False,False,proposed_v2_coauthor_review,historical_v1_packets,False,,False,,True,True,C,C,False,True,False,False,False,structure_without_new_sentence_text,False,structured_disclosure_gold_agreeing,PENDING_FRESH_JUDGMENTS
grok,SA-000277,SA-000277,127128,resistant,Refuted,silver_clear_evidence_utilization_failure,Refuted,Refuted,Refuted,False,False,False,False,False,proposed_v2_coauthor_review,historical_v1_packets,True,True,True,True,True,True,A,A,False,False,False,False,False,additional_sentence_text_and_structure,True,sentence_only_gold_agreeing,PENDING_FRESH_JUDGMENTS
grok,SA-000278,SA-000278,21959,resistant,Supported,silver_partial_or_ambiguous_warrant,Ambiguous,Ambiguous,Ambiguous,True,False,False,False,False,proposed_v2_coauthor_review,historical_v1_packets,False,,False,,False,,none,none,False,False,False,False,False,structure_without_new_sentence_text,False,final_nondecisive,PENDING_FRESH_JUDGMENTS
grok,SA-000279,SA-000279,10692,rescue,Supported,silver_unresolved,Supported,Supported,Supported,False,False,False,False,False,proposed_v2_coauthor_review,historical_v1_packets,True,True,True,True,True,True,A,A,False,False,False,False,False,structure_without_new_sentence_text,False,sentence_only_gold_agreeing,PENDING_FRESH_JUDGMENTS
grok,SA-000280,SA-000280,130963,resistant,Supported,silver_partial_or_ambiguous_warrant,Ambiguous,Ambiguous,Ambiguous,True,False,False,False,False,proposed_v2_coauthor_review,historical_v1_packets,False,,False,,False,,none,none,False,False,False,False,False,structure_without_new_sentence_text,False,final_nondecisive,PENDING_FRESH_JUDGMENTS
grok,SA-000281,SA-000281,91889,resistant,Refuted,silver_structured_evidence_sensitive,Ambiguous,Refuted,Refuted,False,True,False,False,False,proposed_v2_coauthor_review,historical_v1_packets,False,,True,True,True,True,B,B,True,False,False,False,False,structure_without_new_sentence_text,False,title_disclosure_gold_agreeing,PENDING_FRESH_JUDGMENTS
grok,SA-000282,SA-000282,9235,resistant,Supported,silver_clear_evidence_utilization_failure,Refuted,Refuted,Refuted,False,False,False,False,False,proposed_v2_coauthor_review,historical_v1_packets,True,False,True,False,True,False,A,none,False,False,False,False,False,structure_without_new_sentence_text,False,decisive_judge_fever_disagreement,PENDING_FRESH_JUDGMENTS
grok,SA-000283,SA-000283,3063,resistant,Supported,silver_structured_evidence_sensitive,Unresolved,Ambiguous,Refuted,False,False,True,False,False,proposed_v2_coauthor_review,historical_v1_packets,False,,False,,True,False,C,none,False,True,False,False,False,structure_without_new_sentence_text,False,decisive_judge_fever_disagreement,PENDING_FRESH_JUDGMENTS
grok,SA-000284,SA-000284,41091,robust,Supported,silver_structured_evidence_sensitive,Ambiguous,Supported,Supported,False,True,False,False,False,proposed_v2_coauthor_review,historical_v1_packets,False,,True,True,True,True,B,B,True,False,False,False,False,structure_without_new_sentence_text,False,title_disclosure_gold_agreeing,PENDING_FRESH_JUDGMENTS
grok,SA-000285,SA-000285,121157,rescue,Refuted,silver_partial_or_ambiguous_warrant,Ambiguous,Ambiguous,Ambiguous,True,False,False,False,False,proposed_v2_coauthor_review,historical_v1_packets,False,,False,,False,,none,none,False,False,False,False,False,structure_without_new_sentence_text,False,final_nondecisive,PENDING_FRESH_JUDGMENTS
grok,SA-000286,SA-000286,168999,resistant,Refuted,silver_partial_or_ambiguous_warrant,Ambiguous,Ambiguous,Ambiguous,True,False,False,False,False,proposed_v2_coauthor_review,historical_v1_packets,False,,False,,False,,none,none,False,False,False,False,False,structure_without_new_sentence_text,False,final_nondecisive,PENDING_FRESH_JUDGMENTS
grok,SA-000287,SA-000287,73261,robust,Refuted,silver_structured_evidence_sensitive,Ambiguous,Refuted,Refuted,False,True,False,False,False,proposed_v2_coauthor_review,historical_v1_packets,False,,True,True,True,True,B,B,True,False,False,False,False,structure_without_new_sentence_text,False,title_disclosure_gold_agreeing,PENDING_FRESH_JUDGMENTS
grok,SA-000288,SA-000288,212321,rescue,Refuted,silver_unresolved,Refuted,Refuted,Refuted,False,False,False,False,False,proposed_v2_coauthor_review,historical_v1_packets,True,True,True,True,True,True,A,A,False,False,False,False,False,structure_without_new_sentence_text,False,sentence_only_gold_agreeing,PENDING_FRESH_JUDGMENTS
grok,SA-000289,SA-000289,1544,robust,Supported,silver_unresolved,Supported,Supported,Supported,False,False,False,False,False,proposed_v2_coauthor_review,historical_v1_packets,True,True,True,True,True,True,A,A,False,False,False,False,False,structure_without_new_sentence_text,False,sentence_only_gold_agreeing,PENDING_FRESH_JUDGMENTS
grok,SA-000290,SA-000290,192961,rescue,Supported,silver_structured_evidence_sensitive,Ambiguous,Supported,Supported,False,True,False,False,False,proposed_v2_coauthor_review,historical_v1_packets,False,,True,True,True,True,B,B,True,False,False,False,False,structure_without_new_sentence_text,False,title_disclosure_gold_agreeing,PENDING_FRESH_JUDGMENTS
grok,SA-000291,SA-000291,8219,rescue,Supported,silver_unresolved,Supported,Supported,Supported,False,False,False,False,False,proposed_v2_coauthor_review,historical_v1_packets,True,True,True,True,True,True,A,A,False,False,False,False,False,structure_without_new_sentence_text,False,sentence_only_gold_agreeing,PENDING_FRESH_JUDGMENTS
grok,SA-000292,SA-000292,153539,rescue,Refuted,silver_unresolved,Refuted,Refuted,Refuted,False,False,False,False,False,proposed_v2_coauthor_review,historical_v1_packets,True,True,True,True,True,True,A,A,False,False,False,False,False,structure_without_new_sentence_text,False,sentence_only_gold_agreeing,PENDING_FRESH_JUDGMENTS
grok,SA-000293,SA-000293,216392,resistant,Supported,silver_partial_or_ambiguous_warrant,Ambiguous,Ambiguous,Ambiguous,True,False,False,False,False,proposed_v2_coauthor_review,historical_v1_packets,False,,False,,False,,none,none,False,False,False,False,False,structure_without_new_sentence_text,False,final_nondecisive,PENDING_FRESH_JUDGMENTS
grok,SA-000294,SA-000294,37097,regression,Supported,silver_structured_evidence_sensitive,Ambiguous,Ambiguous,Supported,False,False,True,False,False,proposed_v2_coauthor_review,historical_v1_packets,False,,False,,True,True,C,C,False,True,False,False,False,additional_sentence_text_and_structure,False,additional_evidence_gold_agreeing,PENDING_FRESH_JUDGMENTS
grok,SA-000295,SA-000295,194359,rescue,Supported,silver_structured_evidence_sensitive,Refuted,Unresolved,Refuted,False,False,True,False,False,proposed_v2_coauthor_review,historical_v1_packets,True,False,False,,True,False,A,none,False,True,False,False,True,structure_without_new_sentence_text,False,decisive_judge_fever_disagreement,PENDING_FRESH_JUDGMENTS
grok,SA-000296,SA-000296,175441,robust,Refuted,silver_structured_evidence_sensitive,Ambiguous,Refuted,Refuted,False,True,False,False,False,proposed_v2_coauthor_review,historical_v1_packets,False,,True,True,True,True,B,B,True,False,False,False,False,structure_without_new_sentence_text,False,title_disclosure_gold_agreeing,PENDING_FRESH_JUDGMENTS
grok,SA-000297,SA-000297,120836,resistant,Refuted,silver_clear_evidence_utilization_failure,Refuted,Refuted,Refuted,False,False,False,False,False,proposed_v2_coauthor_review,historical_v1_packets,True,True,True,True,True,True,A,A,False,False,False,False,False,structure_without_new_sentence_text,True,sentence_only_gold_agreeing,PENDING_FRESH_JUDGMENTS
grok,SA-000298,SA-000298,81046,robust,Supported,silver_unresolved,Supported,Supported,Supported,False,False,False,False,False,proposed_v2_coauthor_review,historical_v1_packets,True,True,True,True,True,True,A,A,False,False,False,False,False,structure_without_new_sentence_text,False,sentence_only_gold_agreeing,PENDING_FRESH_JUDGMENTS
grok,SA-000299,SA-000299,76867,regression,Supported,silver_clear_evidence_utilization_failure,Refuted,Refuted,Refuted,False,False,False,False,False,proposed_v2_coauthor_review,historical_v1_packets,True,False,True,False,True,False,A,none,False,False,False,False,False,structure_without_new_sentence_text,False,decisive_judge_fever_disagreement,PENDING_FRESH_JUDGMENTS
grok,SA-000300,SA-000300,86897,robust,Supported,silver_structured_evidence_sensitive,Ambiguous,Supported,Supported,False,True,False,False,False,proposed_v2_coauthor_review,historical_v1_packets,False,,True,True,True,True,B,B,True,False,False,False,False,structure_without_new_sentence_text,False,title_disclosure_gold_agreeing,PENDING_FRESH_JUDGMENTS
grok,SA-000301,SA-000301,117447,regression,Refuted,silver_clear_evidence_utilization_failure,Refuted,Refuted,Refuted,False,False,False,False,False,proposed_v2_coauthor_review,historical_v1_packets,True,True,True,True,True,True,A,A,False,False,False,False,False,structure_without_new_sentence_text,True,sentence_only_gold_agreeing,PENDING_FRESH_JUDGMENTS
grok,SA-000302,SA-000302,126958,resistant,Refuted,silver_clear_evidence_utilization_failure,Refuted,Refuted,Refuted,False,False,False,False,False,proposed_v2_coauthor_review,historical_v1_packets,True,True,True,True,True,True,A,A,False,False,False,False,False,structure_without_new_sentence_text,True,sentence_only_gold_agreeing,PENDING_FRESH_JUDGMENTS
grok,SA-000303,SA-000303,134387,resistant,Supported,silver_structured_evidence_sensitive,Ambiguous,Refuted,Refuted,False,True,False,False,False,proposed_v2_coauthor_review,historical_v1_packets,False,,True,False,True,False,B,none,True,False,False,False,False,structure_without_new_sentence_text,False,decisive_judge_fever_disagreement,PENDING_FRESH_JUDGMENTS
grok,SA-000304,SA-000304,83654,robust,Supported,silver_unresolved,Supported,Supported,Supported,False,False,False,False,False,proposed_v2_coauthor_review,historical_v1_packets,True,True,True,True,True,True,A,A,False,False,False,False,False,structure_without_new_sentence_text,False,sentence_only_gold_agreeing,PENDING_FRESH_JUDGMENTS
grok,SA-000305,SA-000305,17847,resistant,Refuted,silver_clear_evidence_utilization_failure,Supported,Supported,Supported,False,False,False,False,False,proposed_v2_coauthor_review,historical_v1_packets,True,False,True,False,True,False,A,none,False,False,False,False,False,structure_without_new_sentence_text,False,decisive_judge_fever_disagreement,PENDING_FRESH_JUDGMENTS
grok,SA-000306,SA-000306,199420,regression,Refuted,silver_clear_evidence_utilization_failure,Refuted,Refuted,Refuted,False,False,False,False,False,proposed_v2_coauthor_review,historical_v1_packets,True,True,True,True,True,True,A,A,False,False,False,False,False,structure_without_new_sentence_text,True,sentence_only_gold_agreeing,PENDING_FRESH_JUDGMENTS
grok,SA-000307,SA-000307,86242,resistant,Refuted,silver_clear_evidence_utilization_failure,Refuted,Refuted,Refuted,False,False,False,False,False,proposed_v2_coauthor_review,historical_v1_packets,True,True,True,True,True,True,A,A,False,False,False,False,False,structure_without_new_sentence_text,True,sentence_only_gold_agreeing,PENDING_FRESH_JUDGMENTS
grok,SA-000308,SA-000308,206454,rescue,Supported,silver_unresolved,Supported,Supported,Supported,False,False,False,False,False,proposed_v2_coauthor_review,historical_v1_packets,True,True,True,True,True,True,A,A,False,False,False,False,False,structure_without_new_sentence_text,False,sentence_only_gold_agreeing,PENDING_FRESH_JUDGMENTS
grok,SA-000309,SA-000309,109563,regression,Supported,silver_partial_or_ambiguous_warrant,Supported,Ambiguous,Ambiguous,True,False,False,False,False,proposed_v2_coauthor_review,historical_v1_packets,True,True,False,,False,,A,A,False,False,False,False,True,additional_sentence_text_and_structure,True,final_nondecisive,PENDING_FRESH_JUDGMENTS
grok,SA-000310,SA-000310,137429,resistant,Refuted,silver_clear_evidence_utilization_failure,Supported,Supported,Supported,False,False,False,False,False,proposed_v2_coauthor_review,historical_v1_packets,True,False,True,False,True,False,A,none,False,False,False,False,False,structure_without_new_sentence_text,False,decisive_judge_fever_disagreement,PENDING_FRESH_JUDGMENTS
grok,SA-000311,SA-000311,181274,resistant,Refuted,silver_clear_evidence_utilization_failure,Refuted,Refuted,Refuted,False,False,False,False,False,proposed_v2_coauthor_review,historical_v1_packets,True,True,True,True,True,True,A,A,False,False,False,False,False,structure_without_new_sentence_text,True,sentence_only_gold_agreeing,PENDING_FRESH_JUDGMENTS
grok,SA-000312,SA-000312,21716,regression,Supported,silver_clear_evidence_utilization_failure,Supported,Supported,Supported,False,False,False,False,False,proposed_v2_coauthor_review,historical_v1_packets,True,True,True,True,True,True,A,A,False,False,False,False,False,structure_without_new_sentence_text,True,sentence_only_gold_agreeing,PENDING_FRESH_JUDGMENTS
grok,SA-000313,SA-000313,89219,regression,Supported,silver_partial_or_ambiguous_warrant,Ambiguous,Ambiguous,Ambiguous,True,False,False,False,False,proposed_v2_coauthor_review,historical_v1_packets,False,,False,,False,,none,none,False,False,False,False,False,structure_without_new_sentence_text,False,final_nondecisive,PENDING_FRESH_JUDGMENTS
grok,SA-000314,SA-000314,183929,robust,Refuted,silver_unresolved,Refuted,Refuted,Refuted,False,False,False,False,False,proposed_v2_coauthor_review,historical_v1_packets,True,True,True,True,True,True,A,A,False,False,False,False,False,structure_without_new_sentence_text,False,sentence_only_gold_agreeing,PENDING_FRESH_JUDGMENTS
grok,SA-000315,SA-000315,199418,resistant,Refuted,silver_clear_evidence_utilization_failure,Refuted,Refuted,Refuted,False,False,False,False,False,proposed_v2_coauthor_review,historical_v1_packets,True,True,True,True,True,True,A,A,False,False,False,False,False,structure_without_new_sentence_text,True,sentence_only_gold_agreeing,PENDING_FRESH_JUDGMENTS
grok,SA-000316,SA-000316,61807,robust,Refuted,silver_unresolved,Refuted,Refuted,Refuted,False,False,False,False,False,proposed_v2_coauthor_review,historical_v1_packets,True,True,True,True,True,True,A,A,False,False,False,False,False,structure_without_new_sentence_text,False,sentence_only_gold_agreeing,PENDING_FRESH_JUDGMENTS
grok,SA-000317,SA-000317,160508,regression,Supported,silver_clear_evidence_utilization_failure,Refuted,Refuted,Refuted,False,False,False,False,False,proposed_v2_coauthor_review,historical_v1_packets,True,False,True,False,True,False,A,none,False,False,False,False,False,structure_without_new_sentence_text,False,decisive_judge_fever_disagreement,PENDING_FRESH_JUDGMENTS
grok,SA-000318,SA-000318,130325,resistant,Refuted,silver_clear_evidence_utilization_failure,Supported,Supported,Supported,False,False,False,False,False,proposed_v2_coauthor_review,historical_v1_packets,True,False,True,False,True,False,A,none,False,False,False,False,False,structure_without_new_sentence_text,False,decisive_judge_fever_disagreement,PENDING_FRESH_JUDGMENTS
grok,SA-000319,SA-000319,68893,resistant,Refuted,silver_clear_evidence_utilization_failure,Supported,Supported,Supported,False,False,False,False,False,proposed_v2_coauthor_review,historical_v1_packets,True,False,True,False,True,False,A,none,False,False,False,False,False,structure_without_new_sentence_text,False,decisive_judge_fever_disagreement,PENDING_FRESH_JUDGMENTS
grok,SA-000320,SA-000320,15155,resistant,Supported,silver_clear_evidence_utilization_failure,Refuted,Refuted,Refuted,False,False,False,False,False,proposed_v2_coauthor_review,historical_v1_packets,True,False,True,False,True,False,A,none,False,False,False,False,False,structure_without_new_sentence_text,False,decisive_judge_fever_disagreement,PENDING_FRESH_JUDGMENTS
grok,SA-000321,SA-000321,71082,resistant,Supported,silver_clear_evidence_utilization_failure,Refuted,Refuted,Refuted,False,False,False,False,False,proposed_v2_coauthor_review,historical_v1_packets,True,False,True,False,True,False,A,none,False,False,False,False,False,structure_without_new_sentence_text,False,decisive_judge_fever_disagreement,PENDING_FRESH_JUDGMENTS
grok,SA-000322,SA-000322,210206,resistant,Supported,silver_clear_evidence_utilization_failure,Refuted,Refuted,Refuted,False,False,False,False,False,proposed_v2_coauthor_review,historical_v1_packets,True,False,True,False,True,False,A,none,False,False,False,False,False,structure_without_new_sentence_text,False,decisive_judge_fever_disagreement,PENDING_FRESH_JUDGMENTS
grok,SA-000323,SA-000323,56960,resistant,Refuted,silver_clear_evidence_utilization_failure,Supported,Supported,Supported,False,False,False,False,False,proposed_v2_coauthor_review,historical_v1_packets,True,False,True,False,True,False,A,none,False,False,False,False,False,structure_without_new_sentence_text,False,decisive_judge_fever_disagreement,PENDING_FRESH_JUDGMENTS
grok,SA-000324,SA-000324,78725,regression,Supported,silver_clear_evidence_utilization_failure,Supported,Supported,Supported,False,False,False,False,False,proposed_v2_coauthor_review,historical_v1_packets,True,True,True,True,True,True,A,A,False,False,False,False,False,additional_sentence_text_and_structure,True,sentence_only_gold_agreeing,PENDING_FRESH_JUDGMENTS
grok,SA-000325,SA-000325,43041,rescue,Supported,silver_unresolved,Supported,Supported,Supported,False,False,False,False,False,proposed_v2_coauthor_review,historical_v1_packets,True,True,True,True,True,True,A,A,False,False,False,False,False,structure_without_new_sentence_text,False,sentence_only_gold_agreeing,PENDING_FRESH_JUDGMENTS
grok,SA-000326,SA-000326,220439,robust,Supported,silver_unresolved,Supported,Supported,Supported,False,False,False,False,False,proposed_v2_coauthor_review,historical_v1_packets,True,True,True,True,True,True,A,A,False,False,False,False,False,structure_without_new_sentence_text,False,sentence_only_gold_agreeing,PENDING_FRESH_JUDGMENTS
grok,SA-000327,SA-000327,120781,regression,Refuted,silver_clear_evidence_utilization_failure,Supported,Supported,Supported,False,False,False,False,False,proposed_v2_coauthor_review,historical_v1_packets,True,False,True,False,True,False,A,none,False,False,False,False,False,structure_without_new_sentence_text,False,decisive_judge_fever_disagreement,PENDING_FRESH_JUDGMENTS
grok,SA-000328,SA-000328,172762,resistant,Refuted,silver_partial_or_ambiguous_warrant,Unresolved,Refuted,Ambiguous,True,True,False,False,False,proposed_v2_coauthor_review,historical_v1_packets,False,,True,True,False,,B,B,True,False,False,False,True,additional_sentence_text_and_structure,False,final_nondecisive,PENDING_FRESH_JUDGMENTS
grok,SA-000329,SA-000329,10689,regression,Refuted,silver_clear_evidence_utilization_failure,Supported,Supported,Supported,False,False,False,False,False,proposed_v2_coauthor_review,historical_v1_packets,True,False,True,False,True,False,A,none,False,False,False,False,False,structure_without_new_sentence_text,False,decisive_judge_fever_disagreement,PENDING_FRESH_JUDGMENTS
grok,SA-000330,SA-000330,130631,regression,Supported,silver_partial_or_ambiguous_warrant,Ambiguous,Ambiguous,Ambiguous,True,False,False,False,False,proposed_v2_coauthor_review,historical_v1_packets,False,,False,,False,,none,none,False,False,False,False,False,additional_sentence_text_and_structure,False,final_nondecisive,PENDING_FRESH_JUDGMENTS
grok,SA-000331,SA-000331,127682,rescue,Supported,silver_unresolved,Supported,Supported,Supported,False,False,False,False,False,proposed_v2_coauthor_review,historical_v1_packets,True,True,True,True,True,True,A,A,False,False,False,False,False,structure_without_new_sentence_text,False,sentence_only_gold_agreeing,PENDING_FRESH_JUDGMENTS
grok,SA-000332,SA-000332,148263,rescue,Refuted,silver_unresolved,Refuted,Refuted,Refuted,False,False,False,False,False,proposed_v2_coauthor_review,historical_v1_packets,True,True,True,True,True,True,A,A,False,False,False,False,False,structure_without_new_sentence_text,False,sentence_only_gold_agreeing,PENDING_FRESH_JUDGMENTS
grok,SA-000333,SA-000333,48725,resistant,Refuted,silver_clear_evidence_utilization_failure,Refuted,Refuted,Refuted,False,False,False,False,False,proposed_v2_coauthor_review,historical_v1_packets,True,True,True,True,True,True,A,A,False,False,False,False,False,structure_without_new_sentence_text,True,sentence_only_gold_agreeing,PENDING_FRESH_JUDGMENTS
grok,SA-000334,SA-000334,207010,regression,Refuted,silver_clear_evidence_utilization_failure,Refuted,Refuted,Refuted,False,False,False,False,False,proposed_v2_coauthor_review,historical_v1_packets,True,True,True,True,True,True,A,A,False,False,False,False,False,structure_without_new_sentence_text,True,sentence_only_gold_agreeing,PENDING_FRESH_JUDGMENTS
grok,SA-000335,SA-000335,79072,resistant,Supported,silver_structured_evidence_sensitive,Unresolved,Unresolved,Supported,False,False,True,False,False,proposed_v2_coauthor_review,historical_v1_packets,False,,False,,True,True,C,C,False,True,False,False,False,structure_without_new_sentence_text,False,structured_disclosure_gold_agreeing,PENDING_FRESH_JUDGMENTS
grok,SA-000336,SA-000336,148180,rescue,Supported,silver_unresolved,Supported,Supported,Supported,False,False,False,False,False,proposed_v2_coauthor_review,historical_v1_packets,True,True,True,True,True,True,A,A,False,False,False,False,False,structure_without_new_sentence_text,False,sentence_only_gold_agreeing,PENDING_FRESH_JUDGMENTS
grok,SA-000337,SA-000337,13929,resistant,Supported,silver_structured_evidence_sensitive,Ambiguous,Unresolved,Refuted,False,False,True,False,False,proposed_v2_coauthor_review,historical_v1_packets,False,,False,,True,False,C,none,False,True,False,False,False,structure_without_new_sentence_text,False,decisive_judge_fever_disagreement,PENDING_FRESH_JUDGMENTS
grok,SA-000338,SA-000338,19655,rescue,Refuted,silver_unresolved,Refuted,Refuted,Refuted,False,False,False,False,False,proposed_v2_coauthor_review,historical_v1_packets,True,True,True,True,True,True,A,A,False,False,False,False,False,additional_sentence_text_and_structure,False,sentence_only_gold_agreeing,PENDING_FRESH_JUDGMENTS
grok,SA-000339,SA-000339,209849,robust,Supported,silver_unresolved,Supported,Supported,Supported,False,False,False,False,False,proposed_v2_coauthor_review,historical_v1_packets,True,True,True,True,True,True,A,A,False,False,False,False,False,additional_sentence_text_and_structure,False,sentence_only_gold_agreeing,PENDING_FRESH_JUDGMENTS
grok,SA-000340,SA-000340,142863,regression,Supported,silver_partial_or_ambiguous_warrant,Ambiguous,Ambiguous,Ambiguous,True,False,False,False,False,proposed_v2_coauthor_review,historical_v1_packets,False,,False,,False,,none,none,False,False,False,False,False,structure_without_new_sentence_text,False,final_nondecisive,PENDING_FRESH_JUDGMENTS
grok,SA-000341,SA-000341,113488,rescue,Refuted,silver_unresolved,Refuted,Refuted,Refuted,False,False,False,False,False,proposed_v2_coauthor_review,historical_v1_packets,True,True,True,True,True,True,A,A,False,False,False,False,False,structure_without_new_sentence_text,False,sentence_only_gold_agreeing,PENDING_FRESH_JUDGMENTS
grok,SA-000342,SA-000342,127225,regression,Refuted,silver_clear_evidence_utilization_failure,Refuted,Refuted,Refuted,False,False,False,False,False,proposed_v2_coauthor_review,historical_v1_packets,True,True,True,True,True,True,A,A,False,False,False,False,False,structure_without_new_sentence_text,True,sentence_only_gold_agreeing,PENDING_FRESH_JUDGMENTS
grok,SA-000343,SA-000343,85338,resistant,Refuted,silver_structured_evidence_sensitive,Unresolved,Supported,Supported,False,True,False,False,False,proposed_v2_coauthor_review,historical_v1_packets,False,,True,False,True,False,B,none,True,False,False,False,False,structure_without_new_sentence_text,False,decisive_judge_fever_disagreement,PENDING_FRESH_JUDGMENTS
grok,SA-000344,SA-000344,93689,resistant,Supported,silver_clear_evidence_utilization_failure,Refuted,Refuted,Refuted,False,False,False,False,False,proposed_v2_coauthor_review,historical_v1_packets,True,False,True,False,True,False,A,none,False,False,False,False,False,structure_without_new_sentence_text,False,decisive_judge_fever_disagreement,PENDING_FRESH_JUDGMENTS
grok,SA-000345,SA-000345,171629,regression,Refuted,silver_clear_evidence_utilization_failure,Refuted,Refuted,Refuted,False,False,False,False,False,proposed_v2_coauthor_review,historical_v1_packets,True,True,True,True,True,True,A,A,False,False,False,False,False,structure_without_new_sentence_text,True,sentence_only_gold_agreeing,PENDING_FRESH_JUDGMENTS
grok,SA-000346,SA-000346,21033,resistant,Refuted,silver_clear_evidence_utilization_failure,Refuted,Refuted,Refuted,False,False,False,False,False,proposed_v2_coauthor_review,historical_v1_packets,True,True,True,True,True,True,A,A,False,False,False,False,False,structure_without_new_sentence_text,True,sentence_only_gold_agreeing,PENDING_FRESH_JUDGMENTS
grok,SA-000347,SA-000347,78355,robust,Refuted,silver_unresolved,Refuted,Refuted,Refuted,False,False,False,False,False,proposed_v2_coauthor_review,historical_v1_packets,True,True,True,True,True,True,A,A,False,False,False,False,False,additional_sentence_text_and_structure,False,sentence_only_gold_agreeing,PENDING_FRESH_JUDGMENTS
grok,SA-000348,SA-000348,61922,rescue,Refuted,silver_unresolved,Refuted,Refuted,Refuted,False,False,False,False,False,proposed_v2_coauthor_review,historical_v1_packets,True,True,True,True,True,True,A,A,False,False,False,False,False,structure_without_new_sentence_text,False,sentence_only_gold_agreeing,PENDING_FRESH_JUDGMENTS
grok,SA-000349,SA-000349,18030,resistant,Supported,silver_partial_or_ambiguous_warrant,Ambiguous,Ambiguous,Ambiguous,True,False,False,False,False,proposed_v2_coauthor_review,historical_v1_packets,False,,False,,False,,none,none,False,False,False,False,False,structure_without_new_sentence_text,False,final_nondecisive,PENDING_FRESH_JUDGMENTS
grok,SA-000350,SA-000350,144391,robust,Supported,silver_unresolved,Supported,Supported,Supported,False,False,False,False,False,proposed_v2_coauthor_review,historical_v1_packets,True,True,True,True,True,True,A,A,False,False,False,False,False,additional_sentence_text_and_structure,False,sentence_only_gold_agreeing,PENDING_FRESH_JUDGMENTS
grok,SA-000351,SA-000351,6275,resistant,Refuted,silver_partial_or_ambiguous_warrant,Unresolved,Ambiguous,Ambiguous,True,False,False,False,False,proposed_v2_coauthor_review,historical_v1_packets,False,,False,,False,,none,none,False,False,False,False,False,structure_without_new_sentence_text,False,final_nondecisive,PENDING_FRESH_JUDGMENTS
grok,SA-000353,SA-000353,157002,regression,Refuted,silver_clear_evidence_utilization_failure,Refuted,Refuted,Refuted,False,False,False,False,False,proposed_v2_coauthor_review,historical_v1_packets,True,True,True,True,True,True,A,A,False,False,False,False,False,structure_without_new_sentence_text,True,sentence_only_gold_agreeing,PENDING_FRESH_JUDGMENTS
grok,SA-000354,SA-000354,162885,robust,Supported,silver_unresolved,Supported,Supported,Supported,False,False,False,False,False,proposed_v2_coauthor_review,historical_v1_packets,True,True,True,True,True,True,A,A,False,False,False,False,False,structure_without_new_sentence_text,False,sentence_only_gold_agreeing,PENDING_FRESH_JUDGMENTS
grok,SA-000355,SA-000355,40450,rescue,Supported,silver_partial_or_ambiguous_warrant,Ambiguous,Ambiguous,Ambiguous,True,False,False,False,False,proposed_v2_coauthor_review,historical_v1_packets,False,,False,,False,,none,none,False,False,False,False,False,structure_without_new_sentence_text,False,final_nondecisive,PENDING_FRESH_JUDGMENTS
grok,SA-000356,SA-000356,3087,rescue,Supported,silver_unresolved,Supported,Supported,Supported,False,False,False,False,False,proposed_v2_coauthor_review,historical_v1_packets,True,True,True,True,True,True,A,A,False,False,False,False,False,structure_without_new_sentence_text,False,sentence_only_gold_agreeing,PENDING_FRESH_JUDGMENTS
grok,SA-000357,SA-000357,12089,regression,Supported,silver_structured_evidence_sensitive,Ambiguous,Supported,Supported,False,True,False,False,False,proposed_v2_coauthor_review,historical_v1_packets,False,,True,True,True,True,B,B,True,False,False,False,False,structure_without_new_sentence_text,False,title_disclosure_gold_agreeing,PENDING_FRESH_JUDGMENTS
grok,SA-000358,SA-000358,87838,regression,Supported,silver_partial_or_ambiguous_warrant,Ambiguous,Ambiguous,Ambiguous,True,False,False,False,False,proposed_v2_coauthor_review,historical_v1_packets,False,,False,,False,,none,none,False,False,False,False,False,structure_without_new_sentence_text,False,final_nondecisive,PENDING_FRESH_JUDGMENTS
grok,SA-000359,SA-000359,158654,rescue,Supported,silver_unresolved,Supported,Supported,Supported,False,False,False,False,False,proposed_v2_coauthor_review,historical_v1_packets,True,True,True,True,True,True,A,A,False,False,False,False,False,structure_without_new_sentence_text,False,sentence_only_gold_agreeing,PENDING_FRESH_JUDGMENTS
grok,SA-000360,SA-000360,199815,regression,Supported,silver_partial_or_ambiguous_warrant,Ambiguous,Ambiguous,Ambiguous,True,False,False,False,False,proposed_v2_coauthor_review,historical_v1_packets,False,,False,,False,,none,none,False,False,False,False,False,additional_sentence_text_and_structure,False,final_nondecisive,PENDING_FRESH_JUDGMENTS
grok,SA-000361,SA-000361,132554,robust,Refuted,silver_unresolved,Refuted,Refuted,Refuted,False,False,False,False,False,proposed_v2_coauthor_review,historical_v1_packets,True,True,True,True,True,True,A,A,False,False,False,False,False,additional_sentence_text_and_structure,False,sentence_only_gold_agreeing,PENDING_FRESH_JUDGMENTS
grok,SA-000362,SA-000362,115173,regression,Supported,silver_partial_or_ambiguous_warrant,Ambiguous,Ambiguous,Ambiguous,True,False,False,False,False,proposed_v2_coauthor_review,historical_v1_packets,False,,False,,False,,none,none,False,False,False,False,False,structure_without_new_sentence_text,False,final_nondecisive,PENDING_FRESH_JUDGMENTS
grok,SA-000363,SA-000363,59355,regression,Refuted,silver_clear_evidence_utilization_failure,Refuted,Refuted,Refuted,False,False,False,False,False,proposed_v2_coauthor_review,historical_v1_packets,True,True,True,True,True,True,A,A,False,False,False,False,False,additional_sentence_text_and_structure,True,sentence_only_gold_agreeing,PENDING_FRESH_JUDGMENTS
grok,SA-000364,SA-000364,155995,resistant,Refuted,silver_clear_evidence_utilization_failure,Refuted,Refuted,Refuted,False,False,False,False,False,proposed_v2_coauthor_review,historical_v1_packets,True,True,True,True,True,True,A,A,False,False,False,False,False,structure_without_new_sentence_text,True,sentence_only_gold_agreeing,PENDING_FRESH_JUDGMENTS
grok,SA-000365,SA-000365,68137,resistant,Supported,silver_clear_evidence_utilization_failure,Refuted,Refuted,Refuted,False,False,False,False,False,proposed_v2_coauthor_review,historical_v1_packets,True,False,True,False,True,False,A,none,False,False,False,False,False,structure_without_new_sentence_text,False,decisive_judge_fever_disagreement,PENDING_FRESH_JUDGMENTS
grok,SA-000366,SA-000366,4537,resistant,Supported,silver_clear_evidence_utilization_failure,Refuted,Refuted,Refuted,False,False,False,False,False,proposed_v2_coauthor_review,historical_v1_packets,True,False,True,False,True,False,A,none,False,False,False,False,False,structure_without_new_sentence_text,False,decisive_judge_fever_disagreement,PENDING_FRESH_JUDGMENTS
grok,SA-000367,SA-000367,178230,rescue,Supported,silver_unresolved,Supported,Supported,Supported,False,False,False,False,False,proposed_v2_coauthor_review,historical_v1_packets,True,True,True,True,True,True,A,A,False,False,False,False,False,structure_without_new_sentence_text,False,sentence_only_gold_agreeing,PENDING_FRESH_JUDGMENTS
grok,SA-000368,SA-000368,190089,resistant,Supported,silver_partial_or_ambiguous_warrant,Ambiguous,Ambiguous,Ambiguous,True,False,False,False,False,proposed_v2_coauthor_review,historical_v1_packets,False,,False,,False,,none,none,False,False,False,False,False,structure_without_new_sentence_text,False,final_nondecisive,PENDING_FRESH_JUDGMENTS
grok,SA-000369,SA-000369,28188,rescue,Supported,silver_unresolved,Supported,Supported,Supported,False,False,False,False,False,proposed_v2_coauthor_review,historical_v1_packets,True,True,True,True,True,True,A,A,False,False,False,False,False,structure_without_new_sentence_text,False,sentence_only_gold_agreeing,PENDING_FRESH_JUDGMENTS
grok,SA-000370,SA-000370,46627,resistant,Supported,silver_clear_evidence_utilization_failure,Refuted,Refuted,Refuted,False,False,False,False,False,proposed_v2_coauthor_review,historical_v1_packets,True,False,True,False,True,False,A,none,False,False,False,False,False,structure_without_new_sentence_text,False,decisive_judge_fever_disagreement,PENDING_FRESH_JUDGMENTS
grok,SA-000371,SA-000371,73444,resistant,Refuted,silver_partial_or_ambiguous_warrant,Ambiguous,Ambiguous,Ambiguous,True,False,False,False,False,proposed_v2_coauthor_review,historical_v1_packets,False,,False,,False,,none,none,False,False,False,False,False,structure_without_new_sentence_text,False,final_nondecisive,PENDING_FRESH_JUDGMENTS
grok,SA-000372,SA-000372,109142,robust,Supported,silver_unresolved,Supported,Supported,Supported,False,False,False,False,False,proposed_v2_coauthor_review,historical_v1_packets,True,True,True,True,True,True,A,A,False,False,False,False,False,structure_without_new_sentence_text,False,sentence_only_gold_agreeing,PENDING_FRESH_JUDGMENTS
grok,SA-000373,SA-000373,119288,robust,Refuted,silver_unresolved,Refuted,Refuted,Refuted,False,False,False,False,False,proposed_v2_coauthor_review,historical_v1_packets,True,True,True,True,True,True,A,A,False,False,False,False,False,structure_without_new_sentence_text,False,sentence_only_gold_agreeing,PENDING_FRESH_JUDGMENTS
grok,SA-000374,SA-000374,211271,robust,Supported,silver_unresolved,Supported,Supported,Supported,False,False,False,False,False,proposed_v2_coauthor_review,historical_v1_packets,True,True,True,True,True,True,A,A,False,False,False,False,False,structure_without_new_sentence_text,False,sentence_only_gold_agreeing,PENDING_FRESH_JUDGMENTS
grok,SA-000375,SA-000375,31868,resistant,Supported,silver_clear_evidence_utilization_failure,Supported,Supported,Supported,False,False,False,False,False,proposed_v2_coauthor_review,historical_v1_packets,True,True,True,True,True,True,A,A,False,False,False,False,False,structure_without_new_sentence_text,True,sentence_only_gold_agreeing,PENDING_FRESH_JUDGMENTS
grok,SA-000376,SA-000376,42643,resistant,Refuted,silver_clear_evidence_utilization_failure,Supported,Supported,Supported,False,False,False,False,False,proposed_v2_coauthor_review,historical_v1_packets,True,False,True,False,True,False,A,none,False,False,False,False,False,structure_without_new_sentence_text,False,decisive_judge_fever_disagreement,PENDING_FRESH_JUDGMENTS
grok,SA-000377,SA-000377,125164,resistant,Refuted,silver_partial_or_ambiguous_warrant,Unresolved,Ambiguous,Ambiguous,True,False,False,False,False,proposed_v2_coauthor_review,historical_v1_packets,False,,False,,False,,none,none,False,False,False,False,False,structure_without_new_sentence_text,False,final_nondecisive,PENDING_FRESH_JUDGMENTS
grok,SA-000378,SA-000378,169000,resistant,Refuted,silver_partial_or_ambiguous_warrant,Ambiguous,Ambiguous,Ambiguous,True,False,False,False,False,proposed_v2_coauthor_review,historical_v1_packets,False,,False,,False,,none,none,False,False,False,False,False,structure_without_new_sentence_text,False,final_nondecisive,PENDING_FRESH_JUDGMENTS
grok,SA-000379,SA-000379,227791,robust,Supported,silver_unresolved,Supported,Supported,Supported,False,False,False,False,False,proposed_v2_coauthor_review,historical_v1_packets,True,True,True,True,True,True,A,A,False,False,False,False,False,structure_without_new_sentence_text,False,sentence_only_gold_agreeing,PENDING_FRESH_JUDGMENTS
grok,SA-000380,SA-000380,76126,robust,Refuted,silver_unresolved,Refuted,Refuted,Refuted,False,False,False,False,False,proposed_v2_coauthor_review,historical_v1_packets,True,True,True,True,True,True,A,A,False,False,False,False,False,structure_without_new_sentence_text,False,sentence_only_gold_agreeing,PENDING_FRESH_JUDGMENTS
grok,SA-000381,SA-000381,203998,rescue,Supported,silver_unresolved,Supported,Supported,Supported,False,False,False,False,False,proposed_v2_coauthor_review,historical_v1_packets,True,True,True,True,True,True,A,A,False,False,False,False,False,structure_without_new_sentence_text,False,sentence_only_gold_agreeing,PENDING_FRESH_JUDGMENTS
grok,SA-000382,SA-000382,67568,regression,Refuted,silver_partial_or_ambiguous_warrant,Ambiguous,Ambiguous,Ambiguous,True,False,False,False,False,proposed_v2_coauthor_review,historical_v1_packets,False,,False,,False,,none,none,False,False,False,False,False,structure_without_new_sentence_text,False,final_nondecisive,PENDING_FRESH_JUDGMENTS
grok,SA-000383,SA-000383,56475,rescue,Supported,silver_unresolved,Supported,Supported,Supported,False,False,False,False,False,proposed_v2_coauthor_review,historical_v1_packets,True,True,True,True,True,True,A,A,False,False,False,False,False,additional_sentence_text_and_structure,False,sentence_only_gold_agreeing,PENDING_FRESH_JUDGMENTS
grok,SA-000384,SA-000384,130220,robust,Refuted,silver_unresolved,Refuted,Refuted,Refuted,False,False,False,False,False,proposed_v2_coauthor_review,historical_v1_packets,True,True,True,True,True,True,A,A,False,False,False,False,False,structure_without_new_sentence_text,False,sentence_only_gold_agreeing,PENDING_FRESH_JUDGMENTS
grok,SA-000385,SA-000385,198900,robust,Supported,silver_unresolved,Supported,Supported,Supported,False,False,False,False,False,proposed_v2_coauthor_review,historical_v1_packets,True,True,True,True,True,True,A,A,False,False,False,False,False,structure_without_new_sentence_text,False,sentence_only_gold_agreeing,PENDING_FRESH_JUDGMENTS
grok,SA-000386,SA-000386,199746,resistant,Refuted,silver_partial_or_ambiguous_warrant,Ambiguous,Ambiguous,Ambiguous,True,False,False,False,False,proposed_v2_coauthor_review,historical_v1_packets,False,,False,,False,,none,none,False,False,False,False,False,structure_without_new_sentence_text,False,final_nondecisive,PENDING_FRESH_JUDGMENTS
grok,SA-000387,SA-000387,185412,regression,Refuted,silver_partial_or_ambiguous_warrant,Ambiguous,Ambiguous,Ambiguous,True,False,False,False,False,proposed_v2_coauthor_review,historical_v1_packets,False,,False,,False,,none,none,False,False,False,False,False,structure_without_new_sentence_text,False,final_nondecisive,PENDING_FRESH_JUDGMENTS
grok,SA-000388,SA-000388,182908,rescue,Supported,silver_unresolved,Supported,Supported,Supported,False,False,False,False,False,proposed_v2_coauthor_review,historical_v1_packets,True,True,True,True,True,True,A,A,False,False,False,False,False,structure_without_new_sentence_text,False,sentence_only_gold_agreeing,PENDING_FRESH_JUDGMENTS
grok,SA-000389,SA-000389,51596,robust,Refuted,silver_unresolved,Refuted,Refuted,Refuted,False,False,False,False,False,proposed_v2_coauthor_review,historical_v1_packets,True,True,True,True,True,True,A,A,False,False,False,False,False,structure_without_new_sentence_text,False,sentence_only_gold_agreeing,PENDING_FRESH_JUDGMENTS
grok,SA-000390,SA-000390,179817,robust,Supported,silver_unresolved,Supported,Supported,Supported,False,False,False,False,False,proposed_v2_coauthor_review,historical_v1_packets,True,True,True,True,True,True,A,A,False,False,False,False,False,structure_without_new_sentence_text,False,sentence_only_gold_agreeing,PENDING_FRESH_JUDGMENTS
grok,SA-000391,SA-000391,203695,resistant,Refuted,silver_partial_or_ambiguous_warrant,Ambiguous,Ambiguous,Ambiguous,True,False,False,False,False,proposed_v2_coauthor_review,historical_v1_packets,False,,False,,False,,none,none,False,False,False,False,False,structure_without_new_sentence_text,False,final_nondecisive,PENDING_FRESH_JUDGMENTS
grok,SA-000392,SA-000392,93493,robust,Supported,silver_unresolved,Supported,Supported,Supported,False,False,False,False,False,proposed_v2_coauthor_review,historical_v1_packets,True,True,True,True,True,True,A,A,False,False,False,False,False,structure_without_new_sentence_text,False,sentence_only_gold_agreeing,PENDING_FRESH_JUDGMENTS
grok,SA-000393,SA-000393,202308,resistant,Supported,silver_structured_evidence_sensitive,Refuted,Unresolved,Refuted,False,False,True,False,False,proposed_v2_coauthor_review,historical_v1_packets,True,False,False,,True,False,A,none,False,True,False,False,True,structure_without_new_sentence_text,False,decisive_judge_fever_disagreement,PENDING_FRESH_JUDGMENTS
grok,SA-000394,SA-000394,166940,robust,Supported,silver_unresolved,Supported,Supported,Supported,False,False,False,False,False,proposed_v2_coauthor_review,historical_v1_packets,True,True,True,True,True,True,A,A,False,False,False,False,False,structure_without_new_sentence_text,False,sentence_only_gold_agreeing,PENDING_FRESH_JUDGMENTS
grok,SA-000395,SA-000395,112242,resistant,Refuted,silver_clear_evidence_utilization_failure,Supported,Supported,Supported,False,False,False,False,False,proposed_v2_coauthor_review,historical_v1_packets,True,False,True,False,True,False,A,none,False,False,False,False,False,structure_without_new_sentence_text,False,decisive_judge_fever_disagreement,PENDING_FRESH_JUDGMENTS
grok,SA-000396,SA-000396,39716,resistant,Refuted,silver_clear_evidence_utilization_failure,Refuted,Refuted,Refuted,False,False,False,False,False,proposed_v2_coauthor_review,historical_v1_packets,True,True,True,True,True,True,A,A,False,False,False,False,False,structure_without_new_sentence_text,True,sentence_only_gold_agreeing,PENDING_FRESH_JUDGMENTS
grok,SA-000397,SA-000397,227098,regression,Supported,silver_clear_evidence_utilization_failure,Supported,Supported,Supported,False,False,False,False,False,proposed_v2_coauthor_review,historical_v1_packets,True,True,True,True,True,True,A,A,False,False,False,False,False,additional_sentence_text_and_structure,True,sentence_only_gold_agreeing,PENDING_FRESH_JUDGMENTS
grok,SA-000398,SA-000398,172751,robust,Refuted,silver_unresolved,Refuted,Refuted,Refuted,False,False,False,False,False,proposed_v2_coauthor_review,historical_v1_packets,True,True,True,True,True,True,A,A,False,False,False,False,False,structure_without_new_sentence_text,False,sentence_only_gold_agreeing,PENDING_FRESH_JUDGMENTS
grok,SA-000399,SA-000399,100802,resistant,Supported,silver_partial_or_ambiguous_warrant,Ambiguous,Ambiguous,Ambiguous,True,False,False,False,False,proposed_v2_coauthor_review,historical_v1_packets,False,,False,,False,,none,none,False,False,False,False,False,structure_without_new_sentence_text,False,final_nondecisive,PENDING_FRESH_JUDGMENTS
grok,SA-000400,SA-000400,158036,resistant,Supported,silver_clear_evidence_utilization_failure,Supported,Supported,Supported,False,False,False,False,False,proposed_v2_coauthor_review,historical_v1_packets,True,True,True,True,True,True,A,A,False,False,False,False,False,structure_without_new_sentence_text,True,sentence_only_gold_agreeing,PENDING_FRESH_JUDGMENTS
grok,SA-000401,SA-000401,182032,robust,Supported,silver_unresolved,Supported,Supported,Supported,False,False,False,False,False,proposed_v2_coauthor_review,historical_v1_packets,True,True,True,True,True,True,A,A,False,False,False,False,False,additional_sentence_text_and_structure,False,sentence_only_gold_agreeing,PENDING_FRESH_JUDGMENTS
grok,SA-000402,SA-000402,4134,robust,Supported,silver_unresolved,Supported,Supported,Supported,False,False,False,False,False,proposed_v2_coauthor_review,historical_v1_packets,True,True,True,True,True,True,A,A,False,False,False,False,False,structure_without_new_sentence_text,False,sentence_only_gold_agreeing,PENDING_FRESH_JUDGMENTS
grok,SA-000403,SA-000403,63836,resistant,Refuted,silver_structured_evidence_sensitive,Ambiguous,Supported,Supported,False,True,False,False,False,proposed_v2_coauthor_review,historical_v1_packets,False,,True,False,True,False,B,none,True,False,False,False,False,additional_sentence_text_and_structure,False,decisive_judge_fever_disagreement,PENDING_FRESH_JUDGMENTS
grok,SA-000404,SA-000404,179025,rescue,Supported,silver_unresolved,Supported,Supported,Supported,False,False,False,False,False,proposed_v2_coauthor_review,historical_v1_packets,True,True,True,True,True,True,A,A,False,False,False,False,False,structure_without_new_sentence_text,False,sentence_only_gold_agreeing,PENDING_FRESH_JUDGMENTS
grok,SA-000405,SA-000405,41634,robust,Supported,silver_unresolved,Supported,Supported,Supported,False,False,False,False,False,proposed_v2_coauthor_review,historical_v1_packets,True,True,True,True,True,True,A,A,False,False,False,False,False,additional_sentence_text_and_structure,False,sentence_only_gold_agreeing,PENDING_FRESH_JUDGMENTS
grok,SA-000406,SA-000406,174986,regression,Refuted,silver_clear_evidence_utilization_failure,Refuted,Refuted,Refuted,False,False,False,False,False,proposed_v2_coauthor_review,historical_v1_packets,True,True,True,True,True,True,A,A,False,False,False,False,False,structure_without_new_sentence_text,True,sentence_only_gold_agreeing,PENDING_FRESH_JUDGMENTS
grok,SA-000407,SA-000407,122457,robust,Refuted,silver_unresolved,Refuted,Refuted,Refuted,False,False,False,False,False,proposed_v2_coauthor_review,historical_v1_packets,True,True,True,True,True,True,A,A,False,False,False,False,False,structure_without_new_sentence_text,False,sentence_only_gold_agreeing,PENDING_FRESH_JUDGMENTS
grok,SA-000408,SA-000408,18065,resistant,Refuted,silver_clear_evidence_utilization_failure,Refuted,Refuted,Refuted,False,False,False,False,False,proposed_v2_coauthor_review,historical_v1_packets,True,True,True,True,True,True,A,A,False,False,False,False,False,structure_without_new_sentence_text,True,sentence_only_gold_agreeing,PENDING_FRESH_JUDGMENTS
grok,SA-000409,SA-000409,80074,robust,Supported,silver_unresolved,Supported,Supported,Supported,False,False,False,False,False,proposed_v2_coauthor_review,historical_v1_packets,True,True,True,True,True,True,A,A,False,False,False,False,False,additional_sentence_text_and_structure,False,sentence_only_gold_agreeing,PENDING_FRESH_JUDGMENTS
grok,SA-000410,SA-000410,18835,resistant,Refuted,silver_clear_evidence_utilization_failure,Refuted,Refuted,Refuted,False,False,False,False,False,proposed_v2_coauthor_review,historical_v1_packets,True,True,True,True,True,True,A,A,False,False,False,False,False,structure_without_new_sentence_text,True,sentence_only_gold_agreeing,PENDING_FRESH_JUDGMENTS
grok,SA-000411,SA-000411,146157,rescue,Refuted,silver_partial_or_ambiguous_warrant,Ambiguous,Ambiguous,Ambiguous,True,False,False,False,False,proposed_v2_coauthor_review,historical_v1_packets,False,,False,,False,,none,none,False,False,False,False,False,structure_without_new_sentence_text,False,final_nondecisive,PENDING_FRESH_JUDGMENTS
grok,SA-000412,SA-000412,56342,robust,Supported,silver_partial_or_ambiguous_warrant,Ambiguous,Ambiguous,Ambiguous,True,False,False,False,False,proposed_v2_coauthor_review,historical_v1_packets,False,,False,,False,,none,none,False,False,False,False,False,additional_sentence_text_and_structure,False,final_nondecisive,PENDING_FRESH_JUDGMENTS
grok,SA-000413,SA-000413,120242,resistant,Refuted,silver_clear_evidence_utilization_failure,Refuted,Refuted,Refuted,False,False,False,False,False,proposed_v2_coauthor_review,historical_v1_packets,True,True,True,True,True,True,A,A,False,False,False,False,False,structure_without_new_sentence_text,True,sentence_only_gold_agreeing,PENDING_FRESH_JUDGMENTS
grok,SA-000414,SA-000414,224191,regression,Refuted,silver_partial_or_ambiguous_warrant,Ambiguous,Ambiguous,Ambiguous,True,False,False,False,False,proposed_v2_coauthor_review,historical_v1_packets,False,,False,,False,,none,none,False,False,False,False,False,structure_without_new_sentence_text,False,final_nondecisive,PENDING_FRESH_JUDGMENTS
grok,SA-000415,SA-000415,201098,resistant,Supported,silver_clear_evidence_utilization_failure,Refuted,Refuted,Refuted,False,False,False,False,False,proposed_v2_coauthor_review,historical_v1_packets,True,False,True,False,True,False,A,none,False,False,False,False,False,structure_without_new_sentence_text,False,decisive_judge_fever_disagreement,PENDING_FRESH_JUDGMENTS
grok,SA-000416,SA-000416,16588,resistant,Supported,silver_clear_evidence_utilization_failure,Supported,Supported,Supported,False,False,False,False,False,proposed_v2_coauthor_review,historical_v1_packets,True,True,True,True,True,True,A,A,False,False,False,False,False,structure_without_new_sentence_text,True,sentence_only_gold_agreeing,PENDING_FRESH_JUDGMENTS
grok,SA-000417,SA-000417,158904,rescue,Supported,silver_unresolved,Supported,Supported,Supported,False,False,False,False,False,proposed_v2_coauthor_review,historical_v1_packets,True,True,True,True,True,True,A,A,False,False,False,False,False,structure_without_new_sentence_text,False,sentence_only_gold_agreeing,PENDING_FRESH_JUDGMENTS
grok,SA-000418,SA-000418,48227,robust,Supported,silver_unresolved,Supported,Supported,Supported,False,False,False,False,False,proposed_v2_coauthor_review,historical_v1_packets,True,True,True,True,True,True,A,A,False,False,False,False,False,additional_sentence_text_and_structure,False,sentence_only_gold_agreeing,PENDING_FRESH_JUDGMENTS
grok,SA-000419,SA-000419,170947,robust,Supported,silver_unresolved,Supported,Supported,Supported,False,False,False,False,False,proposed_v2_coauthor_review,historical_v1_packets,True,True,True,True,True,True,A,A,False,False,False,False,False,structure_without_new_sentence_text,False,sentence_only_gold_agreeing,PENDING_FRESH_JUDGMENTS
grok,SA-000420,SA-000420,74588,robust,Refuted,silver_unresolved,Refuted,Refuted,Refuted,False,False,False,False,False,proposed_v2_coauthor_review,historical_v1_packets,True,True,True,True,True,True,A,A,False,False,False,False,False,structure_without_new_sentence_text,False,sentence_only_gold_agreeing,PENDING_FRESH_JUDGMENTS
grok,SA-000421,SA-000421,36882,rescue,Refuted,silver_unresolved,Refuted,Refuted,Refuted,False,False,False,False,False,proposed_v2_coauthor_review,historical_v1_packets,True,True,True,True,True,True,A,A,False,False,False,False,False,structure_without_new_sentence_text,False,sentence_only_gold_agreeing,PENDING_FRESH_JUDGMENTS
grok,SA-000422,SA-000422,14596,rescue,Supported,silver_partial_or_ambiguous_warrant,Ambiguous,Ambiguous,Ambiguous,True,False,False,False,False,proposed_v2_coauthor_review,historical_v1_packets,False,,False,,False,,none,none,False,False,False,False,False,structure_without_new_sentence_text,False,final_nondecisive,PENDING_FRESH_JUDGMENTS
grok,SA-000423,SA-000423,106211,resistant,Supported,silver_clear_evidence_utilization_failure,Refuted,Refuted,Refuted,False,False,False,False,False,proposed_v2_coauthor_review,historical_v1_packets,True,False,True,False,True,False,A,none,False,False,False,False,False,structure_without_new_sentence_text,False,decisive_judge_fever_disagreement,PENDING_FRESH_JUDGMENTS
grok,SA-000424,SA-000424,129767,rescue,Supported,silver_unresolved,Supported,Supported,Supported,False,False,False,False,False,proposed_v2_coauthor_review,historical_v1_packets,True,True,True,True,True,True,A,A,False,False,False,False,False,structure_without_new_sentence_text,False,sentence_only_gold_agreeing,PENDING_FRESH_JUDGMENTS
grok,SA-000425,SA-000425,142620,resistant,Refuted,silver_partial_or_ambiguous_warrant,Ambiguous,Ambiguous,Ambiguous,True,False,False,False,False,proposed_v2_coauthor_review,historical_v1_packets,False,,False,,False,,none,none,False,False,False,False,False,structure_without_new_sentence_text,False,final_nondecisive,PENDING_FRESH_JUDGMENTS
grok,SA-000426,SA-000426,2797,rescue,Refuted,silver_partial_or_ambiguous_warrant,Refuted,Refuted,Ambiguous,True,False,False,False,False,proposed_v2_coauthor_review,historical_v1_packets,True,True,True,True,False,,A,A,False,False,False,False,True,additional_sentence_text_and_structure,False,final_nondecisive,PENDING_FRESH_JUDGMENTS
grok,SA-000427,SA-000427,113297,regression,Supported,silver_clear_evidence_utilization_failure,Supported,Supported,Supported,False,False,False,False,False,proposed_v2_coauthor_review,historical_v1_packets,True,True,True,True,True,True,A,A,False,False,False,False,False,structure_without_new_sentence_text,True,sentence_only_gold_agreeing,PENDING_FRESH_JUDGMENTS
grok,SA-000428,SA-000428,140776,resistant,Refuted,silver_clear_evidence_utilization_failure,Supported,Supported,Supported,False,False,False,False,False,proposed_v2_coauthor_review,historical_v1_packets,True,False,True,False,True,False,A,none,False,False,False,False,False,structure_without_new_sentence_text,False,decisive_judge_fever_disagreement,PENDING_FRESH_JUDGMENTS
grok,SA-000429,SA-000429,120873,resistant,Refuted,silver_clear_evidence_utilization_failure,Refuted,Refuted,Refuted,False,False,False,False,False,proposed_v2_coauthor_review,historical_v1_packets,True,True,True,True,True,True,A,A,False,False,False,False,False,additional_sentence_text_and_structure,True,sentence_only_gold_agreeing,PENDING_FRESH_JUDGMENTS
grok,SA-000430,SA-000430,116723,rescue,Refuted,silver_unresolved,Refuted,Refuted,Refuted,False,False,False,False,False,proposed_v2_coauthor_review,historical_v1_packets,True,True,True,True,True,True,A,A,False,False,False,False,False,structure_without_new_sentence_text,False,sentence_only_gold_agreeing,PENDING_FRESH_JUDGMENTS
grok,SA-000431,SA-000431,174013,resistant,Refuted,silver_clear_evidence_utilization_failure,Refuted,Refuted,Refuted,False,False,False,False,False,proposed_v2_coauthor_review,historical_v1_packets,True,True,True,True,True,True,A,A,False,False,False,False,False,structure_without_new_sentence_text,True,sentence_only_gold_agreeing,PENDING_FRESH_JUDGMENTS
grok,SA-000432,SA-000432,142236,resistant,Refuted,silver_structured_evidence_sensitive,Ambiguous,Refuted,Refuted,False,True,False,False,False,proposed_v2_coauthor_review,historical_v1_packets,False,,True,True,True,True,B,B,True,False,False,False,False,structure_without_new_sentence_text,False,title_disclosure_gold_agreeing,PENDING_FRESH_JUDGMENTS
grok,SA-000433,SA-000433,107384,resistant,Refuted,silver_structured_evidence_sensitive,Unresolved,Ambiguous,Refuted,False,False,True,False,False,proposed_v2_coauthor_review,historical_v1_packets,False,,False,,True,True,C,C,False,True,False,False,False,additional_sentence_text_and_structure,False,additional_evidence_gold_agreeing,PENDING_FRESH_JUDGMENTS
grok,SA-000434,SA-000434,12852,robust,Supported,silver_unresolved,Supported,Supported,Supported,False,False,False,False,False,proposed_v2_coauthor_review,historical_v1_packets,True,True,True,True,True,True,A,A,False,False,False,False,False,structure_without_new_sentence_text,False,sentence_only_gold_agreeing,PENDING_FRESH_JUDGMENTS
grok,SA-000435,SA-000435,119205,resistant,Supported,silver_partial_or_ambiguous_warrant,Ambiguous,Ambiguous,Ambiguous,True,False,False,False,False,proposed_v2_coauthor_review,historical_v1_packets,False,,False,,False,,none,none,False,False,False,False,False,structure_without_new_sentence_text,False,final_nondecisive,PENDING_FRESH_JUDGMENTS
grok,SA-000436,SA-000436,89727,regression,Refuted,silver_clear_evidence_utilization_failure,Supported,Supported,Supported,False,False,False,False,False,proposed_v2_coauthor_review,historical_v1_packets,True,False,True,False,True,False,A,none,False,False,False,False,False,structure_without_new_sentence_text,False,decisive_judge_fever_disagreement,PENDING_FRESH_JUDGMENTS
grok,SA-000437,SA-000437,192197,robust,Refuted,silver_unresolved,Refuted,Refuted,Refuted,False,False,False,False,False,proposed_v2_coauthor_review,historical_v1_packets,True,True,True,True,True,True,A,A,False,False,False,False,False,structure_without_new_sentence_text,False,sentence_only_gold_agreeing,PENDING_FRESH_JUDGMENTS
grok,SA-000438,SA-000438,128709,resistant,Refuted,silver_partial_or_ambiguous_warrant,Ambiguous,Ambiguous,Ambiguous,True,False,False,False,False,proposed_v2_coauthor_review,historical_v1_packets,False,,False,,False,,none,none,False,False,False,False,False,structure_without_new_sentence_text,False,final_nondecisive,PENDING_FRESH_JUDGMENTS
grok,SA-000439,SA-000439,100821,robust,Supported,silver_unresolved,Supported,Supported,Supported,False,False,False,False,False,proposed_v2_coauthor_review,historical_v1_packets,True,True,True,True,True,True,A,A,False,False,False,False,False,structure_without_new_sentence_text,False,sentence_only_gold_agreeing,PENDING_FRESH_JUDGMENTS
grok,SA-000440,SA-000440,83454,regression,Refuted,silver_clear_evidence_utilization_failure,Supported,Supported,Supported,False,False,False,False,False,proposed_v2_coauthor_review,historical_v1_packets,True,False,True,False,True,False,A,none,False,False,False,False,False,structure_without_new_sentence_text,False,decisive_judge_fever_disagreement,PENDING_FRESH_JUDGMENTS
grok,SA-000441,SA-000441,45963,resistant,Refuted,silver_partial_or_ambiguous_warrant,Ambiguous,Ambiguous,Ambiguous,True,False,False,False,False,proposed_v2_coauthor_review,historical_v1_packets,False,,False,,False,,none,none,False,False,False,False,False,additional_sentence_text_and_structure,False,final_nondecisive,PENDING_FRESH_JUDGMENTS
grok,SA-000442,SA-000442,85454,resistant,Refuted,silver_clear_evidence_utilization_failure,Supported,Supported,Supported,False,False,False,False,False,proposed_v2_coauthor_review,historical_v1_packets,True,False,True,False,True,False,A,none,False,False,False,False,False,additional_sentence_text_and_structure,False,decisive_judge_fever_disagreement,PENDING_FRESH_JUDGMENTS
grok,SA-000443,SA-000443,201079,robust,Supported,silver_unresolved,Supported,Supported,Supported,False,False,False,False,False,proposed_v2_coauthor_review,historical_v1_packets,True,True,True,True,True,True,A,A,False,False,False,False,False,additional_sentence_text_and_structure,False,sentence_only_gold_agreeing,PENDING_FRESH_JUDGMENTS
grok,SA-000444,SA-000444,9913,robust,Refuted,silver_unresolved,Refuted,Refuted,Refuted,False,False,False,False,False,proposed_v2_coauthor_review,historical_v1_packets,True,True,True,True,True,True,A,A,False,False,False,False,False,additional_sentence_text_and_structure,False,sentence_only_gold_agreeing,PENDING_FRESH_JUDGMENTS
grok,SA-000445,SA-000445,89661,resistant,Refuted,silver_clear_evidence_utilization_failure,Supported,Supported,Supported,False,False,False,False,False,proposed_v2_coauthor_review,historical_v1_packets,True,False,True,False,True,False,A,none,False,False,False,False,False,structure_without_new_sentence_text,False,decisive_judge_fever_disagreement,PENDING_FRESH_JUDGMENTS
grok,SA-000446,SA-000446,126775,regression,Supported,silver_clear_evidence_utilization_failure,Supported,Supported,Supported,False,False,False,False,False,proposed_v2_coauthor_review,historical_v1_packets,True,True,True,True,True,True,A,A,False,False,False,False,False,structure_without_new_sentence_text,True,sentence_only_gold_agreeing,PENDING_FRESH_JUDGMENTS
grok,SA-000447,SA-000447,193866,rescue,Refuted,silver_unresolved,Refuted,Refuted,Refuted,False,False,False,False,False,proposed_v2_coauthor_review,historical_v1_packets,True,True,True,True,True,True,A,A,False,False,False,False,False,structure_without_new_sentence_text,False,sentence_only_gold_agreeing,PENDING_FRESH_JUDGMENTS
grok,SA-000448,SA-000448,142638,rescue,Refuted,silver_unresolved,Refuted,Refuted,Refuted,False,False,False,False,False,proposed_v2_coauthor_review,historical_v1_packets,True,True,True,True,True,True,A,A,False,False,False,False,False,structure_without_new_sentence_text,False,sentence_only_gold_agreeing,PENDING_FRESH_JUDGMENTS
grok,SA-000449,SA-000449,31026,robust,Refuted,silver_unresolved,Refuted,Refuted,Refuted,False,False,False,False,False,proposed_v2_coauthor_review,historical_v1_packets,True,True,True,True,True,True,A,A,False,False,False,False,False,additional_sentence_text_and_structure,False,sentence_only_gold_agreeing,PENDING_FRESH_JUDGMENTS
grok,SA-000450,SA-000450,166376,rescue,Refuted,silver_unresolved,Refuted,Refuted,Refuted,False,False,False,False,False,proposed_v2_coauthor_review,historical_v1_packets,True,True,True,True,True,True,A,A,False,False,False,False,False,structure_without_new_sentence_text,False,sentence_only_gold_agreeing,PENDING_FRESH_JUDGMENTS
grok,SA-000451,SA-000451,76213,rescue,Refuted,silver_unresolved,Refuted,Refuted,Refuted,False,False,False,False,False,proposed_v2_coauthor_review,historical_v1_packets,True,True,True,True,True,True,A,A,False,False,False,False,False,structure_without_new_sentence_text,False,sentence_only_gold_agreeing,PENDING_FRESH_JUDGMENTS
grok,SA-000452,SA-000452,115183,resistant,Refuted,silver_clear_evidence_utilization_failure,Supported,Supported,Supported,False,False,False,False,False,proposed_v2_coauthor_review,historical_v1_packets,True,False,True,False,True,False,A,none,False,False,False,False,False,additional_sentence_text_and_structure,False,decisive_judge_fever_disagreement,PENDING_FRESH_JUDGMENTS
grok,SA-000453,SA-000453,26078,robust,Refuted,silver_unresolved,Refuted,Refuted,Refuted,False,False,False,False,False,proposed_v2_coauthor_review,historical_v1_packets,True,True,True,True,True,True,A,A,False,False,False,False,False,additional_sentence_text_and_structure,False,sentence_only_gold_agreeing,PENDING_FRESH_JUDGMENTS
grok,SA-000454,SA-000454,39873,resistant,Supported,silver_structured_evidence_sensitive,Ambiguous,Ambiguous,Supported,False,False,True,False,False,proposed_v2_coauthor_review,historical_v1_packets,False,,False,,True,True,C,C,False,True,False,False,False,structure_without_new_sentence_text,False,structured_disclosure_gold_agreeing,PENDING_FRESH_JUDGMENTS
grok,SA-000455,SA-000455,99838,resistant,Refuted,silver_clear_evidence_utilization_failure,Refuted,Refuted,Refuted,False,False,False,False,False,proposed_v2_coauthor_review,historical_v1_packets,True,True,True,True,True,True,A,A,False,False,False,False,False,structure_without_new_sentence_text,True,sentence_only_gold_agreeing,PENDING_FRESH_JUDGMENTS
grok,SA-000456,SA-000456,160887,rescue,Refuted,silver_unresolved,Refuted,Refuted,Refuted,False,False,False,False,False,proposed_v2_coauthor_review,historical_v1_packets,True,True,True,True,True,True,A,A,False,False,False,False,False,structure_without_new_sentence_text,False,sentence_only_gold_agreeing,PENDING_FRESH_JUDGMENTS
grok,SA-000457,SA-000457,58707,robust,Refuted,silver_unresolved,Refuted,Refuted,Refuted,False,False,False,False,False,proposed_v2_coauthor_review,historical_v1_packets,True,True,True,True,True,True,A,A,False,False,False,False,False,structure_without_new_sentence_text,False,sentence_only_gold_agreeing,PENDING_FRESH_JUDGMENTS
grok,SA-000458,SA-000458,150693,regression,Refuted,silver_partial_or_ambiguous_warrant,Ambiguous,Ambiguous,Ambiguous,True,False,False,False,False,proposed_v2_coauthor_review,historical_v1_packets,False,,False,,False,,none,none,False,False,False,False,False,structure_without_new_sentence_text,False,final_nondecisive,PENDING_FRESH_JUDGMENTS
grok,SA-000459,SA-000459,227779,resistant,Supported,silver_partial_or_ambiguous_warrant,Ambiguous,Ambiguous,Ambiguous,True,False,False,False,False,proposed_v2_coauthor_review,historical_v1_packets,False,,False,,False,,none,none,False,False,False,False,False,structure_without_new_sentence_text,False,final_nondecisive,PENDING_FRESH_JUDGMENTS
grok,SA-000460,SA-000460,118940,regression,Refuted,silver_clear_evidence_utilization_failure,Refuted,Refuted,Refuted,False,False,False,False,False,proposed_v2_coauthor_review,historical_v1_packets,True,True,True,True,True,True,A,A,False,False,False,False,False,structure_without_new_sentence_text,True,sentence_only_gold_agreeing,PENDING_FRESH_JUDGMENTS
grok,SA-000461,SA-000461,117003,rescue,Refuted,silver_unresolved,Refuted,Refuted,Refuted,False,False,False,False,False,proposed_v2_coauthor_review,historical_v1_packets,True,True,True,True,True,True,A,A,False,False,False,False,False,structure_without_new_sentence_text,False,sentence_only_gold_agreeing,PENDING_FRESH_JUDGMENTS
grok,SA-000462,SA-000462,48880,resistant,Refuted,silver_partial_or_ambiguous_warrant,Ambiguous,Ambiguous,Ambiguous,True,False,False,False,False,proposed_v2_coauthor_review,historical_v1_packets,False,,False,,False,,none,none,False,False,False,False,False,structure_without_new_sentence_text,False,final_nondecisive,PENDING_FRESH_JUDGMENTS
grok,SA-000463,SA-000463,171614,rescue,Supported,silver_unresolved,Supported,Supported,Supported,False,False,False,False,False,proposed_v2_coauthor_review,historical_v1_packets,True,True,True,True,True,True,A,A,False,False,False,False,False,structure_without_new_sentence_text,False,sentence_only_gold_agreeing,PENDING_FRESH_JUDGMENTS
grok,SA-000464,SA-000464,164999,regression,Supported,silver_partial_or_ambiguous_warrant,Ambiguous,Ambiguous,Ambiguous,True,False,False,False,False,proposed_v2_coauthor_review,historical_v1_packets,False,,False,,False,,none,none,False,False,False,False,False,additional_sentence_text_and_structure,False,final_nondecisive,PENDING_FRESH_JUDGMENTS
grok,SA-000465,SA-000465,188994,resistant,Refuted,silver_partial_or_ambiguous_warrant,Ambiguous,Ambiguous,Ambiguous,True,False,False,False,False,proposed_v2_coauthor_review,historical_v1_packets,False,,False,,False,,none,none,False,False,False,False,False,structure_without_new_sentence_text,False,final_nondecisive,PENDING_FRESH_JUDGMENTS
grok,SA-000466,SA-000466,105257,rescue,Refuted,silver_partial_or_ambiguous_warrant,Ambiguous,Ambiguous,Ambiguous,True,False,False,False,False,proposed_v2_coauthor_review,historical_v1_packets,False,,False,,False,,none,none,False,False,False,False,False,structure_without_new_sentence_text,False,final_nondecisive,PENDING_FRESH_JUDGMENTS
grok,SA-000467,SA-000467,124022,rescue,Refuted,silver_unresolved,Refuted,Refuted,Refuted,False,False,False,False,False,proposed_v2_coauthor_review,historical_v1_packets,True,True,True,True,True,True,A,A,False,False,False,False,False,structure_without_new_sentence_text,False,sentence_only_gold_agreeing,PENDING_FRESH_JUDGMENTS
grok,SA-000468,SA-000468,49926,rescue,Supported,silver_structured_evidence_sensitive,Ambiguous,Supported,Supported,False,True,False,False,False,proposed_v2_coauthor_review,historical_v1_packets,False,,True,True,True,True,B,B,True,False,False,False,False,structure_without_new_sentence_text,False,title_disclosure_gold_agreeing,PENDING_FRESH_JUDGMENTS
grok,SA-000469,SA-000469,40748,resistant,Supported,silver_clear_evidence_utilization_failure,Supported,Supported,Supported,False,False,False,False,False,proposed_v2_coauthor_review,historical_v1_packets,True,True,True,True,True,True,A,A,False,False,False,False,False,structure_without_new_sentence_text,True,sentence_only_gold_agreeing,PENDING_FRESH_JUDGMENTS
grok,SA-000470,SA-000470,173919,resistant,Refuted,silver_partial_or_ambiguous_warrant,Ambiguous,Ambiguous,Ambiguous,True,False,False,False,False,proposed_v2_coauthor_review,historical_v1_packets,False,,False,,False,,none,none,False,False,False,False,False,additional_sentence_text_and_structure,False,final_nondecisive,PENDING_FRESH_JUDGMENTS
grok,SA-000471,SA-000471,108567,robust,Refuted,silver_unresolved,Refuted,Refuted,Refuted,False,False,False,False,False,proposed_v2_coauthor_review,historical_v1_packets,True,True,True,True,True,True,A,A,False,False,False,False,False,structure_without_new_sentence_text,False,sentence_only_gold_agreeing,PENDING_FRESH_JUDGMENTS
grok,SA-000472,SA-000472,55335,resistant,Supported,silver_structured_evidence_sensitive,Ambiguous,Supported,Supported,False,True,False,False,False,proposed_v2_coauthor_review,historical_v1_packets,False,,True,True,True,True,B,B,True,False,False,False,False,structure_without_new_sentence_text,False,title_disclosure_gold_agreeing,PENDING_FRESH_JUDGMENTS
grok,SA-000473,SA-000473,107335,robust,Refuted,silver_unresolved,Refuted,Refuted,Refuted,False,False,False,False,False,proposed_v2_coauthor_review,historical_v1_packets,True,True,True,True,True,True,A,A,False,False,False,False,False,additional_sentence_text_and_structure,False,sentence_only_gold_agreeing,PENDING_FRESH_JUDGMENTS
grok,SA-000474,SA-000474,212317,resistant,Refuted,silver_clear_evidence_utilization_failure,Supported,Supported,Supported,False,False,False,False,False,proposed_v2_coauthor_review,historical_v1_packets,True,False,True,False,True,False,A,none,False,False,False,False,False,structure_without_new_sentence_text,False,decisive_judge_fever_disagreement,PENDING_FRESH_JUDGMENTS
grok,SA-000475,SA-000475,65033,rescue,Refuted,silver_partial_or_ambiguous_warrant,Ambiguous,Ambiguous,Ambiguous,True,False,False,False,False,proposed_v2_coauthor_review,historical_v1_packets,False,,False,,False,,none,none,False,False,False,False,False,structure_without_new_sentence_text,False,final_nondecisive,PENDING_FRESH_JUDGMENTS
grok,SA-000476,SA-000476,169984,resistant,Refuted,silver_clear_evidence_utilization_failure,Supported,Supported,Supported,False,False,False,False,False,proposed_v2_coauthor_review,historical_v1_packets,True,False,True,False,True,False,A,none,False,False,False,False,False,structure_without_new_sentence_text,False,decisive_judge_fever_disagreement,PENDING_FRESH_JUDGMENTS
grok,SA-000477,SA-000477,152176,rescue,Refuted,silver_unresolved,Refuted,Refuted,Refuted,False,False,False,False,False,proposed_v2_coauthor_review,historical_v1_packets,True,True,True,True,True,True,A,A,False,False,False,False,False,structure_without_new_sentence_text,False,sentence_only_gold_agreeing,PENDING_FRESH_JUDGMENTS
grok,SA-000478,SA-000478,218238,rescue,Supported,silver_partial_or_ambiguous_warrant,Ambiguous,Ambiguous,Unresolved,True,False,False,False,False,proposed_v2_coauthor_review,historical_v1_packets,False,,False,,False,,none,none,False,False,False,False,False,structure_without_new_sentence_text,False,final_nondecisive,PENDING_FRESH_JUDGMENTS
grok,SA-000479,SA-000479,108736,regression,Refuted,silver_clear_evidence_utilization_failure,Refuted,Refuted,Refuted,False,False,False,False,False,proposed_v2_coauthor_review,historical_v1_packets,True,True,True,True,True,True,A,A,False,False,False,False,False,structure_without_new_sentence_text,True,sentence_only_gold_agreeing,PENDING_FRESH_JUDGMENTS
grok,SA-000480,SA-000480,113349,resistant,Supported,silver_clear_evidence_utilization_failure,Refuted,Refuted,Refuted,False,False,False,False,False,proposed_v2_coauthor_review,historical_v1_packets,True,False,True,False,True,False,A,none,False,False,False,False,False,structure_without_new_sentence_text,False,decisive_judge_fever_disagreement,PENDING_FRESH_JUDGMENTS
grok,SA-000481,SA-000481,111938,regression,Supported,silver_partial_or_ambiguous_warrant,Ambiguous,Ambiguous,Ambiguous,True,False,False,False,False,proposed_v2_coauthor_review,historical_v1_packets,False,,False,,False,,none,none,False,False,False,False,False,structure_without_new_sentence_text,False,final_nondecisive,PENDING_FRESH_JUDGMENTS
grok,SA-000482,SA-000482,88385,resistant,Refuted,silver_clear_evidence_utilization_failure,Refuted,Refuted,Refuted,False,False,False,False,False,proposed_v2_coauthor_review,historical_v1_packets,True,True,True,True,True,True,A,A,False,False,False,False,False,structure_without_new_sentence_text,True,sentence_only_gold_agreeing,PENDING_FRESH_JUDGMENTS
grok,SA-000483,SA-000483,9680,regression,Supported,silver_structured_evidence_sensitive,Ambiguous,Supported,Supported,False,True,False,False,False,proposed_v2_coauthor_review,historical_v1_packets,False,,True,True,True,True,B,B,True,False,False,False,False,structure_without_new_sentence_text,False,title_disclosure_gold_agreeing,PENDING_FRESH_JUDGMENTS
grok,SA-000484,SA-000484,53852,resistant,Refuted,silver_clear_evidence_utilization_failure,Supported,Supported,Supported,False,False,False,False,False,proposed_v2_coauthor_review,historical_v1_packets,True,False,True,False,True,False,A,none,False,False,False,False,False,structure_without_new_sentence_text,False,decisive_judge_fever_disagreement,PENDING_FRESH_JUDGMENTS
grok,SA-000485,SA-000485,88008,rescue,Supported,silver_unresolved,Supported,Supported,Supported,False,False,False,False,False,proposed_v2_coauthor_review,historical_v1_packets,True,True,True,True,True,True,A,A,False,False,False,False,False,structure_without_new_sentence_text,False,sentence_only_gold_agreeing,PENDING_FRESH_JUDGMENTS
grok,SA-000486,SA-000486,103833,rescue,Supported,silver_unresolved,Supported,Supported,Supported,False,False,False,False,False,proposed_v2_coauthor_review,historical_v1_packets,True,True,True,True,True,True,A,A,False,False,False,False,False,structure_without_new_sentence_text,False,sentence_only_gold_agreeing,PENDING_FRESH_JUDGMENTS
grok,SA-000487,SA-000487,223350,rescue,Supported,silver_unresolved,Supported,Supported,Supported,False,False,False,False,False,proposed_v2_coauthor_review,historical_v1_packets,True,True,True,True,True,True,A,A,False,False,False,False,False,structure_without_new_sentence_text,False,sentence_only_gold_agreeing,PENDING_FRESH_JUDGMENTS
grok,SA-000488,SA-000488,102352,robust,Supported,silver_unresolved,Supported,Supported,Supported,False,False,False,False,False,proposed_v2_coauthor_review,historical_v1_packets,True,True,True,True,True,True,A,A,False,False,False,False,False,structure_without_new_sentence_text,False,sentence_only_gold_agreeing,PENDING_FRESH_JUDGMENTS
grok,SA-000489,SA-000489,162044,rescue,Supported,silver_unresolved,Supported,Supported,Supported,False,False,False,False,False,proposed_v2_coauthor_review,historical_v1_packets,True,True,True,True,True,True,A,A,False,False,False,False,False,structure_without_new_sentence_text,False,sentence_only_gold_agreeing,PENDING_FRESH_JUDGMENTS
grok,SA-000490,SA-000490,204415,rescue,Supported,silver_unresolved,Supported,Supported,Supported,False,False,False,False,False,proposed_v2_coauthor_review,historical_v1_packets,True,True,True,True,True,True,A,A,False,False,False,False,False,structure_without_new_sentence_text,False,sentence_only_gold_agreeing,PENDING_FRESH_JUDGMENTS
grok,SA-000491,SA-000491,88112,resistant,Refuted,silver_clear_evidence_utilization_failure,Refuted,Refuted,Refuted,False,False,False,False,False,proposed_v2_coauthor_review,historical_v1_packets,True,True,True,True,True,True,A,A,False,False,False,False,False,additional_sentence_text_and_structure,True,sentence_only_gold_agreeing,PENDING_FRESH_JUDGMENTS
grok,SA-000492,SA-000492,93823,resistant,Refuted,silver_partial_or_ambiguous_warrant,Unresolved,Ambiguous,Ambiguous,True,False,False,False,False,proposed_v2_coauthor_review,historical_v1_packets,False,,False,,False,,none,none,False,False,False,False,False,structure_without_new_sentence_text,False,final_nondecisive,PENDING_FRESH_JUDGMENTS
grok,SA-000493,SA-000493,101619,resistant,Supported,silver_structured_evidence_sensitive,Ambiguous,Ambiguous,Refuted,False,False,True,False,False,proposed_v2_coauthor_review,historical_v1_packets,False,,False,,True,False,C,none,False,True,False,False,False,structure_without_new_sentence_text,False,decisive_judge_fever_disagreement,PENDING_FRESH_JUDGMENTS
grok,SA-000494,SA-000494,117369,regression,Refuted,silver_clear_evidence_utilization_failure,Supported,Supported,Supported,False,False,False,False,False,proposed_v2_coauthor_review,historical_v1_packets,True,False,True,False,True,False,A,none,False,False,False,False,False,additional_sentence_text_and_structure,False,decisive_judge_fever_disagreement,PENDING_FRESH_JUDGMENTS
grok,SA-000495,SA-000495,27589,resistant,Supported,silver_clear_evidence_utilization_failure,Refuted,Refuted,Refuted,False,False,False,False,False,proposed_v2_coauthor_review,historical_v1_packets,True,False,True,False,True,False,A,none,False,False,False,False,False,structure_without_new_sentence_text,False,decisive_judge_fever_disagreement,PENDING_FRESH_JUDGMENTS
grok,SA-000496,SA-000496,174604,rescue,Refuted,silver_unresolved,Refuted,Refuted,Refuted,False,False,False,False,False,proposed_v2_coauthor_review,historical_v1_packets,True,True,True,True,True,True,A,A,False,False,False,False,False,structure_without_new_sentence_text,False,sentence_only_gold_agreeing,PENDING_FRESH_JUDGMENTS
grok,SA-000497,SA-000497,71911,resistant,Supported,silver_partial_or_ambiguous_warrant,Ambiguous,Supported,Unresolved,True,True,False,False,False,proposed_v2_coauthor_review,historical_v1_packets,False,,True,True,False,,B,B,True,False,False,False,True,structure_without_new_sentence_text,False,final_nondecisive,PENDING_FRESH_JUDGMENTS
grok,SA-000498,SA-000498,21495,rescue,Refuted,silver_unresolved,Refuted,Refuted,Refuted,False,False,False,False,False,proposed_v2_coauthor_review,historical_v1_packets,True,True,True,True,True,True,A,A,False,False,False,False,False,additional_sentence_text_and_structure,False,sentence_only_gold_agreeing,PENDING_FRESH_JUDGMENTS
grok,SA-000499,SA-000499,22726,regression,Refuted,silver_clear_evidence_utilization_failure,Refuted,Refuted,Refuted,False,False,False,False,False,proposed_v2_coauthor_review,historical_v1_packets,True,True,True,True,True,True,A,A,False,False,False,False,False,additional_sentence_text_and_structure,True,sentence_only_gold_agreeing,PENDING_FRESH_JUDGMENTS
grok,SA-000500,SA-000500,38141,resistant,Refuted,silver_partial_or_ambiguous_warrant,Ambiguous,Ambiguous,Ambiguous,True,False,False,False,False,proposed_v2_coauthor_review,historical_v1_packets,False,,False,,False,,none,none,False,False,False,False,False,structure_without_new_sentence_text,False,final_nondecisive,PENDING_FRESH_JUDGMENTS
grok,SA-000501,SA-000501,227072,robust,Supported,silver_unresolved,Supported,Supported,Supported,False,False,False,False,False,proposed_v2_coauthor_review,historical_v1_packets,True,True,True,True,True,True,A,A,False,False,False,False,False,structure_without_new_sentence_text,False,sentence_only_gold_agreeing,PENDING_FRESH_JUDGMENTS
grok,SA-000502,SA-000502,192975,regression,Refuted,silver_clear_evidence_utilization_failure,Refuted,Refuted,Refuted,False,False,False,False,False,proposed_v2_coauthor_review,historical_v1_packets,True,True,True,True,True,True,A,A,False,False,False,False,False,structure_without_new_sentence_text,True,sentence_only_gold_agreeing,PENDING_FRESH_JUDGMENTS
grok,SA-000503,SA-000503,110839,rescue,Supported,silver_unresolved,Supported,Supported,Supported,False,False,False,False,False,proposed_v2_coauthor_review,historical_v1_packets,True,True,True,True,True,True,A,A,False,False,False,False,False,structure_without_new_sentence_text,False,sentence_only_gold_agreeing,PENDING_FRESH_JUDGMENTS
grok,SA-000504,SA-000504,98916,resistant,Supported,silver_partial_or_ambiguous_warrant,Ambiguous,Ambiguous,Ambiguous,True,False,False,False,False,proposed_v2_coauthor_review,historical_v1_packets,False,,False,,False,,none,none,False,False,False,False,False,structure_without_new_sentence_text,False,final_nondecisive,PENDING_FRESH_JUDGMENTS
grok,SA-000505,SA-000505,83,resistant,Refuted,silver_clear_evidence_utilization_failure,Supported,Supported,Supported,False,False,False,False,False,proposed_v2_coauthor_review,historical_v1_packets,True,False,True,False,True,False,A,none,False,False,False,False,False,structure_without_new_sentence_text,False,decisive_judge_fever_disagreement,PENDING_FRESH_JUDGMENTS
grok,SA-000506,SA-000506,62453,robust,Supported,silver_unresolved,Supported,Supported,Supported,False,False,False,False,False,proposed_v2_coauthor_review,historical_v1_packets,True,True,True,True,True,True,A,A,False,False,False,False,False,structure_without_new_sentence_text,False,sentence_only_gold_agreeing,PENDING_FRESH_JUDGMENTS
grok,SA-000507,SA-000507,179046,robust,Refuted,silver_unresolved,Refuted,Refuted,Refuted,False,False,False,False,False,proposed_v2_coauthor_review,historical_v1_packets,True,True,True,True,True,True,A,A,False,False,False,False,False,structure_without_new_sentence_text,False,sentence_only_gold_agreeing,PENDING_FRESH_JUDGMENTS
grok,SA-000508,SA-000508,147781,regression,Refuted,silver_clear_evidence_utilization_failure,Refuted,Refuted,Refuted,False,False,False,False,False,proposed_v2_coauthor_review,historical_v1_packets,True,True,True,True,True,True,A,A,False,False,False,False,False,structure_without_new_sentence_text,True,sentence_only_gold_agreeing,PENDING_FRESH_JUDGMENTS
grok,SA-000509,SA-000509,127244,resistant,Supported,silver_clear_evidence_utilization_failure,Refuted,Refuted,Refuted,False,False,False,False,False,proposed_v2_coauthor_review,historical_v1_packets,True,False,True,False,True,False,A,none,False,False,False,False,False,structure_without_new_sentence_text,False,decisive_judge_fever_disagreement,PENDING_FRESH_JUDGMENTS
grok,SA-000510,SA-000510,223499,regression,Supported,silver_clear_evidence_utilization_failure,Refuted,Refuted,Refuted,False,False,False,False,False,proposed_v2_coauthor_review,historical_v1_packets,True,False,True,False,True,False,A,none,False,False,False,False,False,structure_without_new_sentence_text,False,decisive_judge_fever_disagreement,PENDING_FRESH_JUDGMENTS
grok,SA-000511,SA-000511,99911,resistant,Supported,silver_partial_or_ambiguous_warrant,Ambiguous,Ambiguous,Ambiguous,True,False,False,False,False,proposed_v2_coauthor_review,historical_v1_packets,False,,False,,False,,none,none,False,False,False,False,False,structure_without_new_sentence_text,False,final_nondecisive,PENDING_FRESH_JUDGMENTS
grok,SA-000512,SA-000512,75013,robust,Refuted,silver_unresolved,Refuted,Refuted,Refuted,False,False,False,False,False,proposed_v2_coauthor_review,historical_v1_packets,True,True,True,True,True,True,A,A,False,False,False,False,False,structure_without_new_sentence_text,False,sentence_only_gold_agreeing,PENDING_FRESH_JUDGMENTS
grok,SA-000513,SA-000513,91340,robust,Refuted,silver_unresolved,Refuted,Refuted,Refuted,False,False,False,False,False,proposed_v2_coauthor_review,historical_v1_packets,True,True,True,True,True,True,A,A,False,False,False,False,False,structure_without_new_sentence_text,False,sentence_only_gold_agreeing,PENDING_FRESH_JUDGMENTS
grok,SA-000514,SA-000514,198888,rescue,Supported,silver_unresolved,Supported,Supported,Supported,False,False,False,False,False,proposed_v2_coauthor_review,historical_v1_packets,True,True,True,True,True,True,A,A,False,False,False,False,False,structure_without_new_sentence_text,False,sentence_only_gold_agreeing,PENDING_FRESH_JUDGMENTS
grok,SA-000515,SA-000515,63116,resistant,Refuted,silver_partial_or_ambiguous_warrant,Ambiguous,Ambiguous,Ambiguous,True,False,False,False,False,proposed_v2_coauthor_review,historical_v1_packets,False,,False,,False,,none,none,False,False,False,False,False,structure_without_new_sentence_text,False,final_nondecisive,PENDING_FRESH_JUDGMENTS
grok,SA-000516,SA-000516,71836,robust,Refuted,silver_unresolved,Refuted,Refuted,Refuted,False,False,False,False,False,proposed_v2_coauthor_review,historical_v1_packets,True,True,True,True,True,True,A,A,False,False,False,False,False,structure_without_new_sentence_text,False,sentence_only_gold_agreeing,PENDING_FRESH_JUDGMENTS
grok,SA-000517,SA-000517,146485,resistant,Supported,silver_structured_evidence_sensitive,Ambiguous,Ambiguous,Refuted,False,False,True,False,False,proposed_v2_coauthor_review,historical_v1_packets,False,,False,,True,False,C,none,False,True,False,False,False,structure_without_new_sentence_text,False,decisive_judge_fever_disagreement,PENDING_FRESH_JUDGMENTS
grok,SA-000518,SA-000518,7278,resistant,Supported,silver_partial_or_ambiguous_warrant,Ambiguous,Ambiguous,Ambiguous,True,False,False,False,False,proposed_v2_coauthor_review,historical_v1_packets,False,,False,,False,,none,none,False,False,False,False,False,structure_without_new_sentence_text,False,final_nondecisive,PENDING_FRESH_JUDGMENTS
grok,SA-000519,SA-000519,67818,resistant,Refuted,silver_clear_evidence_utilization_failure,Supported,Supported,Supported,False,False,False,False,False,proposed_v2_coauthor_review,historical_v1_packets,True,False,True,False,True,False,A,none,False,False,False,False,False,structure_without_new_sentence_text,False,decisive_judge_fever_disagreement,PENDING_FRESH_JUDGMENTS
grok,SA-000520,SA-000520,201112,resistant,Refuted,silver_clear_evidence_utilization_failure,Supported,Supported,Supported,False,False,False,False,False,proposed_v2_coauthor_review,historical_v1_packets,True,False,True,False,True,False,A,none,False,False,False,False,False,structure_without_new_sentence_text,False,decisive_judge_fever_disagreement,PENDING_FRESH_JUDGMENTS
grok,SA-000521,SA-000521,171521,resistant,Supported,silver_partial_or_ambiguous_warrant,Ambiguous,Ambiguous,Ambiguous,True,False,False,False,False,proposed_v2_coauthor_review,historical_v1_packets,False,,False,,False,,none,none,False,False,False,False,False,structure_without_new_sentence_text,False,final_nondecisive,PENDING_FRESH_JUDGMENTS
grok,SA-000522,SA-000522,5972,rescue,Supported,silver_unresolved,Supported,Supported,Supported,False,False,False,False,False,proposed_v2_coauthor_review,historical_v1_packets,True,True,True,True,True,True,A,A,False,False,False,False,False,structure_without_new_sentence_text,False,sentence_only_gold_agreeing,PENDING_FRESH_JUDGMENTS
grok,SA-000523,SA-000523,21187,robust,Supported,silver_unresolved,Supported,Supported,Supported,False,False,False,False,False,proposed_v2_coauthor_review,historical_v1_packets,True,True,True,True,True,True,A,A,False,False,False,False,False,additional_sentence_text_and_structure,False,sentence_only_gold_agreeing,PENDING_FRESH_JUDGMENTS
grok,SA-000524,SA-000524,75594,resistant,Supported,silver_clear_evidence_utilization_failure,Supported,Supported,Supported,False,False,False,False,False,proposed_v2_coauthor_review,historical_v1_packets,True,True,True,True,True,True,A,A,False,False,False,False,False,additional_sentence_text_and_structure,True,sentence_only_gold_agreeing,PENDING_FRESH_JUDGMENTS
grok,SA-000525,SA-000525,94829,regression,Refuted,silver_clear_evidence_utilization_failure,Refuted,Refuted,Refuted,False,False,False,False,False,proposed_v2_coauthor_review,historical_v1_packets,True,True,True,True,True,True,A,A,False,False,False,False,False,structure_without_new_sentence_text,True,sentence_only_gold_agreeing,PENDING_FRESH_JUDGMENTS
grok,SA-000526,SA-000526,223352,resistant,Refuted,silver_partial_or_ambiguous_warrant,Ambiguous,Ambiguous,Ambiguous,True,False,False,False,False,proposed_v2_coauthor_review,historical_v1_packets,False,,False,,False,,none,none,False,False,False,False,False,additional_sentence_text_and_structure,False,final_nondecisive,PENDING_FRESH_JUDGMENTS
grok,SA-000527,SA-000527,133407,regression,Supported,silver_clear_evidence_utilization_failure,Supported,Supported,Supported,False,False,False,False,False,proposed_v2_coauthor_review,historical_v1_packets,True,True,True,True,True,True,A,A,False,False,False,False,False,structure_without_new_sentence_text,True,sentence_only_gold_agreeing,PENDING_FRESH_JUDGMENTS
grok,SA-000528,SA-000528,27073,resistant,Supported,silver_structured_evidence_sensitive,Ambiguous,Unresolved,Supported,False,False,True,False,False,proposed_v2_coauthor_review,historical_v1_packets,False,,False,,True,True,C,C,False,True,False,False,False,structure_without_new_sentence_text,False,structured_disclosure_gold_agreeing,PENDING_FRESH_JUDGMENTS
grok,SA-000529,SA-000529,18159,robust,Refuted,silver_partial_or_ambiguous_warrant,Ambiguous,Unresolved,Ambiguous,True,False,False,False,False,proposed_v2_coauthor_review,historical_v1_packets,False,,False,,False,,none,none,False,False,False,False,False,structure_without_new_sentence_text,False,final_nondecisive,PENDING_FRESH_JUDGMENTS
grok,SA-000530,SA-000530,45465,robust,Supported,silver_unresolved,Supported,Supported,Supported,False,False,False,False,False,proposed_v2_coauthor_review,historical_v1_packets,True,True,True,True,True,True,A,A,False,False,False,False,False,structure_without_new_sentence_text,False,sentence_only_gold_agreeing,PENDING_FRESH_JUDGMENTS
grok,SA-000531,SA-000531,197384,resistant,Supported,silver_partial_or_ambiguous_warrant,Ambiguous,Ambiguous,Ambiguous,True,False,False,False,False,proposed_v2_coauthor_review,historical_v1_packets,False,,False,,False,,none,none,False,False,False,False,False,structure_without_new_sentence_text,False,final_nondecisive,PENDING_FRESH_JUDGMENTS
grok,SA-000532,SA-000532,172701,rescue,Supported,silver_unresolved,Supported,Supported,Supported,False,False,False,False,False,proposed_v2_coauthor_review,historical_v1_packets,True,True,True,True,True,True,A,A,False,False,False,False,False,structure_without_new_sentence_text,False,sentence_only_gold_agreeing,PENDING_FRESH_JUDGMENTS
grok,SA-000533,SA-000533,157597,rescue,Refuted,silver_unresolved,Refuted,Refuted,Refuted,False,False,False,False,False,proposed_v2_coauthor_review,historical_v1_packets,True,True,True,True,True,True,A,A,False,False,False,False,False,structure_without_new_sentence_text,False,sentence_only_gold_agreeing,PENDING_FRESH_JUDGMENTS
grok,SA-000534,SA-000534,93412,regression,Supported,silver_clear_evidence_utilization_failure,Supported,Supported,Supported,False,False,False,False,False,proposed_v2_coauthor_review,historical_v1_packets,True,True,True,True,True,True,A,A,False,False,False,False,False,structure_without_new_sentence_text,True,sentence_only_gold_agreeing,PENDING_FRESH_JUDGMENTS
grok,SA-000535,SA-000535,151450,rescue,Supported,silver_partial_or_ambiguous_warrant,Ambiguous,Ambiguous,Ambiguous,True,False,False,False,False,proposed_v2_coauthor_review,historical_v1_packets,False,,False,,False,,none,none,False,False,False,False,False,structure_without_new_sentence_text,False,final_nondecisive,PENDING_FRESH_JUDGMENTS
grok,SA-000536,SA-000536,119918,robust,Refuted,silver_unresolved,Refuted,Refuted,Refuted,False,False,False,False,False,proposed_v2_coauthor_review,historical_v1_packets,True,True,True,True,True,True,A,A,False,False,False,False,False,additional_sentence_text_and_structure,False,sentence_only_gold_agreeing,PENDING_FRESH_JUDGMENTS
grok,SA-000537,SA-000537,71246,robust,Supported,silver_unresolved,Supported,Supported,Supported,False,False,False,False,False,proposed_v2_coauthor_review,historical_v1_packets,True,True,True,True,True,True,A,A,False,False,False,False,False,structure_without_new_sentence_text,False,sentence_only_gold_agreeing,PENDING_FRESH_JUDGMENTS
grok,SA-000538,SA-000538,195914,rescue,Refuted,silver_unresolved,Refuted,Refuted,Refuted,False,False,False,False,False,proposed_v2_coauthor_review,historical_v1_packets,True,True,True,True,True,True,A,A,False,False,False,False,False,structure_without_new_sentence_text,False,sentence_only_gold_agreeing,PENDING_FRESH_JUDGMENTS
grok,SA-000539,SA-000539,224141,resistant,Refuted,silver_clear_evidence_utilization_failure,Supported,Supported,Supported,False,False,False,False,False,proposed_v2_coauthor_review,historical_v1_packets,True,False,True,False,True,False,A,none,False,False,False,False,False,structure_without_new_sentence_text,False,decisive_judge_fever_disagreement,PENDING_FRESH_JUDGMENTS
grok,SA-000540,SA-000540,145491,resistant,Refuted,silver_clear_evidence_utilization_failure,Supported,Supported,Supported,False,False,False,False,False,proposed_v2_coauthor_review,historical_v1_packets,True,False,True,False,True,False,A,none,False,False,False,False,False,additional_sentence_text_and_structure,False,decisive_judge_fever_disagreement,PENDING_FRESH_JUDGMENTS
grok,SA-000541,SA-000541,225863,resistant,Supported,silver_partial_or_ambiguous_warrant,Ambiguous,Ambiguous,Ambiguous,True,False,False,False,False,proposed_v2_coauthor_review,historical_v1_packets,False,,False,,False,,none,none,False,False,False,False,False,structure_without_new_sentence_text,False,final_nondecisive,PENDING_FRESH_JUDGMENTS
grok,SA-000542,SA-000542,42594,robust,Supported,silver_unresolved,Supported,Supported,Supported,False,False,False,False,False,proposed_v2_coauthor_review,historical_v1_packets,True,True,True,True,True,True,A,A,False,False,False,False,False,structure_without_new_sentence_text,False,sentence_only_gold_agreeing,PENDING_FRESH_JUDGMENTS
grok,SA-000543,SA-000543,62907,robust,Supported,silver_unresolved,Supported,Supported,Supported,False,False,False,False,False,proposed_v2_coauthor_review,historical_v1_packets,True,True,True,True,True,True,A,A,False,False,False,False,False,structure_without_new_sentence_text,False,sentence_only_gold_agreeing,PENDING_FRESH_JUDGMENTS
grok,SA-000544,SA-000544,208906,regression,Supported,silver_clear_evidence_utilization_failure,Supported,Supported,Supported,False,False,False,False,False,proposed_v2_coauthor_review,historical_v1_packets,True,True,True,True,True,True,A,A,False,False,False,False,False,additional_sentence_text_and_structure,True,sentence_only_gold_agreeing,PENDING_FRESH_JUDGMENTS
grok,SA-000545,SA-000545,117374,resistant,Refuted,silver_clear_evidence_utilization_failure,Supported,Supported,Supported,False,False,False,False,False,proposed_v2_coauthor_review,historical_v1_packets,True,False,True,False,True,False,A,none,False,False,False,False,False,structure_without_new_sentence_text,False,decisive_judge_fever_disagreement,PENDING_FRESH_JUDGMENTS
grok,SA-000546,SA-000546,181125,resistant,Supported,silver_clear_evidence_utilization_failure,Refuted,Refuted,Refuted,False,False,False,False,False,proposed_v2_coauthor_review,historical_v1_packets,True,False,True,False,True,False,A,none,False,False,False,False,False,structure_without_new_sentence_text,False,decisive_judge_fever_disagreement,PENDING_FRESH_JUDGMENTS
grok,SA-000547,SA-000547,199817,rescue,Refuted,silver_partial_or_ambiguous_warrant,Ambiguous,Ambiguous,Unresolved,True,False,False,False,False,proposed_v2_coauthor_review,historical_v1_packets,False,,False,,False,,none,none,False,False,False,False,False,additional_sentence_text_and_structure,False,final_nondecisive,PENDING_FRESH_JUDGMENTS
grok,SA-000548,SA-000548,85093,rescue,Refuted,silver_unresolved,Refuted,Refuted,Refuted,False,False,False,False,False,proposed_v2_coauthor_review,historical_v1_packets,True,True,True,True,True,True,A,A,False,False,False,False,False,structure_without_new_sentence_text,False,sentence_only_gold_agreeing,PENDING_FRESH_JUDGMENTS
grok,SA-000549,SA-000549,182917,regression,Refuted,silver_structured_evidence_sensitive,Unresolved,Unresolved,Refuted,False,False,True,False,False,proposed_v2_coauthor_review,historical_v1_packets,False,,False,,True,True,C,C,False,True,False,False,False,structure_without_new_sentence_text,False,structured_disclosure_gold_agreeing,PENDING_FRESH_JUDGMENTS
grok,SA-000550,SA-000550,203160,robust,Supported,silver_structured_evidence_sensitive,Ambiguous,Supported,Supported,False,True,False,False,False,proposed_v2_coauthor_review,historical_v1_packets,False,,True,True,True,True,B,B,True,False,False,False,False,additional_sentence_text_and_structure,False,title_disclosure_gold_agreeing,PENDING_FRESH_JUDGMENTS
grok,SA-000551,SA-000551,200289,rescue,Supported,silver_structured_evidence_sensitive,Unresolved,Supported,Supported,False,True,False,False,False,proposed_v2_coauthor_review,historical_v1_packets,False,,True,True,True,True,B,B,True,False,False,False,False,structure_without_new_sentence_text,False,title_disclosure_gold_agreeing,PENDING_FRESH_JUDGMENTS
grok,SA-000552,SA-000552,23729,robust,Supported,silver_unresolved,Supported,Supported,Supported,False,False,False,False,False,proposed_v2_coauthor_review,historical_v1_packets,True,True,True,True,True,True,A,A,False,False,False,False,False,structure_without_new_sentence_text,False,sentence_only_gold_agreeing,PENDING_FRESH_JUDGMENTS
grok,SA-000553,SA-000553,33547,regression,Supported,silver_clear_evidence_utilization_failure,Refuted,Refuted,Refuted,False,False,False,False,False,proposed_v2_coauthor_review,historical_v1_packets,True,False,True,False,True,False,A,none,False,False,False,False,False,structure_without_new_sentence_text,False,decisive_judge_fever_disagreement,PENDING_FRESH_JUDGMENTS
grok,SA-000554,SA-000554,76138,robust,Refuted,silver_unresolved,Refuted,Refuted,Refuted,False,False,False,False,False,proposed_v2_coauthor_review,historical_v1_packets,True,True,True,True,True,True,A,A,False,False,False,False,False,structure_without_new_sentence_text,False,sentence_only_gold_agreeing,PENDING_FRESH_JUDGMENTS
grok,SA-000555,SA-000555,194795,regression,Supported,silver_partial_or_ambiguous_warrant,Ambiguous,Ambiguous,Ambiguous,True,False,False,False,False,proposed_v2_coauthor_review,historical_v1_packets,False,,False,,False,,none,none,False,False,False,False,False,structure_without_new_sentence_text,False,final_nondecisive,PENDING_FRESH_JUDGMENTS
grok,SA-000556,SA-000556,58896,robust,Supported,silver_unresolved,Supported,Supported,Supported,False,False,False,False,False,proposed_v2_coauthor_review,historical_v1_packets,True,True,True,True,True,True,A,A,False,False,False,False,False,structure_without_new_sentence_text,False,sentence_only_gold_agreeing,PENDING_FRESH_JUDGMENTS
grok,SA-000557,SA-000557,229309,resistant,Refuted,silver_clear_evidence_utilization_failure,Refuted,Refuted,Refuted,False,False,False,False,False,proposed_v2_coauthor_review,historical_v1_packets,True,True,True,True,True,True,A,A,False,False,False,False,False,additional_sentence_text_and_structure,True,sentence_only_gold_agreeing,PENDING_FRESH_JUDGMENTS
grok,SA-000558,SA-000558,216365,resistant,Refuted,silver_clear_evidence_utilization_failure,Refuted,Refuted,Refuted,False,False,False,False,False,proposed_v2_coauthor_review,historical_v1_packets,True,True,True,True,True,True,A,A,False,False,False,False,False,structure_without_new_sentence_text,True,sentence_only_gold_agreeing,PENDING_FRESH_JUDGMENTS
grok,SA-000559,SA-000559,108917,rescue,Supported,silver_unresolved,Supported,Supported,Supported,False,False,False,False,False,proposed_v2_coauthor_review,historical_v1_packets,True,True,True,True,True,True,A,A,False,False,False,False,False,structure_without_new_sentence_text,False,sentence_only_gold_agreeing,PENDING_FRESH_JUDGMENTS
grok,SA-000560,SA-000560,25740,regression,Refuted,silver_clear_evidence_utilization_failure,Refuted,Refuted,Refuted,False,False,False,False,False,proposed_v2_coauthor_review,historical_v1_packets,True,True,True,True,True,True,A,A,False,False,False,False,False,structure_without_new_sentence_text,True,sentence_only_gold_agreeing,PENDING_FRESH_JUDGMENTS
grok,SA-000561,SA-000561,26132,robust,Supported,silver_unresolved,Supported,Supported,Supported,False,False,False,False,False,proposed_v2_coauthor_review,historical_v1_packets,True,True,True,True,True,True,A,A,False,False,False,False,False,additional_sentence_text_and_structure,False,sentence_only_gold_agreeing,PENDING_FRESH_JUDGMENTS
grok,SA-000562,SA-000562,103947,rescue,Supported,silver_unresolved,Supported,Supported,Supported,False,False,False,False,False,proposed_v2_coauthor_review,historical_v1_packets,True,True,True,True,True,True,A,A,False,False,False,False,False,structure_without_new_sentence_text,False,sentence_only_gold_agreeing,PENDING_FRESH_JUDGMENTS
grok,SA-000563,SA-000563,179332,regression,Refuted,silver_partial_or_ambiguous_warrant,Ambiguous,Ambiguous,Ambiguous,True,False,False,False,False,proposed_v2_coauthor_review,historical_v1_packets,False,,False,,False,,none,none,False,False,False,False,False,structure_without_new_sentence_text,False,final_nondecisive,PENDING_FRESH_JUDGMENTS
grok,SA-000564,SA-000564,24273,resistant,Refuted,silver_clear_evidence_utilization_failure,Refuted,Refuted,Refuted,False,False,False,False,False,proposed_v2_coauthor_review,historical_v1_packets,True,True,True,True,True,True,A,A,False,False,False,False,False,structure_without_new_sentence_text,True,sentence_only_gold_agreeing,PENDING_FRESH_JUDGMENTS
grok,SA-000565,SA-000565,8067,robust,Supported,silver_unresolved,Supported,Supported,Supported,False,False,False,False,False,proposed_v2_coauthor_review,historical_v1_packets,True,True,True,True,True,True,A,A,False,False,False,False,False,structure_without_new_sentence_text,False,sentence_only_gold_agreeing,PENDING_FRESH_JUDGMENTS
grok,SA-000566,SA-000566,89682,regression,Supported,silver_clear_evidence_utilization_failure,Refuted,Refuted,Refuted,False,False,False,False,False,proposed_v2_coauthor_review,historical_v1_packets,True,False,True,False,True,False,A,none,False,False,False,False,False,structure_without_new_sentence_text,False,decisive_judge_fever_disagreement,PENDING_FRESH_JUDGMENTS
grok,SA-000567,SA-000567,142728,resistant,Refuted,silver_structured_evidence_sensitive,Unresolved,Refuted,Refuted,False,True,False,False,False,proposed_v2_coauthor_review,historical_v1_packets,False,,True,True,True,True,B,B,True,False,False,False,False,structure_without_new_sentence_text,False,title_disclosure_gold_agreeing,PENDING_FRESH_JUDGMENTS
grok,SA-000568,SA-000568,50382,resistant,Supported,silver_clear_evidence_utilization_failure,Refuted,Refuted,Refuted,False,False,False,False,False,proposed_v2_coauthor_review,historical_v1_packets,True,False,True,False,True,False,A,none,False,False,False,False,False,structure_without_new_sentence_text,False,decisive_judge_fever_disagreement,PENDING_FRESH_JUDGMENTS
grok,SA-000569,SA-000569,194753,rescue,Supported,silver_unresolved,Supported,Supported,Supported,False,False,False,False,False,proposed_v2_coauthor_review,historical_v1_packets,True,True,True,True,True,True,A,A,False,False,False,False,False,structure_without_new_sentence_text,False,sentence_only_gold_agreeing,PENDING_FRESH_JUDGMENTS
grok,SA-000570,SA-000570,159692,resistant,Refuted,silver_partial_or_ambiguous_warrant,Ambiguous,Ambiguous,Ambiguous,True,False,False,False,False,proposed_v2_coauthor_review,historical_v1_packets,False,,False,,False,,none,none,False,False,False,False,False,additional_sentence_text_and_structure,False,final_nondecisive,PENDING_FRESH_JUDGMENTS
grok,SA-000571,SA-000571,56284,regression,Supported,silver_clear_evidence_utilization_failure,Supported,Supported,Supported,False,False,False,False,False,proposed_v2_coauthor_review,historical_v1_packets,True,True,True,True,True,True,A,A,False,False,False,False,False,structure_without_new_sentence_text,True,sentence_only_gold_agreeing,PENDING_FRESH_JUDGMENTS
grok,SA-000572,SA-000572,3783,rescue,Refuted,silver_unresolved,Refuted,Refuted,Refuted,False,False,False,False,False,proposed_v2_coauthor_review,historical_v1_packets,True,True,True,True,True,True,A,A,False,False,False,False,False,structure_without_new_sentence_text,False,sentence_only_gold_agreeing,PENDING_FRESH_JUDGMENTS
grok,SA-000573,SA-000573,161903,resistant,Supported,silver_clear_evidence_utilization_failure,Refuted,Refuted,Refuted,False,False,False,False,False,proposed_v2_coauthor_review,historical_v1_packets,True,False,True,False,True,False,A,none,False,False,False,False,False,structure_without_new_sentence_text,False,decisive_judge_fever_disagreement,PENDING_FRESH_JUDGMENTS
grok,SA-000574,SA-000574,65511,rescue,Supported,silver_unresolved,Supported,Supported,Supported,False,False,False,False,False,proposed_v2_coauthor_review,historical_v1_packets,True,True,True,True,True,True,A,A,False,False,False,False,False,additional_sentence_text_and_structure,False,sentence_only_gold_agreeing,PENDING_FRESH_JUDGMENTS
grok,SA-000575,SA-000575,104555,resistant,Refuted,silver_clear_evidence_utilization_failure,Refuted,Refuted,Refuted,False,False,False,False,False,proposed_v2_coauthor_review,historical_v1_packets,True,True,True,True,True,True,A,A,False,False,False,False,False,structure_without_new_sentence_text,True,sentence_only_gold_agreeing,PENDING_FRESH_JUDGMENTS
grok,SA-000576,SA-000576,63252,robust,Refuted,silver_unresolved,Refuted,Refuted,Refuted,False,False,False,False,False,proposed_v2_coauthor_review,historical_v1_packets,True,True,True,True,True,True,A,A,False,False,False,False,False,structure_without_new_sentence_text,False,sentence_only_gold_agreeing,PENDING_FRESH_JUDGMENTS
grok,SA-000577,SA-000577,139059,rescue,Refuted,silver_unresolved,Refuted,Refuted,Refuted,False,False,False,False,False,proposed_v2_coauthor_review,historical_v1_packets,True,True,True,True,True,True,A,A,False,False,False,False,False,structure_without_new_sentence_text,False,sentence_only_gold_agreeing,PENDING_FRESH_JUDGMENTS
grok,SA-000578,SA-000578,130637,robust,Supported,silver_unresolved,Supported,Supported,Supported,False,False,False,False,False,proposed_v2_coauthor_review,historical_v1_packets,True,True,True,True,True,True,A,A,False,False,False,False,False,structure_without_new_sentence_text,False,sentence_only_gold_agreeing,PENDING_FRESH_JUDGMENTS
grok,SA-000579,SA-000579,53214,robust,Supported,silver_unresolved,Supported,Supported,Supported,False,False,False,False,False,proposed_v2_coauthor_review,historical_v1_packets,True,True,True,True,True,True,A,A,False,False,False,False,False,structure_without_new_sentence_text,False,sentence_only_gold_agreeing,PENDING_FRESH_JUDGMENTS
grok,SA-000580,SA-000580,155610,rescue,Supported,silver_unresolved,Supported,Supported,Supported,False,False,False,False,False,proposed_v2_coauthor_review,historical_v1_packets,True,True,True,True,True,True,A,A,False,False,False,False,False,structure_without_new_sentence_text,False,sentence_only_gold_agreeing,PENDING_FRESH_JUDGMENTS
grok,SA-000581,SA-000581,205134,regression,Supported,silver_clear_evidence_utilization_failure,Supported,Supported,Supported,False,False,False,False,False,proposed_v2_coauthor_review,historical_v1_packets,True,True,True,True,True,True,A,A,False,False,False,False,False,additional_sentence_text_and_structure,True,sentence_only_gold_agreeing,PENDING_FRESH_JUDGMENTS
grok,SA-000582,SA-000582,131060,robust,Supported,silver_structured_evidence_sensitive,Unresolved,Ambiguous,Supported,False,False,True,False,False,proposed_v2_coauthor_review,historical_v1_packets,False,,False,,True,True,C,C,False,True,False,False,False,additional_sentence_text_and_structure,False,additional_evidence_gold_agreeing,PENDING_FRESH_JUDGMENTS
grok,SA-000583,SA-000583,26317,regression,Refuted,silver_partial_or_ambiguous_warrant,Ambiguous,Ambiguous,Ambiguous,True,False,False,False,False,proposed_v2_coauthor_review,historical_v1_packets,False,,False,,False,,none,none,False,False,False,False,False,structure_without_new_sentence_text,False,final_nondecisive,PENDING_FRESH_JUDGMENTS
grok,SA-000584,SA-000584,130920,rescue,Refuted,silver_unresolved,Refuted,Refuted,Refuted,False,False,False,False,False,proposed_v2_coauthor_review,historical_v1_packets,True,True,True,True,True,True,A,A,False,False,False,False,False,structure_without_new_sentence_text,False,sentence_only_gold_agreeing,PENDING_FRESH_JUDGMENTS
grok,SA-000585,SA-000585,161094,resistant,Refuted,silver_clear_evidence_utilization_failure,Supported,Supported,Supported,False,False,False,False,False,proposed_v2_coauthor_review,historical_v1_packets,True,False,True,False,True,False,A,none,False,False,False,False,False,structure_without_new_sentence_text,False,decisive_judge_fever_disagreement,PENDING_FRESH_JUDGMENTS
grok,SA-000586,SA-000586,50537,resistant,Refuted,silver_clear_evidence_utilization_failure,Refuted,Refuted,Refuted,False,False,False,False,False,proposed_v2_coauthor_review,historical_v1_packets,True,True,True,True,True,True,A,A,False,False,False,False,False,structure_without_new_sentence_text,True,sentence_only_gold_agreeing,PENDING_FRESH_JUDGMENTS
grok,SA-000587,SA-000587,156601,rescue,Supported,silver_unresolved,Supported,Supported,Supported,False,False,False,False,False,proposed_v2_coauthor_review,historical_v1_packets,True,True,True,True,True,True,A,A,False,False,False,False,False,structure_without_new_sentence_text,False,sentence_only_gold_agreeing,PENDING_FRESH_JUDGMENTS
grok,SA-000588,SA-000588,103914,rescue,Supported,silver_unresolved,Supported,Supported,Supported,False,False,False,False,False,proposed_v2_coauthor_review,historical_v1_packets,True,True,True,True,True,True,A,A,False,False,False,False,False,structure_without_new_sentence_text,False,sentence_only_gold_agreeing,PENDING_FRESH_JUDGMENTS
grok,SA-000589,SA-000589,145516,resistant,Supported,silver_clear_evidence_utilization_failure,Supported,Supported,Supported,False,False,False,False,False,proposed_v2_coauthor_review,historical_v1_packets,True,True,True,True,True,True,A,A,False,False,False,False,False,structure_without_new_sentence_text,True,sentence_only_gold_agreeing,PENDING_FRESH_JUDGMENTS
grok,SA-000590,SA-000590,64572,rescue,Refuted,silver_unresolved,Refuted,Refuted,Refuted,False,False,False,False,False,proposed_v2_coauthor_review,historical_v1_packets,True,True,True,True,True,True,A,A,False,False,False,False,False,structure_without_new_sentence_text,False,sentence_only_gold_agreeing,PENDING_FRESH_JUDGMENTS
grok,SA-000591,SA-000591,40052,robust,Refuted,silver_unresolved,Refuted,Refuted,Refuted,False,False,False,False,False,proposed_v2_coauthor_review,historical_v1_packets,True,True,True,True,True,True,A,A,False,False,False,False,False,structure_without_new_sentence_text,False,sentence_only_gold_agreeing,PENDING_FRESH_JUDGMENTS
grok,SA-000592,SA-000592,139661,resistant,Supported,silver_clear_evidence_utilization_failure,Refuted,Refuted,Refuted,False,False,False,False,False,proposed_v2_coauthor_review,historical_v1_packets,True,False,True,False,True,False,A,none,False,False,False,False,False,structure_without_new_sentence_text,False,decisive_judge_fever_disagreement,PENDING_FRESH_JUDGMENTS
grok,SA-000593,SA-000593,35030,rescue,Supported,silver_unresolved,Supported,Supported,Supported,False,False,False,False,False,proposed_v2_coauthor_review,historical_v1_packets,True,True,True,True,True,True,A,A,False,False,False,False,False,structure_without_new_sentence_text,False,sentence_only_gold_agreeing,PENDING_FRESH_JUDGMENTS
grok,SA-000594,SA-000594,67630,robust,Supported,silver_unresolved,Supported,Supported,Supported,False,False,False,False,False,proposed_v2_coauthor_review,historical_v1_packets,True,True,True,True,True,True,A,A,False,False,False,False,False,additional_sentence_text_and_structure,False,sentence_only_gold_agreeing,PENDING_FRESH_JUDGMENTS
grok,SA-000595,SA-000595,25505,regression,Supported,silver_partial_or_ambiguous_warrant,Ambiguous,Ambiguous,Ambiguous,True,False,False,False,False,proposed_v2_coauthor_review,historical_v1_packets,False,,False,,False,,none,none,False,False,False,False,False,structure_without_new_sentence_text,False,final_nondecisive,PENDING_FRESH_JUDGMENTS
grok,SA-000596,SA-000596,91798,rescue,Refuted,silver_unresolved,Refuted,Refuted,Refuted,False,False,False,False,False,proposed_v2_coauthor_review,historical_v1_packets,True,True,True,True,True,True,A,A,False,False,False,False,False,structure_without_new_sentence_text,False,sentence_only_gold_agreeing,PENDING_FRESH_JUDGMENTS
grok,SA-000597,SA-000597,169316,robust,Refuted,silver_unresolved,Refuted,Refuted,Refuted,False,False,False,False,False,proposed_v2_coauthor_review,historical_v1_packets,True,True,True,True,True,True,A,A,False,False,False,False,False,structure_without_new_sentence_text,False,sentence_only_gold_agreeing,PENDING_FRESH_JUDGMENTS
grok,SA-000598,SA-000598,42174,resistant,Refuted,silver_partial_or_ambiguous_warrant,Ambiguous,Ambiguous,Ambiguous,True,False,False,False,False,proposed_v2_coauthor_review,historical_v1_packets,False,,False,,False,,none,none,False,False,False,False,False,structure_without_new_sentence_text,False,final_nondecisive,PENDING_FRESH_JUDGMENTS
grok,SA-000599,SA-000599,90158,regression,Supported,silver_clear_evidence_utilization_failure,Supported,Supported,Supported,False,False,False,False,False,proposed_v2_coauthor_review,historical_v1_packets,True,True,True,True,True,True,A,A,False,False,False,False,False,structure_without_new_sentence_text,True,sentence_only_gold_agreeing,PENDING_FRESH_JUDGMENTS
grok,SA-000600,SA-000600,21274,robust,Supported,silver_unresolved,Supported,Supported,Supported,False,False,False,False,False,proposed_v2_coauthor_review,historical_v1_packets,True,True,True,True,True,True,A,A,False,False,False,False,False,structure_without_new_sentence_text,False,sentence_only_gold_agreeing,PENDING_FRESH_JUDGMENTS
grok,SA-000601,SA-000601,171500,robust,Supported,silver_unresolved,Supported,Supported,Supported,False,False,False,False,False,proposed_v2_coauthor_review,historical_v1_packets,True,True,True,True,True,True,A,A,False,False,False,False,False,structure_without_new_sentence_text,False,sentence_only_gold_agreeing,PENDING_FRESH_JUDGMENTS
grok,SA-000602,SA-000602,121242,robust,Refuted,silver_unresolved,Refuted,Refuted,Refuted,False,False,False,False,False,proposed_v2_coauthor_review,historical_v1_packets,True,True,True,True,True,True,A,A,False,False,False,False,False,additional_sentence_text_and_structure,False,sentence_only_gold_agreeing,PENDING_FRESH_JUDGMENTS
grok,SA-000603,SA-000603,34684,robust,Refuted,silver_unresolved,Refuted,Refuted,Refuted,False,False,False,False,False,proposed_v2_coauthor_review,historical_v1_packets,True,True,True,True,True,True,A,A,False,False,False,False,False,structure_without_new_sentence_text,False,sentence_only_gold_agreeing,PENDING_FRESH_JUDGMENTS
grok,SA-000604,SA-000604,128278,resistant,Supported,silver_clear_evidence_utilization_failure,Refuted,Refuted,Refuted,False,False,False,False,False,proposed_v2_coauthor_review,historical_v1_packets,True,False,True,False,True,False,A,none,False,False,False,False,False,structure_without_new_sentence_text,False,decisive_judge_fever_disagreement,PENDING_FRESH_JUDGMENTS
grok,SA-000605,SA-000605,118195,regression,Supported,silver_clear_evidence_utilization_failure,Supported,Supported,Supported,False,False,False,False,False,proposed_v2_coauthor_review,historical_v1_packets,True,True,True,True,True,True,A,A,False,False,False,False,False,structure_without_new_sentence_text,True,sentence_only_gold_agreeing,PENDING_FRESH_JUDGMENTS
grok,SA-000606,SA-000606,147344,regression,Refuted,silver_partial_or_ambiguous_warrant,Ambiguous,Ambiguous,Ambiguous,True,False,False,False,False,proposed_v2_coauthor_review,historical_v1_packets,False,,False,,False,,none,none,False,False,False,False,False,structure_without_new_sentence_text,False,final_nondecisive,PENDING_FRESH_JUDGMENTS
grok,SA-000607,SA-000607,15508,rescue,Supported,silver_unresolved,Supported,Supported,Supported,False,False,False,False,False,proposed_v2_coauthor_review,historical_v1_packets,True,True,True,True,True,True,A,A,False,False,False,False,False,structure_without_new_sentence_text,False,sentence_only_gold_agreeing,PENDING_FRESH_JUDGMENTS
grok,SA-000608,SA-000608,132858,regression,Refuted,silver_clear_evidence_utilization_failure,Refuted,Refuted,Refuted,False,False,False,False,False,proposed_v2_coauthor_review,historical_v1_packets,True,True,True,True,True,True,A,A,False,False,False,False,False,structure_without_new_sentence_text,True,sentence_only_gold_agreeing,PENDING_FRESH_JUDGMENTS
grok,SA-000609,SA-000609,37773,regression,Supported,silver_structured_evidence_sensitive,Ambiguous,Refuted,Refuted,False,True,False,False,False,proposed_v2_coauthor_review,historical_v1_packets,False,,True,False,True,False,B,none,True,False,False,False,False,structure_without_new_sentence_text,False,decisive_judge_fever_disagreement,PENDING_FRESH_JUDGMENTS
grok,SA-000610,SA-000610,67721,regression,Supported,silver_structured_evidence_sensitive,Ambiguous,Supported,Supported,False,True,False,False,False,proposed_v2_coauthor_review,historical_v1_packets,False,,True,True,True,True,B,B,True,False,False,False,False,structure_without_new_sentence_text,False,title_disclosure_gold_agreeing,PENDING_FRESH_JUDGMENTS
grok,SA-000611,SA-000611,201060,rescue,Supported,silver_unresolved,Supported,Supported,Supported,False,False,False,False,False,proposed_v2_coauthor_review,historical_v1_packets,True,True,True,True,True,True,A,A,False,False,False,False,False,structure_without_new_sentence_text,False,sentence_only_gold_agreeing,PENDING_FRESH_JUDGMENTS
grok,SA-000612,SA-000612,64685,rescue,Refuted,silver_partial_or_ambiguous_warrant,Refuted,Refuted,Ambiguous,True,False,False,False,False,proposed_v2_coauthor_review,historical_v1_packets,True,True,True,True,False,,A,A,False,False,False,False,True,structure_without_new_sentence_text,False,final_nondecisive,PENDING_FRESH_JUDGMENTS
grok,SA-000613,SA-000613,74583,robust,Supported,silver_unresolved,Supported,Supported,Supported,False,False,False,False,False,proposed_v2_coauthor_review,historical_v1_packets,True,True,True,True,True,True,A,A,False,False,False,False,False,structure_without_new_sentence_text,False,sentence_only_gold_agreeing,PENDING_FRESH_JUDGMENTS
grok,SA-000614,SA-000614,99441,resistant,Refuted,silver_partial_or_ambiguous_warrant,Ambiguous,Ambiguous,Ambiguous,True,False,False,False,False,proposed_v2_coauthor_review,historical_v1_packets,False,,False,,False,,none,none,False,False,False,False,False,structure_without_new_sentence_text,False,final_nondecisive,PENDING_FRESH_JUDGMENTS
grok,SA-000615,SA-000615,3718,regression,Refuted,silver_clear_evidence_utilization_failure,Refuted,Refuted,Refuted,False,False,False,False,False,proposed_v2_coauthor_review,historical_v1_packets,True,True,True,True,True,True,A,A,False,False,False,False,False,structure_without_new_sentence_text,True,sentence_only_gold_agreeing,PENDING_FRESH_JUDGMENTS
grok,SA-000616,SA-000616,194761,rescue,Supported,silver_structured_evidence_sensitive,Unresolved,Ambiguous,Supported,False,False,True,False,False,proposed_v2_coauthor_review,historical_v1_packets,False,,False,,True,True,C,C,False,True,False,False,False,structure_without_new_sentence_text,False,structured_disclosure_gold_agreeing,PENDING_FRESH_JUDGMENTS
grok,SA-000617,SA-000617,45637,robust,Supported,silver_unresolved,Supported,Supported,Supported,False,False,False,False,False,proposed_v2_coauthor_review,historical_v1_packets,True,True,True,True,True,True,A,A,False,False,False,False,False,structure_without_new_sentence_text,False,sentence_only_gold_agreeing,PENDING_FRESH_JUDGMENTS
grok,SA-000618,SA-000618,167181,robust,Supported,silver_unresolved,Supported,Supported,Supported,False,False,False,False,False,proposed_v2_coauthor_review,historical_v1_packets,True,True,True,True,True,True,A,A,False,False,False,False,False,structure_without_new_sentence_text,False,sentence_only_gold_agreeing,PENDING_FRESH_JUDGMENTS
grok,SA-000619,SA-000619,128539,resistant,Refuted,silver_partial_or_ambiguous_warrant,Ambiguous,Ambiguous,Ambiguous,True,False,False,False,False,proposed_v2_coauthor_review,historical_v1_packets,False,,False,,False,,none,none,False,False,False,False,False,structure_without_new_sentence_text,False,final_nondecisive,PENDING_FRESH_JUDGMENTS
grok,SA-000620,SA-000620,115659,resistant,Refuted,silver_clear_evidence_utilization_failure,Supported,Supported,Supported,False,False,False,False,False,proposed_v2_coauthor_review,historical_v1_packets,True,False,True,False,True,False,A,none,False,False,False,False,False,structure_without_new_sentence_text,False,decisive_judge_fever_disagreement,PENDING_FRESH_JUDGMENTS
grok,SA-000621,SA-000621,2147,robust,Supported,silver_unresolved,Supported,Supported,Supported,False,False,False,False,False,proposed_v2_coauthor_review,historical_v1_packets,True,True,True,True,True,True,A,A,False,False,False,False,False,structure_without_new_sentence_text,False,sentence_only_gold_agreeing,PENDING_FRESH_JUDGMENTS
grok,SA-000622,SA-000622,74555,resistant,Supported,silver_clear_evidence_utilization_failure,Supported,Supported,Supported,False,False,False,False,False,proposed_v2_coauthor_review,historical_v1_packets,True,True,True,True,True,True,A,A,False,False,False,False,False,structure_without_new_sentence_text,True,sentence_only_gold_agreeing,PENDING_FRESH_JUDGMENTS
grok,SA-000623,SA-000623,180726,regression,Supported,silver_clear_evidence_utilization_failure,Refuted,Refuted,Refuted,False,False,False,False,False,proposed_v2_coauthor_review,historical_v1_packets,True,False,True,False,True,False,A,none,False,False,False,False,False,structure_without_new_sentence_text,False,decisive_judge_fever_disagreement,PENDING_FRESH_JUDGMENTS
grok,SA-000624,SA-000624,207008,rescue,Supported,silver_unresolved,Supported,Supported,Supported,False,False,False,False,False,proposed_v2_coauthor_review,historical_v1_packets,True,True,True,True,True,True,A,A,False,False,False,False,False,structure_without_new_sentence_text,False,sentence_only_gold_agreeing,PENDING_FRESH_JUDGMENTS
grok,SA-000625,SA-000625,127957,robust,Refuted,silver_unresolved,Refuted,Refuted,Refuted,False,False,False,False,False,proposed_v2_coauthor_review,historical_v1_packets,True,True,True,True,True,True,A,A,False,False,False,False,False,additional_sentence_text_and_structure,False,sentence_only_gold_agreeing,PENDING_FRESH_JUDGMENTS
grok,SA-000626,SA-000626,97576,resistant,Supported,silver_partial_or_ambiguous_warrant,Ambiguous,Ambiguous,Ambiguous,True,False,False,False,False,proposed_v2_coauthor_review,historical_v1_packets,False,,False,,False,,none,none,False,False,False,False,False,structure_without_new_sentence_text,False,final_nondecisive,PENDING_FRESH_JUDGMENTS
grok,SA-000627,SA-000627,92824,robust,Refuted,silver_partial_or_ambiguous_warrant,Ambiguous,Ambiguous,Ambiguous,True,False,False,False,False,proposed_v2_coauthor_review,historical_v1_packets,False,,False,,False,,none,none,False,False,False,False,False,structure_without_new_sentence_text,False,final_nondecisive,PENDING_FRESH_JUDGMENTS
grok,SA-000628,SA-000628,222730,robust,Supported,silver_unresolved,Supported,Supported,Supported,False,False,False,False,False,proposed_v2_coauthor_review,historical_v1_packets,True,True,True,True,True,True,A,A,False,False,False,False,False,structure_without_new_sentence_text,False,sentence_only_gold_agreeing,PENDING_FRESH_JUDGMENTS
grok,SA-000629,SA-000629,18614,robust,Supported,silver_unresolved,Supported,Supported,Supported,False,False,False,False,False,proposed_v2_coauthor_review,historical_v1_packets,True,True,True,True,True,True,A,A,False,False,False,False,False,structure_without_new_sentence_text,False,sentence_only_gold_agreeing,PENDING_FRESH_JUDGMENTS
grok,SA-000630,SA-000630,185772,rescue,Supported,silver_unresolved,Supported,Supported,Supported,False,False,False,False,False,proposed_v2_coauthor_review,historical_v1_packets,True,True,True,True,True,True,A,A,False,False,False,False,False,structure_without_new_sentence_text,False,sentence_only_gold_agreeing,PENDING_FRESH_JUDGMENTS
grok,SA-000631,SA-000631,50486,regression,Supported,silver_partial_or_ambiguous_warrant,Ambiguous,Ambiguous,Ambiguous,True,False,False,False,False,proposed_v2_coauthor_review,historical_v1_packets,False,,False,,False,,none,none,False,False,False,False,False,structure_without_new_sentence_text,False,final_nondecisive,PENDING_FRESH_JUDGMENTS
grok,SA-000632,SA-000632,7358,rescue,Supported,silver_structured_evidence_sensitive,Ambiguous,Supported,Supported,False,True,False,False,False,proposed_v2_coauthor_review,historical_v1_packets,False,,True,True,True,True,B,B,True,False,False,False,False,structure_without_new_sentence_text,False,title_disclosure_gold_agreeing,PENDING_FRESH_JUDGMENTS
grok,SA-000633,SA-000633,73412,resistant,Supported,silver_structured_evidence_sensitive,Unresolved,Refuted,Refuted,False,True,False,False,False,proposed_v2_coauthor_review,historical_v1_packets,False,,True,False,True,False,B,none,True,False,False,False,False,structure_without_new_sentence_text,False,decisive_judge_fever_disagreement,PENDING_FRESH_JUDGMENTS
grok,SA-000634,SA-000634,108734,robust,Supported,silver_unresolved,Supported,Supported,Supported,False,False,False,False,False,proposed_v2_coauthor_review,historical_v1_packets,True,True,True,True,True,True,A,A,False,False,False,False,False,structure_without_new_sentence_text,False,sentence_only_gold_agreeing,PENDING_FRESH_JUDGMENTS
grok,SA-000635,SA-000635,111302,robust,Refuted,silver_unresolved,Refuted,Refuted,Refuted,False,False,False,False,False,proposed_v2_coauthor_review,historical_v1_packets,True,True,True,True,True,True,A,A,False,False,False,False,False,structure_without_new_sentence_text,False,sentence_only_gold_agreeing,PENDING_FRESH_JUDGMENTS
grok,SA-000636,SA-000636,26687,resistant,Refuted,silver_partial_or_ambiguous_warrant,Ambiguous,Ambiguous,Unresolved,True,False,False,False,False,proposed_v2_coauthor_review,historical_v1_packets,False,,False,,False,,none,none,False,False,False,False,False,structure_without_new_sentence_text,False,final_nondecisive,PENDING_FRESH_JUDGMENTS
grok,SA-000637,SA-000637,119298,resistant,Refuted,silver_partial_or_ambiguous_warrant,Ambiguous,Ambiguous,Ambiguous,True,False,False,False,False,proposed_v2_coauthor_review,historical_v1_packets,False,,False,,False,,none,none,False,False,False,False,False,additional_sentence_text_and_structure,False,final_nondecisive,PENDING_FRESH_JUDGMENTS
grok,SA-000638,SA-000638,110147,regression,Supported,silver_clear_evidence_utilization_failure,Refuted,Refuted,Refuted,False,False,False,False,False,proposed_v2_coauthor_review,historical_v1_packets,True,False,True,False,True,False,A,none,False,False,False,False,False,structure_without_new_sentence_text,False,decisive_judge_fever_disagreement,PENDING_FRESH_JUDGMENTS
grok,SA-000639,SA-000639,204351,resistant,Supported,silver_clear_evidence_utilization_failure,Refuted,Refuted,Refuted,False,False,False,False,False,proposed_v2_coauthor_review,historical_v1_packets,True,False,True,False,True,False,A,none,False,False,False,False,False,additional_sentence_text_and_structure,False,decisive_judge_fever_disagreement,PENDING_FRESH_JUDGMENTS
grok,SA-000640,SA-000640,78448,robust,Refuted,silver_unresolved,Refuted,Refuted,Refuted,False,False,False,False,False,proposed_v2_coauthor_review,historical_v1_packets,True,True,True,True,True,True,A,A,False,False,False,False,False,structure_without_new_sentence_text,False,sentence_only_gold_agreeing,PENDING_FRESH_JUDGMENTS
grok,SA-000641,SA-000641,70784,regression,Supported,silver_structured_evidence_sensitive,Ambiguous,Unresolved,Refuted,False,False,True,False,False,proposed_v2_coauthor_review,historical_v1_packets,False,,False,,True,False,C,none,False,True,False,False,False,structure_without_new_sentence_text,False,decisive_judge_fever_disagreement,PENDING_FRESH_JUDGMENTS
grok,SA-000642,SA-000642,34791,robust,Supported,silver_unresolved,Supported,Supported,Supported,False,False,False,False,False,proposed_v2_coauthor_review,historical_v1_packets,True,True,True,True,True,True,A,A,False,False,False,False,False,structure_without_new_sentence_text,False,sentence_only_gold_agreeing,PENDING_FRESH_JUDGMENTS
grok,SA-000643,SA-000643,140442,resistant,Refuted,silver_structured_evidence_sensitive,Refuted,Ambiguous,Refuted,False,False,True,False,False,proposed_v2_coauthor_review,historical_v1_packets,True,True,False,,True,True,A,A,False,True,False,False,True,structure_without_new_sentence_text,True,nonmonotonic_judge_path,PENDING_FRESH_JUDGMENTS
grok,SA-000644,SA-000644,10635,rescue,Refuted,silver_unresolved,Refuted,Refuted,Refuted,False,False,False,False,False,proposed_v2_coauthor_review,historical_v1_packets,True,True,True,True,True,True,A,A,False,False,False,False,False,structure_without_new_sentence_text,False,sentence_only_gold_agreeing,PENDING_FRESH_JUDGMENTS
grok,SA-000645,SA-000645,205094,rescue,Refuted,silver_unresolved,Refuted,Refuted,Refuted,False,False,False,False,False,proposed_v2_coauthor_review,historical_v1_packets,True,True,True,True,True,True,A,A,False,False,False,False,False,structure_without_new_sentence_text,False,sentence_only_gold_agreeing,PENDING_FRESH_JUDGMENTS
grok,SA-000646,SA-000646,104930,regression,Supported,silver_clear_evidence_utilization_failure,Refuted,Refuted,Refuted,False,False,False,False,False,proposed_v2_coauthor_review,historical_v1_packets,True,False,True,False,True,False,A,none,False,False,False,False,False,structure_without_new_sentence_text,False,decisive_judge_fever_disagreement,PENDING_FRESH_JUDGMENTS
grok,SA-000647,SA-000647,55888,rescue,Supported,silver_unresolved,Supported,Supported,Supported,False,False,False,False,False,proposed_v2_coauthor_review,historical_v1_packets,True,True,True,True,True,True,A,A,False,False,False,False,False,structure_without_new_sentence_text,False,sentence_only_gold_agreeing,PENDING_FRESH_JUDGMENTS
grok,SA-000648,SA-000648,149457,rescue,Supported,silver_unresolved,Supported,Supported,Supported,False,False,False,False,False,proposed_v2_coauthor_review,historical_v1_packets,True,True,True,True,True,True,A,A,False,False,False,False,False,structure_without_new_sentence_text,False,sentence_only_gold_agreeing,PENDING_FRESH_JUDGMENTS
grok,SA-000649,SA-000649,172468,regression,Refuted,silver_structured_evidence_sensitive,Unresolved,Refuted,Refuted,False,True,False,False,False,proposed_v2_coauthor_review,historical_v1_packets,False,,True,True,True,True,B,B,True,False,False,False,False,structure_without_new_sentence_text,False,title_disclosure_gold_agreeing,PENDING_FRESH_JUDGMENTS
grok,SA-000650,SA-000650,159706,robust,Supported,silver_unresolved,Supported,Supported,Supported,False,False,False,False,False,proposed_v2_coauthor_review,historical_v1_packets,True,True,True,True,True,True,A,A,False,False,False,False,False,additional_sentence_text_and_structure,False,sentence_only_gold_agreeing,PENDING_FRESH_JUDGMENTS
grok,SA-000651,SA-000651,150396,robust,Refuted,silver_unresolved,Refuted,Refuted,Refuted,False,False,False,False,False,proposed_v2_coauthor_review,historical_v1_packets,True,True,True,True,True,True,A,A,False,False,False,False,False,structure_without_new_sentence_text,False,sentence_only_gold_agreeing,PENDING_FRESH_JUDGMENTS
grok,SA-000652,SA-000652,82973,rescue,Supported,silver_unresolved,Supported,Supported,Supported,False,False,False,False,False,proposed_v2_coauthor_review,historical_v1_packets,True,True,True,True,True,True,A,A,False,False,False,False,False,structure_without_new_sentence_text,False,sentence_only_gold_agreeing,PENDING_FRESH_JUDGMENTS
grok,SA-000653,SA-000653,199662,rescue,Supported,silver_unresolved,Supported,Supported,Supported,False,False,False,False,False,proposed_v2_coauthor_review,historical_v1_packets,True,True,True,True,True,True,A,A,False,False,False,False,False,structure_without_new_sentence_text,False,sentence_only_gold_agreeing,PENDING_FRESH_JUDGMENTS
grok,SA-000654,SA-000654,29324,resistant,Refuted,silver_clear_evidence_utilization_failure,Supported,Supported,Supported,False,False,False,False,False,proposed_v2_coauthor_review,historical_v1_packets,True,False,True,False,True,False,A,none,False,False,False,False,False,structure_without_new_sentence_text,False,decisive_judge_fever_disagreement,PENDING_FRESH_JUDGMENTS
grok,SA-000655,SA-000655,195028,rescue,Supported,silver_unresolved,Supported,Supported,Supported,False,False,False,False,False,proposed_v2_coauthor_review,historical_v1_packets,True,True,True,True,True,True,A,A,False,False,False,False,False,additional_sentence_text_and_structure,False,sentence_only_gold_agreeing,PENDING_FRESH_JUDGMENTS
grok,SA-000656,SA-000656,108434,rescue,Supported,silver_unresolved,Supported,Supported,Supported,False,False,False,False,False,proposed_v2_coauthor_review,historical_v1_packets,True,True,True,True,True,True,A,A,False,False,False,False,False,structure_without_new_sentence_text,False,sentence_only_gold_agreeing,PENDING_FRESH_JUDGMENTS
grok,SA-000657,SA-000657,53468,regression,Supported,silver_partial_or_ambiguous_warrant,Ambiguous,Ambiguous,Ambiguous,True,False,False,False,False,proposed_v2_coauthor_review,historical_v1_packets,False,,False,,False,,none,none,False,False,False,False,False,structure_without_new_sentence_text,False,final_nondecisive,PENDING_FRESH_JUDGMENTS
grok,SA-000658,SA-000658,221237,rescue,Supported,silver_unresolved,Supported,Supported,Supported,False,False,False,False,False,proposed_v2_coauthor_review,historical_v1_packets,True,True,True,True,True,True,A,A,False,False,False,False,False,structure_without_new_sentence_text,False,sentence_only_gold_agreeing,PENDING_FRESH_JUDGMENTS
grok,SA-000659,SA-000659,96740,regression,Refuted,silver_partial_or_ambiguous_warrant,Refuted,Ambiguous,Ambiguous,True,False,False,False,False,proposed_v2_coauthor_review,historical_v1_packets,True,True,False,,False,,A,A,False,False,False,False,True,structure_without_new_sentence_text,True,final_nondecisive,PENDING_FRESH_JUDGMENTS
grok,SA-000660,SA-000660,8577,resistant,Refuted,silver_partial_or_ambiguous_warrant,Ambiguous,Ambiguous,Ambiguous,True,False,False,False,False,proposed_v2_coauthor_review,historical_v1_packets,False,,False,,False,,none,none,False,False,False,False,False,structure_without_new_sentence_text,False,final_nondecisive,PENDING_FRESH_JUDGMENTS
grok,SA-000661,SA-000661,122692,rescue,Supported,silver_unresolved,Supported,Supported,Supported,False,False,False,False,False,proposed_v2_coauthor_review,historical_v1_packets,True,True,True,True,True,True,A,A,False,False,False,False,False,structure_without_new_sentence_text,False,sentence_only_gold_agreeing,PENDING_FRESH_JUDGMENTS
grok,SA-000662,SA-000662,145784,resistant,Refuted,silver_partial_or_ambiguous_warrant,Ambiguous,Ambiguous,Unresolved,True,False,False,False,False,proposed_v2_coauthor_review,historical_v1_packets,False,,False,,False,,none,none,False,False,False,False,False,structure_without_new_sentence_text,False,final_nondecisive,PENDING_FRESH_JUDGMENTS
grok,SA-000663,SA-000663,102303,resistant,Refuted,silver_partial_or_ambiguous_warrant,Ambiguous,Ambiguous,Ambiguous,True,False,False,False,False,proposed_v2_coauthor_review,historical_v1_packets,False,,False,,False,,none,none,False,False,False,False,False,structure_without_new_sentence_text,False,final_nondecisive,PENDING_FRESH_JUDGMENTS
grok,SA-000664,SA-000664,181118,regression,Supported,silver_clear_evidence_utilization_failure,Refuted,Refuted,Refuted,False,False,False,False,False,proposed_v2_coauthor_review,historical_v1_packets,True,False,True,False,True,False,A,none,False,False,False,False,False,structure_without_new_sentence_text,False,decisive_judge_fever_disagreement,PENDING_FRESH_JUDGMENTS
grok,SA-000665,SA-000665,136725,robust,Refuted,silver_unresolved,Refuted,Refuted,Refuted,False,False,False,False,False,proposed_v2_coauthor_review,historical_v1_packets,True,True,True,True,True,True,A,A,False,False,False,False,False,structure_without_new_sentence_text,False,sentence_only_gold_agreeing,PENDING_FRESH_JUDGMENTS
grok,SA-000666,SA-000666,8505,regression,Supported,silver_partial_or_ambiguous_warrant,Ambiguous,Ambiguous,Ambiguous,True,False,False,False,False,proposed_v2_coauthor_review,historical_v1_packets,False,,False,,False,,none,none,False,False,False,False,False,additional_sentence_text_and_structure,False,final_nondecisive,PENDING_FRESH_JUDGMENTS
grok,SA-000667,SA-000667,124819,resistant,Refuted,silver_clear_evidence_utilization_failure,Refuted,Refuted,Refuted,False,False,False,False,False,proposed_v2_coauthor_review,historical_v1_packets,True,True,True,True,True,True,A,A,False,False,False,False,False,structure_without_new_sentence_text,True,sentence_only_gold_agreeing,PENDING_FRESH_JUDGMENTS
grok,SA-000668,SA-000668,161709,resistant,Refuted,silver_clear_evidence_utilization_failure,Supported,Supported,Supported,False,False,False,False,False,proposed_v2_coauthor_review,historical_v1_packets,True,False,True,False,True,False,A,none,False,False,False,False,False,structure_without_new_sentence_text,False,decisive_judge_fever_disagreement,PENDING_FRESH_JUDGMENTS
grok,SA-000669,SA-000669,143283,rescue,Refuted,silver_unresolved,Refuted,Refuted,Refuted,False,False,False,False,False,proposed_v2_coauthor_review,historical_v1_packets,True,True,True,True,True,True,A,A,False,False,False,False,False,structure_without_new_sentence_text,False,sentence_only_gold_agreeing,PENDING_FRESH_JUDGMENTS
grok,SA-000670,SA-000670,215487,robust,Supported,silver_unresolved,Supported,Supported,Supported,False,False,False,False,False,proposed_v2_coauthor_review,historical_v1_packets,True,True,True,True,True,True,A,A,False,False,False,False,False,structure_without_new_sentence_text,False,sentence_only_gold_agreeing,PENDING_FRESH_JUDGMENTS
grok,SA-000671,SA-000671,82129,rescue,Refuted,silver_unresolved,Refuted,Refuted,Refuted,False,False,False,False,False,proposed_v2_coauthor_review,historical_v1_packets,True,True,True,True,True,True,A,A,False,False,False,False,False,structure_without_new_sentence_text,False,sentence_only_gold_agreeing,PENDING_FRESH_JUDGMENTS
grok,SA-000672,SA-000672,75850,rescue,Supported,silver_unresolved,Supported,Supported,Supported,False,False,False,False,False,proposed_v2_coauthor_review,historical_v1_packets,True,True,True,True,True,True,A,A,False,False,False,False,False,structure_without_new_sentence_text,False,sentence_only_gold_agreeing,PENDING_FRESH_JUDGMENTS
grok,SA-000673,SA-000673,162837,resistant,Supported,silver_clear_evidence_utilization_failure,Refuted,Refuted,Refuted,False,False,False,False,False,proposed_v2_coauthor_review,historical_v1_packets,True,False,True,False,True,False,A,none,False,False,False,False,False,structure_without_new_sentence_text,False,decisive_judge_fever_disagreement,PENDING_FRESH_JUDGMENTS
grok,SA-000674,SA-000674,66175,robust,Supported,silver_unresolved,Supported,Supported,Supported,False,False,False,False,False,proposed_v2_coauthor_review,historical_v1_packets,True,True,True,True,True,True,A,A,False,False,False,False,False,structure_without_new_sentence_text,False,sentence_only_gold_agreeing,PENDING_FRESH_JUDGMENTS
grok,SA-000675,SA-000675,212324,robust,Supported,silver_unresolved,Supported,Supported,Supported,False,False,False,False,False,proposed_v2_coauthor_review,historical_v1_packets,True,True,True,True,True,True,A,A,False,False,False,False,False,structure_without_new_sentence_text,False,sentence_only_gold_agreeing,PENDING_FRESH_JUDGMENTS
grok,SA-000676,SA-000676,126963,rescue,Refuted,silver_unresolved,Refuted,Refuted,Refuted,False,False,False,False,False,proposed_v2_coauthor_review,historical_v1_packets,True,True,True,True,True,True,A,A,False,False,False,False,False,structure_without_new_sentence_text,False,sentence_only_gold_agreeing,PENDING_FRESH_JUDGMENTS
grok,SA-000677,SA-000677,60978,resistant,Supported,silver_clear_evidence_utilization_failure,Supported,Supported,Supported,False,False,False,False,False,proposed_v2_coauthor_review,historical_v1_packets,True,True,True,True,True,True,A,A,False,False,False,False,False,structure_without_new_sentence_text,True,sentence_only_gold_agreeing,PENDING_FRESH_JUDGMENTS
grok,SA-000678,SA-000678,43811,resistant,Supported,silver_clear_evidence_utilization_failure,Supported,Supported,Supported,False,False,False,False,False,proposed_v2_coauthor_review,historical_v1_packets,True,True,True,True,True,True,A,A,False,False,False,False,False,additional_sentence_text_and_structure,True,sentence_only_gold_agreeing,PENDING_FRESH_JUDGMENTS
grok,SA-000679,SA-000679,91498,regression,Supported,silver_clear_evidence_utilization_failure,Refuted,Refuted,Refuted,False,False,False,False,False,proposed_v2_coauthor_review,historical_v1_packets,True,False,True,False,True,False,A,none,False,False,False,False,False,structure_without_new_sentence_text,False,decisive_judge_fever_disagreement,PENDING_FRESH_JUDGMENTS
grok,SA-000680,SA-000680,26819,robust,Supported,silver_unresolved,Supported,Supported,Supported,False,False,False,False,False,proposed_v2_coauthor_review,historical_v1_packets,True,True,True,True,True,True,A,A,False,False,False,False,False,structure_without_new_sentence_text,False,sentence_only_gold_agreeing,PENDING_FRESH_JUDGMENTS
grok,SA-000681,SA-000681,5766,rescue,Refuted,silver_unresolved,Refuted,Refuted,Refuted,False,False,False,False,False,proposed_v2_coauthor_review,historical_v1_packets,True,True,True,True,True,True,A,A,False,False,False,False,False,structure_without_new_sentence_text,False,sentence_only_gold_agreeing,PENDING_FRESH_JUDGMENTS
grok,SA-000682,SA-000682,83803,resistant,Refuted,silver_partial_or_ambiguous_warrant,Ambiguous,Ambiguous,Ambiguous,True,False,False,False,False,proposed_v2_coauthor_review,historical_v1_packets,False,,False,,False,,none,none,False,False,False,False,False,structure_without_new_sentence_text,False,final_nondecisive,PENDING_FRESH_JUDGMENTS
grok,SA-000683,SA-000683,85196,regression,Refuted,silver_clear_evidence_utilization_failure,Refuted,Refuted,Refuted,False,False,False,False,False,proposed_v2_coauthor_review,historical_v1_packets,True,True,True,True,True,True,A,A,False,False,False,False,False,structure_without_new_sentence_text,True,sentence_only_gold_agreeing,PENDING_FRESH_JUDGMENTS
grok,SA-000684,SA-000684,200371,resistant,Supported,silver_partial_or_ambiguous_warrant,Ambiguous,Ambiguous,Ambiguous,True,False,False,False,False,proposed_v2_coauthor_review,historical_v1_packets,False,,False,,False,,none,none,False,False,False,False,False,additional_sentence_text_and_structure,False,final_nondecisive,PENDING_FRESH_JUDGMENTS
grok,SA-000685,SA-000685,50074,regression,Refuted,silver_clear_evidence_utilization_failure,Refuted,Refuted,Refuted,False,False,False,False,False,proposed_v2_coauthor_review,historical_v1_packets,True,True,True,True,True,True,A,A,False,False,False,False,False,structure_without_new_sentence_text,True,sentence_only_gold_agreeing,PENDING_FRESH_JUDGMENTS
grok,SA-000686,SA-000686,168932,robust,Supported,silver_unresolved,Supported,Supported,Supported,False,False,False,False,False,proposed_v2_coauthor_review,historical_v1_packets,True,True,True,True,True,True,A,A,False,False,False,False,False,structure_without_new_sentence_text,False,sentence_only_gold_agreeing,PENDING_FRESH_JUDGMENTS
grok,SA-000687,SA-000687,159321,robust,Supported,silver_unresolved,Supported,Supported,Supported,False,False,False,False,False,proposed_v2_coauthor_review,historical_v1_packets,True,True,True,True,True,True,A,A,False,False,False,False,False,structure_without_new_sentence_text,False,sentence_only_gold_agreeing,PENDING_FRESH_JUDGMENTS
grok,SA-000688,SA-000688,170949,robust,Supported,silver_unresolved,Supported,Supported,Supported,False,False,False,False,False,proposed_v2_coauthor_review,historical_v1_packets,True,True,True,True,True,True,A,A,False,False,False,False,False,structure_without_new_sentence_text,False,sentence_only_gold_agreeing,PENDING_FRESH_JUDGMENTS
grok,SA-000689,SA-000689,68983,resistant,Supported,silver_clear_evidence_utilization_failure,Refuted,Refuted,Refuted,False,False,False,False,False,proposed_v2_coauthor_review,historical_v1_packets,True,False,True,False,True,False,A,none,False,False,False,False,False,structure_without_new_sentence_text,False,decisive_judge_fever_disagreement,PENDING_FRESH_JUDGMENTS
grok,SA-000690,SA-000690,114640,resistant,Supported,silver_clear_evidence_utilization_failure,Refuted,Refuted,Refuted,False,False,False,False,False,proposed_v2_coauthor_review,historical_v1_packets,True,False,True,False,True,False,A,none,False,False,False,False,False,structure_without_new_sentence_text,False,decisive_judge_fever_disagreement,PENDING_FRESH_JUDGMENTS
grok,SA-000691,SA-000691,93739,rescue,Supported,silver_unresolved,Supported,Supported,Supported,False,False,False,False,False,proposed_v2_coauthor_review,historical_v1_packets,True,True,True,True,True,True,A,A,False,False,False,False,False,structure_without_new_sentence_text,False,sentence_only_gold_agreeing,PENDING_FRESH_JUDGMENTS
grok,SA-000692,SA-000692,117409,resistant,Refuted,silver_partial_or_ambiguous_warrant,Ambiguous,Ambiguous,Ambiguous,True,False,False,False,False,proposed_v2_coauthor_review,historical_v1_packets,False,,False,,False,,none,none,False,False,False,False,False,structure_without_new_sentence_text,False,final_nondecisive,PENDING_FRESH_JUDGMENTS
grok,SA-000693,SA-000693,154761,resistant,Supported,silver_clear_evidence_utilization_failure,Refuted,Refuted,Refuted,False,False,False,False,False,proposed_v2_coauthor_review,historical_v1_packets,True,False,True,False,True,False,A,none,False,False,False,False,False,structure_without_new_sentence_text,False,decisive_judge_fever_disagreement,PENDING_FRESH_JUDGMENTS
grok,SA-000694,SA-000694,93184,regression,Supported,silver_clear_evidence_utilization_failure,Supported,Supported,Supported,False,False,False,False,False,proposed_v2_coauthor_review,historical_v1_packets,True,True,True,True,True,True,A,A,False,False,False,False,False,structure_without_new_sentence_text,True,sentence_only_gold_agreeing,PENDING_FRESH_JUDGMENTS
grok,SA-000695,SA-000695,45699,rescue,Supported,silver_unresolved,Supported,Supported,Supported,False,False,False,False,False,proposed_v2_coauthor_review,historical_v1_packets,True,True,True,True,True,True,A,A,False,False,False,False,False,structure_without_new_sentence_text,False,sentence_only_gold_agreeing,PENDING_FRESH_JUDGMENTS
grok,SA-000696,SA-000696,21032,robust,Supported,silver_unresolved,Supported,Supported,Supported,False,False,False,False,False,proposed_v2_coauthor_review,historical_v1_packets,True,True,True,True,True,True,A,A,False,False,False,False,False,structure_without_new_sentence_text,False,sentence_only_gold_agreeing,PENDING_FRESH_JUDGMENTS
grok,SA-000697,SA-000697,192843,rescue,Supported,silver_unresolved,Supported,Supported,Supported,False,False,False,False,False,proposed_v2_coauthor_review,historical_v1_packets,True,True,True,True,True,True,A,A,False,False,False,False,False,structure_without_new_sentence_text,False,sentence_only_gold_agreeing,PENDING_FRESH_JUDGMENTS
grok,SA-000698,SA-000698,203622,robust,Supported,silver_unresolved,Supported,Supported,Supported,False,False,False,False,False,proposed_v2_coauthor_review,historical_v1_packets,True,True,True,True,True,True,A,A,False,False,False,False,False,structure_without_new_sentence_text,False,sentence_only_gold_agreeing,PENDING_FRESH_JUDGMENTS
grok,SA-000699,SA-000699,24271,resistant,Supported,silver_clear_evidence_utilization_failure,Refuted,Refuted,Refuted,False,False,False,False,False,proposed_v2_coauthor_review,historical_v1_packets,True,False,True,False,True,False,A,none,False,False,False,False,False,structure_without_new_sentence_text,False,decisive_judge_fever_disagreement,PENDING_FRESH_JUDGMENTS
grok,SA-000700,SA-000700,95358,regression,Supported,silver_partial_or_ambiguous_warrant,Ambiguous,Ambiguous,Ambiguous,True,False,False,False,False,proposed_v2_coauthor_review,historical_v1_packets,False,,False,,False,,none,none,False,False,False,False,False,structure_without_new_sentence_text,False,final_nondecisive,PENDING_FRESH_JUDGMENTS
grok,SA-000701,SA-000701,223272,resistant,Refuted,silver_partial_or_ambiguous_warrant,Ambiguous,Ambiguous,Ambiguous,True,False,False,False,False,proposed_v2_coauthor_review,historical_v1_packets,False,,False,,False,,none,none,False,False,False,False,False,structure_without_new_sentence_text,False,final_nondecisive,PENDING_FRESH_JUDGMENTS
grok,SA-000702,SA-000702,107308,resistant,Refuted,silver_partial_or_ambiguous_warrant,Ambiguous,Ambiguous,Ambiguous,True,False,False,False,False,proposed_v2_coauthor_review,historical_v1_packets,False,,False,,False,,none,none,False,False,False,False,False,structure_without_new_sentence_text,False,final_nondecisive,PENDING_FRESH_JUDGMENTS
grok,SA-000703,SA-000703,159689,robust,Supported,silver_unresolved,Supported,Supported,Supported,False,False,False,False,False,proposed_v2_coauthor_review,historical_v1_packets,True,True,True,True,True,True,A,A,False,False,False,False,False,structure_without_new_sentence_text,False,sentence_only_gold_agreeing,PENDING_FRESH_JUDGMENTS
grok,SA-000704,SA-000704,108753,resistant,Refuted,silver_partial_or_ambiguous_warrant,Ambiguous,Ambiguous,Ambiguous,True,False,False,False,False,proposed_v2_coauthor_review,historical_v1_packets,False,,False,,False,,none,none,False,False,False,False,False,structure_without_new_sentence_text,False,final_nondecisive,PENDING_FRESH_JUDGMENTS
grok,SA-000705,SA-000705,107856,resistant,Supported,silver_partial_or_ambiguous_warrant,Ambiguous,Ambiguous,Ambiguous,True,False,False,False,False,proposed_v2_coauthor_review,historical_v1_packets,False,,False,,False,,none,none,False,False,False,False,False,structure_without_new_sentence_text,False,final_nondecisive,PENDING_FRESH_JUDGMENTS
grok,SA-000706,SA-000706,165865,resistant,Refuted,silver_clear_evidence_utilization_failure,Supported,Supported,Supported,False,False,False,False,False,proposed_v2_coauthor_review,historical_v1_packets,True,False,True,False,True,False,A,none,False,False,False,False,False,structure_without_new_sentence_text,False,decisive_judge_fever_disagreement,PENDING_FRESH_JUDGMENTS
grok,SA-000707,SA-000707,97534,robust,Supported,silver_unresolved,Supported,Supported,Supported,False,False,False,False,False,proposed_v2_coauthor_review,historical_v1_packets,True,True,True,True,True,True,A,A,False,False,False,False,False,structure_without_new_sentence_text,False,sentence_only_gold_agreeing,PENDING_FRESH_JUDGMENTS
grok,SA-000708,SA-000708,160481,resistant,Refuted,silver_structured_evidence_sensitive,Unresolved,Unresolved,Refuted,False,False,True,False,False,proposed_v2_coauthor_review,historical_v1_packets,False,,False,,True,True,C,C,False,True,False,False,False,structure_without_new_sentence_text,False,structured_disclosure_gold_agreeing,PENDING_FRESH_JUDGMENTS
grok,SA-000709,SA-000709,222661,regression,Supported,silver_clear_evidence_utilization_failure,Refuted,Refuted,Refuted,False,False,False,False,False,proposed_v2_coauthor_review,historical_v1_packets,True,False,True,False,True,False,A,none,False,False,False,False,False,structure_without_new_sentence_text,False,decisive_judge_fever_disagreement,PENDING_FRESH_JUDGMENTS
grok,SA-000710,SA-000710,106369,resistant,Supported,silver_partial_or_ambiguous_warrant,Ambiguous,Ambiguous,Ambiguous,True,False,False,False,False,proposed_v2_coauthor_review,historical_v1_packets,False,,False,,False,,none,none,False,False,False,False,False,structure_without_new_sentence_text,False,final_nondecisive,PENDING_FRESH_JUDGMENTS
grok,SA-000711,SA-000711,50258,rescue,Refuted,silver_structured_evidence_sensitive,Ambiguous,Refuted,Refuted,False,True,False,False,False,proposed_v2_coauthor_review,historical_v1_packets,False,,True,True,True,True,B,B,True,False,False,False,False,additional_sentence_text_and_structure,False,title_disclosure_gold_agreeing,PENDING_FRESH_JUDGMENTS
grok,SA-000712,SA-000712,173507,resistant,Refuted,silver_partial_or_ambiguous_warrant,Unresolved,Refuted,Unresolved,True,True,False,False,False,proposed_v2_coauthor_review,historical_v1_packets,False,,True,True,False,,B,B,True,False,False,False,True,structure_without_new_sentence_text,False,final_nondecisive,PENDING_FRESH_JUDGMENTS
grok,SA-000713,SA-000713,128843,resistant,Supported,silver_clear_evidence_utilization_failure,Supported,Supported,Supported,False,False,False,False,False,proposed_v2_coauthor_review,historical_v1_packets,True,True,True,True,True,True,A,A,False,False,False,False,False,structure_without_new_sentence_text,True,sentence_only_gold_agreeing,PENDING_FRESH_JUDGMENTS
grok,SA-000714,SA-000714,102003,resistant,Refuted,silver_partial_or_ambiguous_warrant,Ambiguous,Ambiguous,Ambiguous,True,False,False,False,False,proposed_v2_coauthor_review,historical_v1_packets,False,,False,,False,,none,none,False,False,False,False,False,structure_without_new_sentence_text,False,final_nondecisive,PENDING_FRESH_JUDGMENTS
grok,SA-000715,SA-000715,140589,resistant,Supported,silver_clear_evidence_utilization_failure,Refuted,Refuted,Refuted,False,False,False,False,False,proposed_v2_coauthor_review,historical_v1_packets,True,False,True,False,True,False,A,none,False,False,False,False,False,structure_without_new_sentence_text,False,decisive_judge_fever_disagreement,PENDING_FRESH_JUDGMENTS
grok,SA-000716,SA-000716,23961,robust,Supported,silver_unresolved,Supported,Supported,Supported,False,False,False,False,False,proposed_v2_coauthor_review,historical_v1_packets,True,True,True,True,True,True,A,A,False,False,False,False,False,structure_without_new_sentence_text,False,sentence_only_gold_agreeing,PENDING_FRESH_JUDGMENTS
grok,SA-000717,SA-000717,140462,robust,Supported,silver_unresolved,Supported,Supported,Supported,False,False,False,False,False,proposed_v2_coauthor_review,historical_v1_packets,True,True,True,True,True,True,A,A,False,False,False,False,False,additional_sentence_text_and_structure,False,sentence_only_gold_agreeing,PENDING_FRESH_JUDGMENTS
grok,SA-000718,SA-000718,86024,resistant,Supported,silver_partial_or_ambiguous_warrant,Ambiguous,Ambiguous,Ambiguous,True,False,False,False,False,proposed_v2_coauthor_review,historical_v1_packets,False,,False,,False,,none,none,False,False,False,False,False,structure_without_new_sentence_text,False,final_nondecisive,PENDING_FRESH_JUDGMENTS
grok,SA-000719,SA-000719,142286,regression,Supported,silver_clear_evidence_utilization_failure,Refuted,Refuted,Refuted,False,False,False,False,False,proposed_v2_coauthor_review,historical_v1_packets,True,False,True,False,True,False,A,none,False,False,False,False,False,structure_without_new_sentence_text,False,decisive_judge_fever_disagreement,PENDING_FRESH_JUDGMENTS
grok,SA-000720,SA-000720,189776,resistant,Supported,silver_partial_or_ambiguous_warrant,Ambiguous,Ambiguous,Ambiguous,True,False,False,False,False,proposed_v2_coauthor_review,historical_v1_packets,False,,False,,False,,none,none,False,False,False,False,False,structure_without_new_sentence_text,False,final_nondecisive,PENDING_FRESH_JUDGMENTS
grok,SA-000721,SA-000721,92586,regression,Supported,silver_structured_evidence_sensitive,Ambiguous,Supported,Supported,False,True,False,False,False,proposed_v2_coauthor_review,historical_v1_packets,False,,True,True,True,True,B,B,True,False,False,False,False,additional_sentence_text_and_structure,False,title_disclosure_gold_agreeing,PENDING_FRESH_JUDGMENTS
grok,SA-000722,SA-000722,74479,robust,Refuted,silver_unresolved,Refuted,Refuted,Refuted,False,False,False,False,False,proposed_v2_coauthor_review,historical_v1_packets,True,True,True,True,True,True,A,A,False,False,False,False,False,structure_without_new_sentence_text,False,sentence_only_gold_agreeing,PENDING_FRESH_JUDGMENTS
grok,SA-000723,SA-000723,54383,regression,Refuted,silver_clear_evidence_utilization_failure,Refuted,Refuted,Refuted,False,False,False,False,False,proposed_v2_coauthor_review,historical_v1_packets,True,True,True,True,True,True,A,A,False,False,False,False,False,structure_without_new_sentence_text,True,sentence_only_gold_agreeing,PENDING_FRESH_JUDGMENTS
grok,SA-000724,SA-000724,165127,robust,Refuted,silver_partial_or_ambiguous_warrant,Ambiguous,Ambiguous,Ambiguous,True,False,False,False,False,proposed_v2_coauthor_review,historical_v1_packets,False,,False,,False,,none,none,False,False,False,False,False,additional_sentence_text_and_structure,False,final_nondecisive,PENDING_FRESH_JUDGMENTS
grok,SA-000725,SA-000725,92344,robust,Refuted,silver_unresolved,Refuted,Refuted,Refuted,False,False,False,False,False,proposed_v2_coauthor_review,historical_v1_packets,True,True,True,True,True,True,A,A,False,False,False,False,False,structure_without_new_sentence_text,False,sentence_only_gold_agreeing,PENDING_FRESH_JUDGMENTS
grok,SA-000726,SA-000726,194342,rescue,Supported,silver_unresolved,Supported,Supported,Supported,False,False,False,False,False,proposed_v2_coauthor_review,historical_v1_packets,True,True,True,True,True,True,A,A,False,False,False,False,False,structure_without_new_sentence_text,False,sentence_only_gold_agreeing,PENDING_FRESH_JUDGMENTS
grok,SA-000727,SA-000727,66540,resistant,Supported,silver_clear_evidence_utilization_failure,Refuted,Refuted,Refuted,False,False,False,False,False,proposed_v2_coauthor_review,historical_v1_packets,True,False,True,False,True,False,A,none,False,False,False,False,False,structure_without_new_sentence_text,False,decisive_judge_fever_disagreement,PENDING_FRESH_JUDGMENTS
grok,SA-000728,SA-000728,167970,robust,Refuted,silver_unresolved,Refuted,Refuted,Refuted,False,False,False,False,False,proposed_v2_coauthor_review,historical_v1_packets,True,True,True,True,True,True,A,A,False,False,False,False,False,structure_without_new_sentence_text,False,sentence_only_gold_agreeing,PENDING_FRESH_JUDGMENTS
grok,SA-000729,SA-000729,80417,resistant,Refuted,silver_clear_evidence_utilization_failure,Supported,Supported,Supported,False,False,False,False,False,proposed_v2_coauthor_review,historical_v1_packets,True,False,True,False,True,False,A,none,False,False,False,False,False,structure_without_new_sentence_text,False,decisive_judge_fever_disagreement,PENDING_FRESH_JUDGMENTS
grok,SA-000730,SA-000730,42173,regression,Supported,silver_clear_evidence_utilization_failure,Supported,Supported,Supported,False,False,False,False,False,proposed_v2_coauthor_review,historical_v1_packets,True,True,True,True,True,True,A,A,False,False,False,False,False,structure_without_new_sentence_text,True,sentence_only_gold_agreeing,PENDING_FRESH_JUDGMENTS
grok,SA-000731,SA-000731,163959,rescue,Supported,silver_unresolved,Supported,Supported,Supported,False,False,False,False,False,proposed_v2_coauthor_review,historical_v1_packets,True,True,True,True,True,True,A,A,False,False,False,False,False,structure_without_new_sentence_text,False,sentence_only_gold_agreeing,PENDING_FRESH_JUDGMENTS
grok,SA-000732,SA-000732,164057,robust,Supported,silver_unresolved,Supported,Supported,Supported,False,False,False,False,False,proposed_v2_coauthor_review,historical_v1_packets,True,True,True,True,True,True,A,A,False,False,False,False,False,structure_without_new_sentence_text,False,sentence_only_gold_agreeing,PENDING_FRESH_JUDGMENTS
grok,SA-000733,SA-000733,224136,rescue,Refuted,silver_unresolved,Refuted,Refuted,Refuted,False,False,False,False,False,proposed_v2_coauthor_review,historical_v1_packets,True,True,True,True,True,True,A,A,False,False,False,False,False,structure_without_new_sentence_text,False,sentence_only_gold_agreeing,PENDING_FRESH_JUDGMENTS
grok,SA-000734,SA-000734,222765,robust,Refuted,silver_unresolved,Refuted,Refuted,Refuted,False,False,False,False,False,proposed_v2_coauthor_review,historical_v1_packets,True,True,True,True,True,True,A,A,False,False,False,False,False,structure_without_new_sentence_text,False,sentence_only_gold_agreeing,PENDING_FRESH_JUDGMENTS
grok,SA-000735,SA-000735,73752,rescue,Refuted,silver_unresolved,Refuted,Refuted,Refuted,False,False,False,False,False,proposed_v2_coauthor_review,historical_v1_packets,True,True,True,True,True,True,A,A,False,False,False,False,False,structure_without_new_sentence_text,False,sentence_only_gold_agreeing,PENDING_FRESH_JUDGMENTS
grok,SA-000736,SA-000736,28912,robust,Supported,silver_unresolved,Supported,Supported,Supported,False,False,False,False,False,proposed_v2_coauthor_review,historical_v1_packets,True,True,True,True,True,True,A,A,False,False,False,False,False,structure_without_new_sentence_text,False,sentence_only_gold_agreeing,PENDING_FRESH_JUDGMENTS
grok,SA-000737,SA-000737,81761,rescue,Supported,silver_unresolved,Supported,Supported,Supported,False,False,False,False,False,proposed_v2_coauthor_review,historical_v1_packets,True,True,True,True,True,True,A,A,False,False,False,False,False,structure_without_new_sentence_text,False,sentence_only_gold_agreeing,PENDING_FRESH_JUDGMENTS
grok,SA-000738,SA-000738,51757,regression,Supported,silver_clear_evidence_utilization_failure,Refuted,Refuted,Refuted,False,False,False,False,False,proposed_v2_coauthor_review,historical_v1_packets,True,False,True,False,True,False,A,none,False,False,False,False,False,structure_without_new_sentence_text,False,decisive_judge_fever_disagreement,PENDING_FRESH_JUDGMENTS
grok,SA-000739,SA-000739,141282,resistant,Supported,silver_structured_evidence_sensitive,Ambiguous,Ambiguous,Supported,False,False,True,False,False,proposed_v2_coauthor_review,historical_v1_packets,False,,False,,True,True,C,C,False,True,False,False,False,structure_without_new_sentence_text,False,structured_disclosure_gold_agreeing,PENDING_FRESH_JUDGMENTS
grok,SA-000740,SA-000740,18397,rescue,Supported,silver_unresolved,Supported,Supported,Supported,False,False,False,False,False,proposed_v2_coauthor_review,historical_v1_packets,True,True,True,True,True,True,A,A,False,False,False,False,False,additional_sentence_text_and_structure,False,sentence_only_gold_agreeing,PENDING_FRESH_JUDGMENTS
grok,SA-000741,SA-000741,10328,regression,Refuted,silver_partial_or_ambiguous_warrant,Ambiguous,Ambiguous,Ambiguous,True,False,False,False,False,proposed_v2_coauthor_review,historical_v1_packets,False,,False,,False,,none,none,False,False,False,False,False,structure_without_new_sentence_text,False,final_nondecisive,PENDING_FRESH_JUDGMENTS
grok,SA-000742,SA-000742,147056,rescue,Refuted,silver_unresolved,Refuted,Refuted,Refuted,False,False,False,False,False,proposed_v2_coauthor_review,historical_v1_packets,True,True,True,True,True,True,A,A,False,False,False,False,False,structure_without_new_sentence_text,False,sentence_only_gold_agreeing,PENDING_FRESH_JUDGMENTS
grok,SA-000743,SA-000743,27503,rescue,Supported,silver_partial_or_ambiguous_warrant,Ambiguous,Ambiguous,Ambiguous,True,False,False,False,False,proposed_v2_coauthor_review,historical_v1_packets,False,,False,,False,,none,none,False,False,False,False,False,structure_without_new_sentence_text,False,final_nondecisive,PENDING_FRESH_JUDGMENTS
grok,SA-000744,SA-000744,44732,resistant,Refuted,silver_partial_or_ambiguous_warrant,Ambiguous,Ambiguous,Unresolved,True,False,False,False,False,proposed_v2_coauthor_review,historical_v1_packets,False,,False,,False,,none,none,False,False,False,False,False,structure_without_new_sentence_text,False,final_nondecisive,PENDING_FRESH_JUDGMENTS
grok,SA-000745,SA-000745,115128,robust,Refuted,silver_unresolved,Refuted,Refuted,Refuted,False,False,False,False,False,proposed_v2_coauthor_review,historical_v1_packets,True,True,True,True,True,True,A,A,False,False,False,False,False,structure_without_new_sentence_text,False,sentence_only_gold_agreeing,PENDING_FRESH_JUDGMENTS
grok,SA-000746,SA-000746,206038,resistant,Supported,silver_structured_evidence_sensitive,Ambiguous,Ambiguous,Supported,False,False,True,False,False,proposed_v2_coauthor_review,historical_v1_packets,False,,False,,True,True,C,C,False,True,False,False,False,additional_sentence_text_and_structure,False,additional_evidence_gold_agreeing,PENDING_FRESH_JUDGMENTS
grok,SA-000747,SA-000747,162041,rescue,Refuted,silver_unresolved,Refuted,Refuted,Refuted,False,False,False,False,False,proposed_v2_coauthor_review,historical_v1_packets,True,True,True,True,True,True,A,A,False,False,False,False,False,structure_without_new_sentence_text,False,sentence_only_gold_agreeing,PENDING_FRESH_JUDGMENTS
grok,SA-000748,SA-000748,68022,resistant,Refuted,silver_clear_evidence_utilization_failure,Supported,Supported,Supported,False,False,False,False,False,proposed_v2_coauthor_review,historical_v1_packets,True,False,True,False,True,False,A,none,False,False,False,False,False,structure_without_new_sentence_text,False,decisive_judge_fever_disagreement,PENDING_FRESH_JUDGMENTS
grok,SA-000749,SA-000749,182269,rescue,Supported,silver_unresolved,Supported,Supported,Supported,False,False,False,False,False,proposed_v2_coauthor_review,historical_v1_packets,True,True,True,True,True,True,A,A,False,False,False,False,False,structure_without_new_sentence_text,False,sentence_only_gold_agreeing,PENDING_FRESH_JUDGMENTS
grok,SA-000750,SA-000750,193883,regression,Refuted,silver_clear_evidence_utilization_failure,Refuted,Refuted,Refuted,False,False,False,False,False,proposed_v2_coauthor_review,historical_v1_packets,True,True,True,True,True,True,A,A,False,False,False,False,False,structure_without_new_sentence_text,True,sentence_only_gold_agreeing,PENDING_FRESH_JUDGMENTS
grok,SA-000751,SA-000751,194183,rescue,Refuted,silver_unresolved,Refuted,Refuted,Refuted,False,False,False,False,False,proposed_v2_coauthor_review,historical_v1_packets,True,True,True,True,True,True,A,A,False,False,False,False,False,structure_without_new_sentence_text,False,sentence_only_gold_agreeing,PENDING_FRESH_JUDGMENTS
grok,SA-000752,SA-000752,204572,resistant,Refuted,silver_structured_evidence_sensitive,Ambiguous,Supported,Supported,False,True,False,False,False,proposed_v2_coauthor_review,historical_v1_packets,False,,True,False,True,False,B,none,True,False,False,False,False,structure_without_new_sentence_text,False,decisive_judge_fever_disagreement,PENDING_FRESH_JUDGMENTS
grok,SA-000753,SA-000753,16250,rescue,Supported,silver_unresolved,Supported,Supported,Supported,False,False,False,False,False,proposed_v2_coauthor_review,historical_v1_packets,True,True,True,True,True,True,A,A,False,False,False,False,False,structure_without_new_sentence_text,False,sentence_only_gold_agreeing,PENDING_FRESH_JUDGMENTS
grok,SA-000754,SA-000754,174033,resistant,Refuted,silver_clear_evidence_utilization_failure,Refuted,Refuted,Refuted,False,False,False,False,False,proposed_v2_coauthor_review,historical_v1_packets,True,True,True,True,True,True,A,A,False,False,False,False,False,structure_without_new_sentence_text,True,sentence_only_gold_agreeing,PENDING_FRESH_JUDGMENTS
grok,SA-000755,SA-000755,79610,regression,Refuted,silver_partial_or_ambiguous_warrant,Refuted,Refuted,Ambiguous,True,False,False,False,False,proposed_v2_coauthor_review,historical_v1_packets,True,True,True,True,False,,A,A,False,False,False,False,True,structure_without_new_sentence_text,True,final_nondecisive,PENDING_FRESH_JUDGMENTS
grok,SA-000756,SA-000756,153136,resistant,Refuted,silver_partial_or_ambiguous_warrant,Ambiguous,Ambiguous,Ambiguous,True,False,False,False,False,proposed_v2_coauthor_review,historical_v1_packets,False,,False,,False,,none,none,False,False,False,False,False,structure_without_new_sentence_text,False,final_nondecisive,PENDING_FRESH_JUDGMENTS
grok,SA-000757,SA-000757,155647,resistant,Refuted,silver_partial_or_ambiguous_warrant,Refuted,Ambiguous,Ambiguous,True,False,False,False,False,proposed_v2_coauthor_review,historical_v1_packets,True,True,False,,False,,A,A,False,False,False,False,True,structure_without_new_sentence_text,True,final_nondecisive,PENDING_FRESH_JUDGMENTS
grok,SA-000758,SA-000758,98866,regression,Refuted,silver_partial_or_ambiguous_warrant,Ambiguous,Ambiguous,Ambiguous,True,False,False,False,False,proposed_v2_coauthor_review,historical_v1_packets,False,,False,,False,,none,none,False,False,False,False,False,structure_without_new_sentence_text,False,final_nondecisive,PENDING_FRESH_JUDGMENTS
grok,SA-000759,SA-000759,18142,robust,Refuted,silver_unresolved,Refuted,Refuted,Refuted,False,False,False,False,False,proposed_v2_coauthor_review,historical_v1_packets,True,True,True,True,True,True,A,A,False,False,False,False,False,structure_without_new_sentence_text,False,sentence_only_gold_agreeing,PENDING_FRESH_JUDGMENTS
grok,SA-000760,SA-000760,209859,regression,Supported,silver_partial_or_ambiguous_warrant,Ambiguous,Ambiguous,Ambiguous,True,False,False,False,False,proposed_v2_coauthor_review,historical_v1_packets,False,,False,,False,,none,none,False,False,False,False,False,structure_without_new_sentence_text,False,final_nondecisive,PENDING_FRESH_JUDGMENTS
grok,SA-000761,SA-000761,127402,regression,Supported,silver_clear_evidence_utilization_failure,Supported,Supported,Supported,False,False,False,False,False,proposed_v2_coauthor_review,historical_v1_packets,True,True,True,True,True,True,A,A,False,False,False,False,False,structure_without_new_sentence_text,True,sentence_only_gold_agreeing,PENDING_FRESH_JUDGMENTS
grok,SA-000762,SA-000762,35381,regression,Supported,silver_partial_or_ambiguous_warrant,Ambiguous,Ambiguous,Ambiguous,True,False,False,False,False,proposed_v2_coauthor_review,historical_v1_packets,False,,False,,False,,none,none,False,False,False,False,False,structure_without_new_sentence_text,False,final_nondecisive,PENDING_FRESH_JUDGMENTS
grok,SA-000763,SA-000763,160764,rescue,Supported,silver_unresolved,Supported,Supported,Supported,False,False,False,False,False,proposed_v2_coauthor_review,historical_v1_packets,True,True,True,True,True,True,A,A,False,False,False,False,False,structure_without_new_sentence_text,False,sentence_only_gold_agreeing,PENDING_FRESH_JUDGMENTS
grok,SA-000764,SA-000764,141838,rescue,Refuted,silver_unresolved,Refuted,Refuted,Refuted,False,False,False,False,False,proposed_v2_coauthor_review,historical_v1_packets,True,True,True,True,True,True,A,A,False,False,False,False,False,structure_without_new_sentence_text,False,sentence_only_gold_agreeing,PENDING_FRESH_JUDGMENTS
grok,SA-000765,SA-000765,13076,resistant,Supported,silver_clear_evidence_utilization_failure,Refuted,Refuted,Refuted,False,False,False,False,False,proposed_v2_coauthor_review,historical_v1_packets,True,False,True,False,True,False,A,none,False,False,False,False,False,structure_without_new_sentence_text,False,decisive_judge_fever_disagreement,PENDING_FRESH_JUDGMENTS
grok,SA-000766,SA-000766,37801,rescue,Supported,silver_unresolved,Supported,Supported,Supported,False,False,False,False,False,proposed_v2_coauthor_review,historical_v1_packets,True,True,True,True,True,True,A,A,False,False,False,False,False,structure_without_new_sentence_text,False,sentence_only_gold_agreeing,PENDING_FRESH_JUDGMENTS
grok,SA-000767,SA-000767,166921,rescue,Supported,silver_unresolved,Supported,Supported,Supported,False,False,False,False,False,proposed_v2_coauthor_review,historical_v1_packets,True,True,True,True,True,True,A,A,False,False,False,False,False,structure_without_new_sentence_text,False,sentence_only_gold_agreeing,PENDING_FRESH_JUDGMENTS
grok,SA-000768,SA-000768,209099,robust,Refuted,silver_unresolved,Refuted,Refuted,Refuted,False,False,False,False,False,proposed_v2_coauthor_review,historical_v1_packets,True,True,True,True,True,True,A,A,False,False,False,False,False,structure_without_new_sentence_text,False,sentence_only_gold_agreeing,PENDING_FRESH_JUDGMENTS
grok,SA-000769,SA-000769,187375,robust,Supported,silver_unresolved,Supported,Supported,Supported,False,False,False,False,False,proposed_v2_coauthor_review,historical_v1_packets,True,True,True,True,True,True,A,A,False,False,False,False,False,structure_without_new_sentence_text,False,sentence_only_gold_agreeing,PENDING_FRESH_JUDGMENTS
grok,SA-000770,SA-000770,145470,regression,Refuted,silver_clear_evidence_utilization_failure,Refuted,Refuted,Refuted,False,False,False,False,False,proposed_v2_coauthor_review,historical_v1_packets,True,True,True,True,True,True,A,A,False,False,False,False,False,structure_without_new_sentence_text,True,sentence_only_gold_agreeing,PENDING_FRESH_JUDGMENTS
grok,SA-000771,SA-000771,166646,rescue,Supported,silver_unresolved,Supported,Supported,Supported,False,False,False,False,False,proposed_v2_coauthor_review,historical_v1_packets,True,True,True,True,True,True,A,A,False,False,False,False,False,structure_without_new_sentence_text,False,sentence_only_gold_agreeing,PENDING_FRESH_JUDGMENTS
grok,SA-000772,SA-000772,140233,resistant,Supported,silver_clear_evidence_utilization_failure,Supported,Supported,Supported,False,False,False,False,False,proposed_v2_coauthor_review,historical_v1_packets,True,True,True,True,True,True,A,A,False,False,False,False,False,additional_sentence_text_and_structure,True,sentence_only_gold_agreeing,PENDING_FRESH_JUDGMENTS
grok,SA-000773,SA-000773,158903,rescue,Supported,silver_unresolved,Supported,Supported,Supported,False,False,False,False,False,proposed_v2_coauthor_review,historical_v1_packets,True,True,True,True,True,True,A,A,False,False,False,False,False,structure_without_new_sentence_text,False,sentence_only_gold_agreeing,PENDING_FRESH_JUDGMENTS
grok,SA-000774,SA-000774,185220,resistant,Refuted,silver_clear_evidence_utilization_failure,Refuted,Refuted,Refuted,False,False,False,False,False,proposed_v2_coauthor_review,historical_v1_packets,True,True,True,True,True,True,A,A,False,False,False,False,False,structure_without_new_sentence_text,True,sentence_only_gold_agreeing,PENDING_FRESH_JUDGMENTS
grok,SA-000775,SA-000775,175464,resistant,Refuted,silver_clear_evidence_utilization_failure,Refuted,Refuted,Refuted,False,False,False,False,False,proposed_v2_coauthor_review,historical_v1_packets,True,True,True,True,True,True,A,A,False,False,False,False,False,structure_without_new_sentence_text,True,sentence_only_gold_agreeing,PENDING_FRESH_JUDGMENTS
grok,SA-000776,SA-000776,201801,regression,Refuted,silver_clear_evidence_utilization_failure,Refuted,Refuted,Refuted,False,False,False,False,False,proposed_v2_coauthor_review,historical_v1_packets,True,True,True,True,True,True,A,A,False,False,False,False,False,structure_without_new_sentence_text,True,sentence_only_gold_agreeing,PENDING_FRESH_JUDGMENTS
grok,SA-000777,SA-000777,187571,resistant,Refuted,silver_clear_evidence_utilization_failure,Supported,Supported,Supported,False,False,False,False,False,proposed_v2_coauthor_review,historical_v1_packets,True,False,True,False,True,False,A,none,False,False,False,False,False,structure_without_new_sentence_text,False,decisive_judge_fever_disagreement,PENDING_FRESH_JUDGMENTS
grok,SA-000778,SA-000778,10671,robust,Refuted,silver_unresolved,Refuted,Refuted,Refuted,False,False,False,False,False,proposed_v2_coauthor_review,historical_v1_packets,True,True,True,True,True,True,A,A,False,False,False,False,False,structure_without_new_sentence_text,False,sentence_only_gold_agreeing,PENDING_FRESH_JUDGMENTS
grok,SA-000779,SA-000779,105788,regression,Supported,silver_partial_or_ambiguous_warrant,Ambiguous,Ambiguous,Ambiguous,True,False,False,False,False,proposed_v2_coauthor_review,historical_v1_packets,False,,False,,False,,none,none,False,False,False,False,False,additional_sentence_text_and_structure,False,final_nondecisive,PENDING_FRESH_JUDGMENTS
grok,SA-000780,SA-000780,62831,rescue,Refuted,silver_unresolved,Refuted,Refuted,Refuted,False,False,False,False,False,proposed_v2_coauthor_review,historical_v1_packets,True,True,True,True,True,True,A,A,False,False,False,False,False,structure_without_new_sentence_text,False,sentence_only_gold_agreeing,PENDING_FRESH_JUDGMENTS
grok,SA-000781,SA-000781,106115,regression,Refuted,silver_partial_or_ambiguous_warrant,Refuted,Unresolved,Ambiguous,True,False,False,False,False,proposed_v2_coauthor_review,historical_v1_packets,True,True,False,,False,,A,A,False,False,False,False,True,structure_without_new_sentence_text,True,final_nondecisive,PENDING_FRESH_JUDGMENTS
grok,SA-000782,SA-000782,15197,rescue,Supported,silver_unresolved,Supported,Supported,Supported,False,False,False,False,False,proposed_v2_coauthor_review,historical_v1_packets,True,True,True,True,True,True,A,A,False,False,False,False,False,structure_without_new_sentence_text,False,sentence_only_gold_agreeing,PENDING_FRESH_JUDGMENTS
grok,SA-000783,SA-000783,86783,resistant,Supported,silver_structured_evidence_sensitive,Unresolved,Refuted,Refuted,False,True,False,False,False,proposed_v2_coauthor_review,historical_v1_packets,False,,True,False,True,False,B,none,True,False,False,False,False,structure_without_new_sentence_text,False,decisive_judge_fever_disagreement,PENDING_FRESH_JUDGMENTS
grok,SA-000784,SA-000784,87894,robust,Refuted,silver_partial_or_ambiguous_warrant,Ambiguous,Ambiguous,Ambiguous,True,False,False,False,False,proposed_v2_coauthor_review,historical_v1_packets,False,,False,,False,,none,none,False,False,False,False,False,structure_without_new_sentence_text,False,final_nondecisive,PENDING_FRESH_JUDGMENTS
grok,SA-000785,SA-000785,58608,resistant,Refuted,silver_clear_evidence_utilization_failure,Supported,Supported,Supported,False,False,False,False,False,proposed_v2_coauthor_review,historical_v1_packets,True,False,True,False,True,False,A,none,False,False,False,False,False,structure_without_new_sentence_text,False,decisive_judge_fever_disagreement,PENDING_FRESH_JUDGMENTS
grok,SA-000786,SA-000786,147045,resistant,Refuted,silver_structured_evidence_sensitive,Ambiguous,Refuted,Refuted,False,True,False,False,False,proposed_v2_coauthor_review,historical_v1_packets,False,,True,True,True,True,B,B,True,False,False,False,False,structure_without_new_sentence_text,False,title_disclosure_gold_agreeing,PENDING_FRESH_JUDGMENTS
grok,SA-000787,SA-000787,180578,rescue,Supported,silver_structured_evidence_sensitive,Unresolved,Ambiguous,Supported,False,False,True,False,False,proposed_v2_coauthor_review,historical_v1_packets,False,,False,,True,True,C,C,False,True,False,False,False,additional_sentence_text_and_structure,False,additional_evidence_gold_agreeing,PENDING_FRESH_JUDGMENTS
grok,SA-000788,SA-000788,59641,rescue,Refuted,silver_unresolved,Refuted,Refuted,Refuted,False,False,False,False,False,proposed_v2_coauthor_review,historical_v1_packets,True,True,True,True,True,True,A,A,False,False,False,False,False,structure_without_new_sentence_text,False,sentence_only_gold_agreeing,PENDING_FRESH_JUDGMENTS
grok,SA-000789,SA-000789,204309,robust,Refuted,silver_unresolved,Refuted,Refuted,Refuted,False,False,False,False,False,proposed_v2_coauthor_review,historical_v1_packets,True,True,True,True,True,True,A,A,False,False,False,False,False,structure_without_new_sentence_text,False,sentence_only_gold_agreeing,PENDING_FRESH_JUDGMENTS
grok,SA-000790,SA-000790,51355,regression,Supported,silver_partial_or_ambiguous_warrant,Ambiguous,Ambiguous,Ambiguous,True,False,False,False,False,proposed_v2_coauthor_review,historical_v1_packets,False,,False,,False,,none,none,False,False,False,False,False,additional_sentence_text_and_structure,False,final_nondecisive,PENDING_FRESH_JUDGMENTS
grok,SA-000791,SA-000791,207543,regression,Supported,silver_partial_or_ambiguous_warrant,Ambiguous,Ambiguous,Ambiguous,True,False,False,False,False,proposed_v2_coauthor_review,historical_v1_packets,False,,False,,False,,none,none,False,False,False,False,False,structure_without_new_sentence_text,False,final_nondecisive,PENDING_FRESH_JUDGMENTS
grok,SA-000792,SA-000792,7744,rescue,Refuted,silver_partial_or_ambiguous_warrant,Ambiguous,Ambiguous,Ambiguous,True,False,False,False,False,proposed_v2_coauthor_review,historical_v1_packets,False,,False,,False,,none,none,False,False,False,False,False,additional_sentence_text_and_structure,False,final_nondecisive,PENDING_FRESH_JUDGMENTS
grok,SA-000793,SA-000793,20708,resistant,Refuted,silver_partial_or_ambiguous_warrant,Ambiguous,Ambiguous,Ambiguous,True,False,False,False,False,proposed_v2_coauthor_review,historical_v1_packets,False,,False,,False,,none,none,False,False,False,False,False,structure_without_new_sentence_text,False,final_nondecisive,PENDING_FRESH_JUDGMENTS
grok,SA-000794,SA-000794,16474,robust,Supported,silver_unresolved,Supported,Supported,Supported,False,False,False,False,False,proposed_v2_coauthor_review,historical_v1_packets,True,True,True,True,True,True,A,A,False,False,False,False,False,structure_without_new_sentence_text,False,sentence_only_gold_agreeing,PENDING_FRESH_JUDGMENTS
grok,SA-000795,SA-000795,5037,rescue,Supported,silver_unresolved,Supported,Supported,Supported,False,False,False,False,False,proposed_v2_coauthor_review,historical_v1_packets,True,True,True,True,True,True,A,A,False,False,False,False,False,structure_without_new_sentence_text,False,sentence_only_gold_agreeing,PENDING_FRESH_JUDGMENTS
grok,SA-000796,SA-000796,137725,rescue,Refuted,silver_unresolved,Refuted,Refuted,Refuted,False,False,False,False,False,proposed_v2_coauthor_review,historical_v1_packets,True,True,True,True,True,True,A,A,False,False,False,False,False,structure_without_new_sentence_text,False,sentence_only_gold_agreeing,PENDING_FRESH_JUDGMENTS
grok,SA-000797,SA-000797,25408,resistant,Refuted,silver_clear_evidence_utilization_failure,Refuted,Refuted,Refuted,False,False,False,False,False,proposed_v2_coauthor_review,historical_v1_packets,True,True,True,True,True,True,A,A,False,False,False,False,False,structure_without_new_sentence_text,True,sentence_only_gold_agreeing,PENDING_FRESH_JUDGMENTS
grok,SA-000798,SA-000798,192035,rescue,Supported,silver_unresolved,Supported,Supported,Supported,False,False,False,False,False,proposed_v2_coauthor_review,historical_v1_packets,True,True,True,True,True,True,A,A,False,False,False,False,False,structure_without_new_sentence_text,False,sentence_only_gold_agreeing,PENDING_FRESH_JUDGMENTS
grok,SA-000799,SA-000799,149787,robust,Supported,silver_unresolved,Supported,Supported,Supported,False,False,False,False,False,proposed_v2_coauthor_review,historical_v1_packets,True,True,True,True,True,True,A,A,False,False,False,False,False,structure_without_new_sentence_text,False,sentence_only_gold_agreeing,PENDING_FRESH_JUDGMENTS
grok,SA-000800,SA-000800,38124,rescue,Refuted,silver_partial_or_ambiguous_warrant,Ambiguous,Ambiguous,Ambiguous,True,False,False,False,False,proposed_v2_coauthor_review,historical_v1_packets,False,,False,,False,,none,none,False,False,False,False,False,structure_without_new_sentence_text,False,final_nondecisive,PENDING_FRESH_JUDGMENTS
grok,SA-000801,SA-000801,46188,resistant,Supported,silver_clear_evidence_utilization_failure,Supported,Supported,Supported,False,False,False,False,False,proposed_v2_coauthor_review,historical_v1_packets,True,True,True,True,True,True,A,A,False,False,False,False,False,structure_without_new_sentence_text,True,sentence_only_gold_agreeing,PENDING_FRESH_JUDGMENTS
grok,SA-000802,SA-000802,206465,regression,Refuted,silver_structured_evidence_sensitive,Refuted,Unresolved,Refuted,False,False,True,False,False,proposed_v2_coauthor_review,historical_v1_packets,True,True,False,,True,True,A,A,False,True,False,False,True,structure_without_new_sentence_text,True,nonmonotonic_judge_path,PENDING_FRESH_JUDGMENTS
grok,SA-000803,SA-000803,5093,robust,Supported,silver_unresolved,Supported,Supported,Supported,False,False,False,False,False,proposed_v2_coauthor_review,historical_v1_packets,True,True,True,True,True,True,A,A,False,False,False,False,False,structure_without_new_sentence_text,False,sentence_only_gold_agreeing,PENDING_FRESH_JUDGMENTS
grok,SA-000804,SA-000804,153831,resistant,Supported,silver_clear_evidence_utilization_failure,Refuted,Refuted,Refuted,False,False,False,False,False,proposed_v2_coauthor_review,historical_v1_packets,True,False,True,False,True,False,A,none,False,False,False,False,False,structure_without_new_sentence_text,False,decisive_judge_fever_disagreement,PENDING_FRESH_JUDGMENTS
grok,SA-000805,SA-000805,171603,robust,Supported,silver_unresolved,Supported,Supported,Supported,False,False,False,False,False,proposed_v2_coauthor_review,historical_v1_packets,True,True,True,True,True,True,A,A,False,False,False,False,False,structure_without_new_sentence_text,False,sentence_only_gold_agreeing,PENDING_FRESH_JUDGMENTS
grok,SA-000806,SA-000806,187795,robust,Supported,silver_unresolved,Supported,Supported,Supported,False,False,False,False,False,proposed_v2_coauthor_review,historical_v1_packets,True,True,True,True,True,True,A,A,False,False,False,False,False,structure_without_new_sentence_text,False,sentence_only_gold_agreeing,PENDING_FRESH_JUDGMENTS
grok,SA-000807,SA-000807,88690,rescue,Supported,silver_unresolved,Supported,Supported,Supported,False,False,False,False,False,proposed_v2_coauthor_review,historical_v1_packets,True,True,True,True,True,True,A,A,False,False,False,False,False,structure_without_new_sentence_text,False,sentence_only_gold_agreeing,PENDING_FRESH_JUDGMENTS
grok,SA-000808,SA-000808,126915,rescue,Refuted,silver_unresolved,Refuted,Refuted,Refuted,False,False,False,False,False,proposed_v2_coauthor_review,historical_v1_packets,True,True,True,True,True,True,A,A,False,False,False,False,False,structure_without_new_sentence_text,False,sentence_only_gold_agreeing,PENDING_FRESH_JUDGMENTS
grok,SA-000809,SA-000809,47230,resistant,Refuted,silver_partial_or_ambiguous_warrant,Ambiguous,Ambiguous,Ambiguous,True,False,False,False,False,proposed_v2_coauthor_review,historical_v1_packets,False,,False,,False,,none,none,False,False,False,False,False,additional_sentence_text_and_structure,False,final_nondecisive,PENDING_FRESH_JUDGMENTS
grok,SA-000810,SA-000810,102417,resistant,Refuted,silver_clear_evidence_utilization_failure,Supported,Supported,Supported,False,False,False,False,False,proposed_v2_coauthor_review,historical_v1_packets,True,False,True,False,True,False,A,none,False,False,False,False,False,structure_without_new_sentence_text,False,decisive_judge_fever_disagreement,PENDING_FRESH_JUDGMENTS
grok,SA-000811,SA-000811,92687,rescue,Refuted,silver_unresolved,Refuted,Refuted,Refuted,False,False,False,False,False,proposed_v2_coauthor_review,historical_v1_packets,True,True,True,True,True,True,A,A,False,False,False,False,False,structure_without_new_sentence_text,False,sentence_only_gold_agreeing,PENDING_FRESH_JUDGMENTS
grok,SA-000812,SA-000812,55815,resistant,Refuted,silver_clear_evidence_utilization_failure,Supported,Supported,Supported,False,False,False,False,False,proposed_v2_coauthor_review,historical_v1_packets,True,False,True,False,True,False,A,none,False,False,False,False,False,structure_without_new_sentence_text,False,decisive_judge_fever_disagreement,PENDING_FRESH_JUDGMENTS
grok,SA-000813,SA-000813,145866,regression,Supported,silver_partial_or_ambiguous_warrant,Ambiguous,Ambiguous,Ambiguous,True,False,False,False,False,proposed_v2_coauthor_review,historical_v1_packets,False,,False,,False,,none,none,False,False,False,False,False,additional_sentence_text_and_structure,False,final_nondecisive,PENDING_FRESH_JUDGMENTS
grok,SA-000814,SA-000814,223343,rescue,Supported,silver_unresolved,Supported,Supported,Supported,False,False,False,False,False,proposed_v2_coauthor_review,historical_v1_packets,True,True,True,True,True,True,A,A,False,False,False,False,False,structure_without_new_sentence_text,False,sentence_only_gold_agreeing,PENDING_FRESH_JUDGMENTS
grok,SA-000815,SA-000815,106627,rescue,Refuted,silver_unresolved,Refuted,Refuted,Refuted,False,False,False,False,False,proposed_v2_coauthor_review,historical_v1_packets,True,True,True,True,True,True,A,A,False,False,False,False,False,structure_without_new_sentence_text,False,sentence_only_gold_agreeing,PENDING_FRESH_JUDGMENTS
grok,SA-000816,SA-000816,180734,rescue,Supported,silver_partial_or_ambiguous_warrant,Ambiguous,Ambiguous,Ambiguous,True,False,False,False,False,proposed_v2_coauthor_review,historical_v1_packets,False,,False,,False,,none,none,False,False,False,False,False,structure_without_new_sentence_text,False,final_nondecisive,PENDING_FRESH_JUDGMENTS
grok,SA-000817,SA-000817,199812,robust,Supported,silver_unresolved,Supported,Supported,Supported,False,False,False,False,False,proposed_v2_coauthor_review,historical_v1_packets,True,True,True,True,True,True,A,A,False,False,False,False,False,structure_without_new_sentence_text,False,sentence_only_gold_agreeing,PENDING_FRESH_JUDGMENTS
grok,SA-000818,SA-000818,39174,robust,Supported,silver_unresolved,Supported,Supported,Supported,False,False,False,False,False,proposed_v2_coauthor_review,historical_v1_packets,True,True,True,True,True,True,A,A,False,False,False,False,False,structure_without_new_sentence_text,False,sentence_only_gold_agreeing,PENDING_FRESH_JUDGMENTS
grok,SA-000819,SA-000819,2466,robust,Refuted,silver_unresolved,Refuted,Refuted,Refuted,False,False,False,False,False,proposed_v2_coauthor_review,historical_v1_packets,True,True,True,True,True,True,A,A,False,False,False,False,False,structure_without_new_sentence_text,False,sentence_only_gold_agreeing,PENDING_FRESH_JUDGMENTS
grok,SA-000820,SA-000820,215137,robust,Supported,silver_unresolved,Supported,Supported,Supported,False,False,False,False,False,proposed_v2_coauthor_review,historical_v1_packets,True,True,True,True,True,True,A,A,False,False,False,False,False,structure_without_new_sentence_text,False,sentence_only_gold_agreeing,PENDING_FRESH_JUDGMENTS
grok,SA-000821,SA-000821,152918,resistant,Supported,silver_clear_evidence_utilization_failure,Refuted,Refuted,Refuted,False,False,False,False,False,proposed_v2_coauthor_review,historical_v1_packets,True,False,True,False,True,False,A,none,False,False,False,False,False,structure_without_new_sentence_text,False,decisive_judge_fever_disagreement,PENDING_FRESH_JUDGMENTS
grok,SA-000822,SA-000822,105651,rescue,Refuted,silver_unresolved,Refuted,Refuted,Refuted,False,False,False,False,False,proposed_v2_coauthor_review,historical_v1_packets,True,True,True,True,True,True,A,A,False,False,False,False,False,structure_without_new_sentence_text,False,sentence_only_gold_agreeing,PENDING_FRESH_JUDGMENTS
grok,SA-000823,SA-000823,162200,rescue,Refuted,silver_unresolved,Refuted,Refuted,Refuted,False,False,False,False,False,proposed_v2_coauthor_review,historical_v1_packets,True,True,True,True,True,True,A,A,False,False,False,False,False,structure_without_new_sentence_text,False,sentence_only_gold_agreeing,PENDING_FRESH_JUDGMENTS
grok,SA-000824,SA-000824,48484,regression,Refuted,silver_clear_evidence_utilization_failure,Refuted,Refuted,Refuted,False,False,False,False,False,proposed_v2_coauthor_review,historical_v1_packets,True,True,True,True,True,True,A,A,False,False,False,False,False,structure_without_new_sentence_text,True,sentence_only_gold_agreeing,PENDING_FRESH_JUDGMENTS
grok,SA-000825,SA-000825,38599,regression,Refuted,silver_structured_evidence_sensitive,Unresolved,Supported,Supported,False,True,False,False,False,proposed_v2_coauthor_review,historical_v1_packets,False,,True,False,True,False,B,none,True,False,False,False,False,additional_sentence_text_and_structure,False,decisive_judge_fever_disagreement,PENDING_FRESH_JUDGMENTS
grok,SA-000826,SA-000826,179036,resistant,Supported,silver_clear_evidence_utilization_failure,Refuted,Refuted,Refuted,False,False,False,False,False,proposed_v2_coauthor_review,historical_v1_packets,True,False,True,False,True,False,A,none,False,False,False,False,False,structure_without_new_sentence_text,False,decisive_judge_fever_disagreement,PENDING_FRESH_JUDGMENTS
grok,SA-000827,SA-000827,16809,rescue,Supported,silver_partial_or_ambiguous_warrant,Ambiguous,Ambiguous,Ambiguous,True,False,False,False,False,proposed_v2_coauthor_review,historical_v1_packets,False,,False,,False,,none,none,False,False,False,False,False,structure_without_new_sentence_text,False,final_nondecisive,PENDING_FRESH_JUDGMENTS
grok,SA-000828,SA-000828,225281,rescue,Supported,silver_unresolved,Supported,Supported,Supported,False,False,False,False,False,proposed_v2_coauthor_review,historical_v1_packets,True,True,True,True,True,True,A,A,False,False,False,False,False,structure_without_new_sentence_text,False,sentence_only_gold_agreeing,PENDING_FRESH_JUDGMENTS
grok,SA-000829,SA-000829,147632,resistant,Supported,silver_clear_evidence_utilization_failure,Refuted,Refuted,Refuted,False,False,False,False,False,proposed_v2_coauthor_review,historical_v1_packets,True,False,True,False,True,False,A,none,False,False,False,False,False,structure_without_new_sentence_text,False,decisive_judge_fever_disagreement,PENDING_FRESH_JUDGMENTS
grok,SA-000830,SA-000830,137276,resistant,Refuted,silver_partial_or_ambiguous_warrant,Ambiguous,Ambiguous,Ambiguous,True,False,False,False,False,proposed_v2_coauthor_review,historical_v1_packets,False,,False,,False,,none,none,False,False,False,False,False,structure_without_new_sentence_text,False,final_nondecisive,PENDING_FRESH_JUDGMENTS
grok,SA-000831,SA-000831,173492,resistant,Refuted,silver_partial_or_ambiguous_warrant,Unresolved,Refuted,Unresolved,True,True,False,False,False,proposed_v2_coauthor_review,historical_v1_packets,False,,True,True,False,,B,B,True,False,False,False,True,structure_without_new_sentence_text,False,final_nondecisive,PENDING_FRESH_JUDGMENTS
grok,SA-000832,SA-000832,96603,regression,Supported,silver_partial_or_ambiguous_warrant,Ambiguous,Ambiguous,Ambiguous,True,False,False,False,False,proposed_v2_coauthor_review,historical_v1_packets,False,,False,,False,,none,none,False,False,False,False,False,additional_sentence_text_and_structure,False,final_nondecisive,PENDING_FRESH_JUDGMENTS
grok,SA-000833,SA-000833,24795,resistant,Refuted,silver_clear_evidence_utilization_failure,Supported,Supported,Supported,False,False,False,False,False,proposed_v2_coauthor_review,historical_v1_packets,True,False,True,False,True,False,A,none,False,False,False,False,False,structure_without_new_sentence_text,False,decisive_judge_fever_disagreement,PENDING_FRESH_JUDGMENTS
grok,SA-000834,SA-000834,218244,rescue,Supported,silver_partial_or_ambiguous_warrant,Ambiguous,Ambiguous,Ambiguous,True,False,False,False,False,proposed_v2_coauthor_review,historical_v1_packets,False,,False,,False,,none,none,False,False,False,False,False,structure_without_new_sentence_text,False,final_nondecisive,PENDING_FRESH_JUDGMENTS
grok,SA-000835,SA-000835,204654,regression,Supported,silver_partial_or_ambiguous_warrant,Ambiguous,Ambiguous,Ambiguous,True,False,False,False,False,proposed_v2_coauthor_review,historical_v1_packets,False,,False,,False,,none,none,False,False,False,False,False,additional_sentence_text_and_structure,False,final_nondecisive,PENDING_FRESH_JUDGMENTS
grok,SA-000836,SA-000836,167984,robust,Supported,silver_unresolved,Supported,Supported,Supported,False,False,False,False,False,proposed_v2_coauthor_review,historical_v1_packets,True,True,True,True,True,True,A,A,False,False,False,False,False,additional_sentence_text_and_structure,False,sentence_only_gold_agreeing,PENDING_FRESH_JUDGMENTS
grok,SA-000837,SA-000837,150366,resistant,Supported,silver_clear_evidence_utilization_failure,Supported,Supported,Supported,False,False,False,False,False,proposed_v2_coauthor_review,historical_v1_packets,True,True,True,True,True,True,A,A,False,False,False,False,False,additional_sentence_text_and_structure,True,sentence_only_gold_agreeing,PENDING_FRESH_JUDGMENTS
grok,SA-000838,SA-000838,64142,regression,Supported,silver_partial_or_ambiguous_warrant,Ambiguous,Ambiguous,Ambiguous,True,False,False,False,False,proposed_v2_coauthor_review,historical_v1_packets,False,,False,,False,,none,none,False,False,False,False,False,structure_without_new_sentence_text,False,final_nondecisive,PENDING_FRESH_JUDGMENTS
grok,SA-000839,SA-000839,82883,regression,Refuted,silver_partial_or_ambiguous_warrant,Ambiguous,Unresolved,Ambiguous,True,False,False,False,False,proposed_v2_coauthor_review,historical_v1_packets,False,,False,,False,,none,none,False,False,False,False,False,structure_without_new_sentence_text,False,final_nondecisive,PENDING_FRESH_JUDGMENTS
grok,SA-000840,SA-000840,212767,rescue,Supported,silver_unresolved,Supported,Supported,Supported,False,False,False,False,False,proposed_v2_coauthor_review,historical_v1_packets,True,True,True,True,True,True,A,A,False,False,False,False,False,structure_without_new_sentence_text,False,sentence_only_gold_agreeing,PENDING_FRESH_JUDGMENTS
grok,SA-000841,SA-000841,59967,rescue,Refuted,silver_unresolved,Refuted,Refuted,Refuted,False,False,False,False,False,proposed_v2_coauthor_review,historical_v1_packets,True,True,True,True,True,True,A,A,False,False,False,False,False,structure_without_new_sentence_text,False,sentence_only_gold_agreeing,PENDING_FRESH_JUDGMENTS
grok,SA-000842,SA-000842,124805,robust,Refuted,silver_unresolved,Refuted,Refuted,Refuted,False,False,False,False,False,proposed_v2_coauthor_review,historical_v1_packets,True,True,True,True,True,True,A,A,False,False,False,False,False,structure_without_new_sentence_text,False,sentence_only_gold_agreeing,PENDING_FRESH_JUDGMENTS
grok,SA-000843,SA-000843,41780,resistant,Supported,silver_clear_evidence_utilization_failure,Refuted,Refuted,Refuted,False,False,False,False,False,proposed_v2_coauthor_review,historical_v1_packets,True,False,True,False,True,False,A,none,False,False,False,False,False,structure_without_new_sentence_text,False,decisive_judge_fever_disagreement,PENDING_FRESH_JUDGMENTS
grok,SA-000844,SA-000844,205648,rescue,Refuted,silver_unresolved,Refuted,Refuted,Refuted,False,False,False,False,False,proposed_v2_coauthor_review,historical_v1_packets,True,True,True,True,True,True,A,A,False,False,False,False,False,structure_without_new_sentence_text,False,sentence_only_gold_agreeing,PENDING_FRESH_JUDGMENTS
grok,SA-000845,SA-000845,51683,robust,Refuted,silver_unresolved,Refuted,Refuted,Refuted,False,False,False,False,False,proposed_v2_coauthor_review,historical_v1_packets,True,True,True,True,True,True,A,A,False,False,False,False,False,additional_sentence_text_and_structure,False,sentence_only_gold_agreeing,PENDING_FRESH_JUDGMENTS
grok,SA-000846,SA-000846,42213,rescue,Supported,silver_unresolved,Supported,Supported,Supported,False,False,False,False,False,proposed_v2_coauthor_review,historical_v1_packets,True,True,True,True,True,True,A,A,False,False,False,False,False,structure_without_new_sentence_text,False,sentence_only_gold_agreeing,PENDING_FRESH_JUDGMENTS
grok,SA-000847,SA-000847,113953,robust,Refuted,silver_unresolved,Refuted,Refuted,Refuted,False,False,False,False,False,proposed_v2_coauthor_review,historical_v1_packets,True,True,True,True,True,True,A,A,False,False,False,False,False,structure_without_new_sentence_text,False,sentence_only_gold_agreeing,PENDING_FRESH_JUDGMENTS
grok,SA-000848,SA-000848,123756,resistant,Supported,silver_clear_evidence_utilization_failure,Refuted,Refuted,Refuted,False,False,False,False,False,proposed_v2_coauthor_review,historical_v1_packets,True,False,True,False,True,False,A,none,False,False,False,False,False,structure_without_new_sentence_text,False,decisive_judge_fever_disagreement,PENDING_FRESH_JUDGMENTS
grok,SA-000849,SA-000849,87187,regression,Supported,silver_clear_evidence_utilization_failure,Refuted,Refuted,Refuted,False,False,False,False,False,proposed_v2_coauthor_review,historical_v1_packets,True,False,True,False,True,False,A,none,False,False,False,False,False,structure_without_new_sentence_text,False,decisive_judge_fever_disagreement,PENDING_FRESH_JUDGMENTS
grok,SA-000850,SA-000850,53421,resistant,Supported,silver_partial_or_ambiguous_warrant,Refuted,Ambiguous,Unresolved,True,False,False,False,False,proposed_v2_coauthor_review,historical_v1_packets,True,False,False,,False,,A,none,False,False,False,False,True,structure_without_new_sentence_text,False,final_nondecisive,PENDING_FRESH_JUDGMENTS
grok,SA-000851,SA-000851,63201,resistant,Refuted,silver_clear_evidence_utilization_failure,Refuted,Refuted,Refuted,False,False,False,False,False,proposed_v2_coauthor_review,historical_v1_packets,True,True,True,True,True,True,A,A,False,False,False,False,False,additional_sentence_text_and_structure,True,sentence_only_gold_agreeing,PENDING_FRESH_JUDGMENTS
grok,SA-000852,SA-000852,139445,robust,Refuted,silver_unresolved,Refuted,Refuted,Refuted,False,False,False,False,False,proposed_v2_coauthor_review,historical_v1_packets,True,True,True,True,True,True,A,A,False,False,False,False,False,structure_without_new_sentence_text,False,sentence_only_gold_agreeing,PENDING_FRESH_JUDGMENTS
grok,SA-000853,SA-000853,12015,regression,Supported,silver_partial_or_ambiguous_warrant,Ambiguous,Ambiguous,Ambiguous,True,False,False,False,False,proposed_v2_coauthor_review,historical_v1_packets,False,,False,,False,,none,none,False,False,False,False,False,structure_without_new_sentence_text,False,final_nondecisive,PENDING_FRESH_JUDGMENTS
grok,SA-000854,SA-000854,41480,regression,Supported,silver_structured_evidence_sensitive,Ambiguous,Supported,Supported,False,True,False,False,False,proposed_v2_coauthor_review,historical_v1_packets,False,,True,True,True,True,B,B,True,False,False,False,False,structure_without_new_sentence_text,False,title_disclosure_gold_agreeing,PENDING_FRESH_JUDGMENTS
grok,SA-000855,SA-000855,194764,rescue,Supported,silver_unresolved,Supported,Supported,Supported,False,False,False,False,False,proposed_v2_coauthor_review,historical_v1_packets,True,True,True,True,True,True,A,A,False,False,False,False,False,structure_without_new_sentence_text,False,sentence_only_gold_agreeing,PENDING_FRESH_JUDGMENTS
grok,SA-000856,SA-000856,75025,regression,Refuted,silver_clear_evidence_utilization_failure,Refuted,Refuted,Refuted,False,False,False,False,False,proposed_v2_coauthor_review,historical_v1_packets,True,True,True,True,True,True,A,A,False,False,False,False,False,additional_sentence_text_and_structure,True,sentence_only_gold_agreeing,PENDING_FRESH_JUDGMENTS
grok,SA-000857,SA-000857,55152,rescue,Refuted,silver_unresolved,Refuted,Refuted,Refuted,False,False,False,False,False,proposed_v2_coauthor_review,historical_v1_packets,True,True,True,True,True,True,A,A,False,False,False,False,False,structure_without_new_sentence_text,False,sentence_only_gold_agreeing,PENDING_FRESH_JUDGMENTS
grok,SA-000858,SA-000858,25490,resistant,Refuted,silver_partial_or_ambiguous_warrant,Supported,Unresolved,Unresolved,True,False,False,False,False,proposed_v2_coauthor_review,historical_v1_packets,True,False,False,,False,,A,none,False,False,False,False,True,additional_sentence_text_and_structure,False,final_nondecisive,PENDING_FRESH_JUDGMENTS
grok,SA-000859,SA-000859,12467,regression,Supported,silver_clear_evidence_utilization_failure,Refuted,Refuted,Refuted,False,False,False,False,False,proposed_v2_coauthor_review,historical_v1_packets,True,False,True,False,True,False,A,none,False,False,False,False,False,structure_without_new_sentence_text,False,decisive_judge_fever_disagreement,PENDING_FRESH_JUDGMENTS
grok,SA-000860,SA-000860,35291,robust,Refuted,silver_unresolved,Refuted,Refuted,Refuted,False,False,False,False,False,proposed_v2_coauthor_review,historical_v1_packets,True,True,True,True,True,True,A,A,False,False,False,False,False,structure_without_new_sentence_text,False,sentence_only_gold_agreeing,PENDING_FRESH_JUDGMENTS
grok,SA-000861,SA-000861,88946,regression,Supported,silver_clear_evidence_utilization_failure,Supported,Supported,Supported,False,False,False,False,False,proposed_v2_coauthor_review,historical_v1_packets,True,True,True,True,True,True,A,A,False,False,False,False,False,structure_without_new_sentence_text,True,sentence_only_gold_agreeing,PENDING_FRESH_JUDGMENTS
grok,SA-000862,SA-000862,182906,robust,Supported,silver_unresolved,Supported,Supported,Supported,False,False,False,False,False,proposed_v2_coauthor_review,historical_v1_packets,True,True,True,True,True,True,A,A,False,False,False,False,False,structure_without_new_sentence_text,False,sentence_only_gold_agreeing,PENDING_FRESH_JUDGMENTS
grok,SA-000863,SA-000863,101552,resistant,Supported,silver_clear_evidence_utilization_failure,Supported,Supported,Supported,False,False,False,False,False,proposed_v2_coauthor_review,historical_v1_packets,True,True,True,True,True,True,A,A,False,False,False,False,False,structure_without_new_sentence_text,True,sentence_only_gold_agreeing,PENDING_FRESH_JUDGMENTS
grok,SA-000864,SA-000864,61817,robust,Supported,silver_unresolved,Supported,Supported,Supported,False,False,False,False,False,proposed_v2_coauthor_review,historical_v1_packets,True,True,True,True,True,True,A,A,False,False,False,False,False,additional_sentence_text_and_structure,False,sentence_only_gold_agreeing,PENDING_FRESH_JUDGMENTS
grok,SA-000865,SA-000865,44334,resistant,Supported,silver_clear_evidence_utilization_failure,Refuted,Refuted,Refuted,False,False,False,False,False,proposed_v2_coauthor_review,historical_v1_packets,True,False,True,False,True,False,A,none,False,False,False,False,False,structure_without_new_sentence_text,False,decisive_judge_fever_disagreement,PENDING_FRESH_JUDGMENTS
grok,SA-000866,SA-000866,173930,regression,Supported,silver_partial_or_ambiguous_warrant,Supported,Ambiguous,Ambiguous,True,False,False,False,False,proposed_v2_coauthor_review,historical_v1_packets,True,True,False,,False,,A,A,False,False,False,False,True,structure_without_new_sentence_text,True,final_nondecisive,PENDING_FRESH_JUDGMENTS
grok,SA-000867,SA-000867,108880,regression,Refuted,silver_partial_or_ambiguous_warrant,Ambiguous,Ambiguous,Ambiguous,True,False,False,False,False,proposed_v2_coauthor_review,historical_v1_packets,False,,False,,False,,none,none,False,False,False,False,False,structure_without_new_sentence_text,False,final_nondecisive,PENDING_FRESH_JUDGMENTS
grok,SA-000868,SA-000868,102035,resistant,Supported,silver_clear_evidence_utilization_failure,Refuted,Refuted,Refuted,False,False,False,False,False,proposed_v2_coauthor_review,historical_v1_packets,True,False,True,False,True,False,A,none,False,False,False,False,False,additional_sentence_text_and_structure,False,decisive_judge_fever_disagreement,PENDING_FRESH_JUDGMENTS
grok,SA-000869,SA-000869,79984,robust,Refuted,silver_unresolved,Refuted,Refuted,Refuted,False,False,False,False,False,proposed_v2_coauthor_review,historical_v1_packets,True,True,True,True,True,True,A,A,False,False,False,False,False,structure_without_new_sentence_text,False,sentence_only_gold_agreeing,PENDING_FRESH_JUDGMENTS
grok,SA-000870,SA-000870,156514,rescue,Supported,silver_structured_evidence_sensitive,Supported,Unresolved,Supported,False,False,True,False,False,proposed_v2_coauthor_review,historical_v1_packets,True,True,False,,True,True,A,A,False,True,False,False,True,structure_without_new_sentence_text,False,nonmonotonic_judge_path,PENDING_FRESH_JUDGMENTS
grok,SA-000871,SA-000871,95991,robust,Refuted,silver_unresolved,Refuted,Refuted,Refuted,False,False,False,False,False,proposed_v2_coauthor_review,historical_v1_packets,True,True,True,True,True,True,A,A,False,False,False,False,False,structure_without_new_sentence_text,False,sentence_only_gold_agreeing,PENDING_FRESH_JUDGMENTS
grok,SA-000872,SA-000872,1942,rescue,Supported,silver_unresolved,Supported,Supported,Supported,False,False,False,False,False,proposed_v2_coauthor_review,historical_v1_packets,True,True,True,True,True,True,A,A,False,False,False,False,False,additional_sentence_text_and_structure,False,sentence_only_gold_agreeing,PENDING_FRESH_JUDGMENTS
grok,SA-000873,SA-000873,195503,rescue,Supported,silver_unresolved,Supported,Supported,Supported,False,False,False,False,False,proposed_v2_coauthor_review,historical_v1_packets,True,True,True,True,True,True,A,A,False,False,False,False,False,structure_without_new_sentence_text,False,sentence_only_gold_agreeing,PENDING_FRESH_JUDGMENTS
grok,SA-000874,SA-000874,19994,rescue,Supported,silver_unresolved,Supported,Supported,Supported,False,False,False,False,False,proposed_v2_coauthor_review,historical_v1_packets,True,True,True,True,True,True,A,A,False,False,False,False,False,structure_without_new_sentence_text,False,sentence_only_gold_agreeing,PENDING_FRESH_JUDGMENTS
grok,SA-000875,SA-000875,225313,robust,Supported,silver_unresolved,Supported,Supported,Supported,False,False,False,False,False,proposed_v2_coauthor_review,historical_v1_packets,True,True,True,True,True,True,A,A,False,False,False,False,False,structure_without_new_sentence_text,False,sentence_only_gold_agreeing,PENDING_FRESH_JUDGMENTS
grok,SA-000876,SA-000876,22002,resistant,Refuted,silver_clear_evidence_utilization_failure,Refuted,Refuted,Refuted,False,False,False,False,False,proposed_v2_coauthor_review,historical_v1_packets,True,True,True,True,True,True,A,A,False,False,False,False,False,structure_without_new_sentence_text,True,sentence_only_gold_agreeing,PENDING_FRESH_JUDGMENTS
grok,SA-000877,SA-000877,66495,robust,Supported,silver_unresolved,Supported,Supported,Supported,False,False,False,False,False,proposed_v2_coauthor_review,historical_v1_packets,True,True,True,True,True,True,A,A,False,False,False,False,False,structure_without_new_sentence_text,False,sentence_only_gold_agreeing,PENDING_FRESH_JUDGMENTS
grok,SA-000878,SA-000878,194454,rescue,Supported,silver_unresolved,Supported,Supported,Supported,False,False,False,False,False,proposed_v2_coauthor_review,historical_v1_packets,True,True,True,True,True,True,A,A,False,False,False,False,False,structure_without_new_sentence_text,False,sentence_only_gold_agreeing,PENDING_FRESH_JUDGMENTS
grok,SA-000879,SA-000879,50357,robust,Refuted,silver_unresolved,Refuted,Refuted,Refuted,False,False,False,False,False,proposed_v2_coauthor_review,historical_v1_packets,True,True,True,True,True,True,A,A,False,False,False,False,False,structure_without_new_sentence_text,False,sentence_only_gold_agreeing,PENDING_FRESH_JUDGMENTS
grok,SA-000880,SA-000880,183152,rescue,Refuted,silver_unresolved,Refuted,Refuted,Refuted,False,False,False,False,False,proposed_v2_coauthor_review,historical_v1_packets,True,True,True,True,True,True,A,A,False,False,False,False,False,structure_without_new_sentence_text,False,sentence_only_gold_agreeing,PENDING_FRESH_JUDGMENTS
grok,SA-000881,SA-000881,14800,regression,Supported,silver_partial_or_ambiguous_warrant,Ambiguous,Ambiguous,Ambiguous,True,False,False,False,False,proposed_v2_coauthor_review,historical_v1_packets,False,,False,,False,,none,none,False,False,False,False,False,structure_without_new_sentence_text,False,final_nondecisive,PENDING_FRESH_JUDGMENTS
grok,SA-000882,SA-000882,38481,resistant,Refuted,silver_clear_evidence_utilization_failure,Supported,Supported,Supported,False,False,False,False,False,proposed_v2_coauthor_review,historical_v1_packets,True,False,True,False,True,False,A,none,False,False,False,False,False,structure_without_new_sentence_text,False,decisive_judge_fever_disagreement,PENDING_FRESH_JUDGMENTS
grok,SA-000883,SA-000883,94931,robust,Refuted,silver_unresolved,Refuted,Refuted,Refuted,False,False,False,False,False,proposed_v2_coauthor_review,historical_v1_packets,True,True,True,True,True,True,A,A,False,False,False,False,False,structure_without_new_sentence_text,False,sentence_only_gold_agreeing,PENDING_FRESH_JUDGMENTS
grok,SA-000884,SA-000884,20603,regression,Supported,silver_clear_evidence_utilization_failure,Refuted,Refuted,Refuted,False,False,False,False,False,proposed_v2_coauthor_review,historical_v1_packets,True,False,True,False,True,False,A,none,False,False,False,False,False,structure_without_new_sentence_text,False,decisive_judge_fever_disagreement,PENDING_FRESH_JUDGMENTS
grok,SA-000885,SA-000885,19177,resistant,Refuted,silver_clear_evidence_utilization_failure,Refuted,Refuted,Refuted,False,False,False,False,False,proposed_v2_coauthor_review,historical_v1_packets,True,True,True,True,True,True,A,A,False,False,False,False,False,structure_without_new_sentence_text,True,sentence_only_gold_agreeing,PENDING_FRESH_JUDGMENTS
grok,SA-000886,SA-000886,171604,rescue,Supported,silver_unresolved,Supported,Supported,Supported,False,False,False,False,False,proposed_v2_coauthor_review,historical_v1_packets,True,True,True,True,True,True,A,A,False,False,False,False,False,structure_without_new_sentence_text,False,sentence_only_gold_agreeing,PENDING_FRESH_JUDGMENTS
grok,SA-000887,SA-000887,42943,resistant,Refuted,silver_clear_evidence_utilization_failure,Refuted,Refuted,Refuted,False,False,False,False,False,proposed_v2_coauthor_review,historical_v1_packets,True,True,True,True,True,True,A,A,False,False,False,False,False,structure_without_new_sentence_text,True,sentence_only_gold_agreeing,PENDING_FRESH_JUDGMENTS
grok,SA-000888,SA-000888,145972,robust,Refuted,silver_unresolved,Refuted,Refuted,Refuted,False,False,False,False,False,proposed_v2_coauthor_review,historical_v1_packets,True,True,True,True,True,True,A,A,False,False,False,False,False,structure_without_new_sentence_text,False,sentence_only_gold_agreeing,PENDING_FRESH_JUDGMENTS
grok,SA-000889,SA-000889,121496,rescue,Refuted,silver_unresolved,Refuted,Refuted,Refuted,False,False,False,False,False,proposed_v2_coauthor_review,historical_v1_packets,True,True,True,True,True,True,A,A,False,False,False,False,False,structure_without_new_sentence_text,False,sentence_only_gold_agreeing,PENDING_FRESH_JUDGMENTS
grok,SA-000890,SA-000890,54932,resistant,Refuted,silver_clear_evidence_utilization_failure,Supported,Supported,Supported,False,False,False,False,False,proposed_v2_coauthor_review,historical_v1_packets,True,False,True,False,True,False,A,none,False,False,False,False,False,structure_without_new_sentence_text,False,decisive_judge_fever_disagreement,PENDING_FRESH_JUDGMENTS
grok,SA-000891,SA-000891,145723,robust,Refuted,silver_unresolved,Refuted,Refuted,Refuted,False,False,False,False,False,proposed_v2_coauthor_review,historical_v1_packets,True,True,True,True,True,True,A,A,False,False,False,False,False,structure_without_new_sentence_text,False,sentence_only_gold_agreeing,PENDING_FRESH_JUDGMENTS
grok,SA-000892,SA-000892,130108,regression,Refuted,silver_clear_evidence_utilization_failure,Refuted,Refuted,Refuted,False,False,False,False,False,proposed_v2_coauthor_review,historical_v1_packets,True,True,True,True,True,True,A,A,False,False,False,False,False,additional_sentence_text_and_structure,True,sentence_only_gold_agreeing,PENDING_FRESH_JUDGMENTS
grok,SA-000893,SA-000893,186598,regression,Supported,silver_clear_evidence_utilization_failure,Refuted,Refuted,Refuted,False,False,False,False,False,proposed_v2_coauthor_review,historical_v1_packets,True,False,True,False,True,False,A,none,False,False,False,False,False,structure_without_new_sentence_text,False,decisive_judge_fever_disagreement,PENDING_FRESH_JUDGMENTS
grok,SA-000894,SA-000894,173933,regression,Refuted,silver_clear_evidence_utilization_failure,Refuted,Refuted,Refuted,False,False,False,False,False,proposed_v2_coauthor_review,historical_v1_packets,True,True,True,True,True,True,A,A,False,False,False,False,False,additional_sentence_text_and_structure,True,sentence_only_gold_agreeing,PENDING_FRESH_JUDGMENTS
grok,SA-000895,SA-000895,4041,regression,Supported,silver_structured_evidence_sensitive,Ambiguous,Refuted,Refuted,False,True,False,False,False,proposed_v2_coauthor_review,historical_v1_packets,False,,True,False,True,False,B,none,True,False,False,False,False,structure_without_new_sentence_text,False,decisive_judge_fever_disagreement,PENDING_FRESH_JUDGMENTS
grok,SA-000896,SA-000896,92644,rescue,Supported,silver_unresolved,Supported,Supported,Supported,False,False,False,False,False,proposed_v2_coauthor_review,historical_v1_packets,True,True,True,True,True,True,A,A,False,False,False,False,False,structure_without_new_sentence_text,False,sentence_only_gold_agreeing,PENDING_FRESH_JUDGMENTS
grok,SA-000897,SA-000897,206457,rescue,Supported,silver_unresolved,Supported,Supported,Supported,False,False,False,False,False,proposed_v2_coauthor_review,historical_v1_packets,True,True,True,True,True,True,A,A,False,False,False,False,False,structure_without_new_sentence_text,False,sentence_only_gold_agreeing,PENDING_FRESH_JUDGMENTS
grok,SA-000898,SA-000898,148173,regression,Refuted,silver_clear_evidence_utilization_failure,Refuted,Refuted,Refuted,False,False,False,False,False,proposed_v2_coauthor_review,historical_v1_packets,True,True,True,True,True,True,A,A,False,False,False,False,False,structure_without_new_sentence_text,True,sentence_only_gold_agreeing,PENDING_FRESH_JUDGMENTS
grok,SA-000899,SA-000899,136928,robust,Refuted,silver_unresolved,Refuted,Refuted,Refuted,False,False,False,False,False,proposed_v2_coauthor_review,historical_v1_packets,True,True,True,True,True,True,A,A,False,False,False,False,False,additional_sentence_text_and_structure,False,sentence_only_gold_agreeing,PENDING_FRESH_JUDGMENTS
grok,SA-000900,SA-000900,211287,rescue,Refuted,silver_unresolved,Refuted,Refuted,Refuted,False,False,False,False,False,proposed_v2_coauthor_review,historical_v1_packets,True,True,True,True,True,True,A,A,False,False,False,False,False,structure_without_new_sentence_text,False,sentence_only_gold_agreeing,PENDING_FRESH_JUDGMENTS
grok,SA-000901,SA-000901,143788,resistant,Refuted,silver_clear_evidence_utilization_failure,Refuted,Refuted,Refuted,False,False,False,False,False,proposed_v2_coauthor_review,historical_v1_packets,True,True,True,True,True,True,A,A,False,False,False,False,False,structure_without_new_sentence_text,True,sentence_only_gold_agreeing,PENDING_FRESH_JUDGMENTS
grok,SA-000902,SA-000902,78691,resistant,Supported,silver_clear_evidence_utilization_failure,Refuted,Refuted,Refuted,False,False,False,False,False,proposed_v2_coauthor_review,historical_v1_packets,True,False,True,False,True,False,A,none,False,False,False,False,False,structure_without_new_sentence_text,False,decisive_judge_fever_disagreement,PENDING_FRESH_JUDGMENTS
grok,SA-000903,SA-000903,88941,regression,Supported,silver_partial_or_ambiguous_warrant,Ambiguous,Ambiguous,Ambiguous,True,False,False,False,False,proposed_v2_coauthor_review,historical_v1_packets,False,,False,,False,,none,none,False,False,False,False,False,structure_without_new_sentence_text,False,final_nondecisive,PENDING_FRESH_JUDGMENTS
grok,SA-000904,SA-000904,194800,regression,Supported,silver_structured_evidence_sensitive,Ambiguous,Supported,Supported,False,True,False,False,False,proposed_v2_coauthor_review,historical_v1_packets,False,,True,True,True,True,B,B,True,False,False,False,False,structure_without_new_sentence_text,False,title_disclosure_gold_agreeing,PENDING_FRESH_JUDGMENTS
grok,SA-000905,SA-000905,111121,regression,Supported,silver_structured_evidence_sensitive,Ambiguous,Refuted,Refuted,False,True,False,False,False,proposed_v2_coauthor_review,historical_v1_packets,False,,True,False,True,False,B,none,True,False,False,False,False,structure_without_new_sentence_text,False,decisive_judge_fever_disagreement,PENDING_FRESH_JUDGMENTS
grok,SA-000906,SA-000906,145537,regression,Supported,silver_partial_or_ambiguous_warrant,Ambiguous,Ambiguous,Ambiguous,True,False,False,False,False,proposed_v2_coauthor_review,historical_v1_packets,False,,False,,False,,none,none,False,False,False,False,False,structure_without_new_sentence_text,False,final_nondecisive,PENDING_FRESH_JUDGMENTS
grok,SA-000907,SA-000907,116269,robust,Refuted,silver_unresolved,Refuted,Refuted,Refuted,False,False,False,False,False,proposed_v2_coauthor_review,historical_v1_packets,True,True,True,True,True,True,A,A,False,False,False,False,False,structure_without_new_sentence_text,False,sentence_only_gold_agreeing,PENDING_FRESH_JUDGMENTS
grok,SA-000908,SA-000908,39612,robust,Supported,silver_unresolved,Supported,Supported,Supported,False,False,False,False,False,proposed_v2_coauthor_review,historical_v1_packets,True,True,True,True,True,True,A,A,False,False,False,False,False,structure_without_new_sentence_text,False,sentence_only_gold_agreeing,PENDING_FRESH_JUDGMENTS
grok,SA-000909,SA-000909,202922,rescue,Supported,silver_unresolved,Supported,Supported,Supported,False,False,False,False,False,proposed_v2_coauthor_review,historical_v1_packets,True,True,True,True,True,True,A,A,False,False,False,False,False,structure_without_new_sentence_text,False,sentence_only_gold_agreeing,PENDING_FRESH_JUDGMENTS
grok,SA-000910,SA-000910,132313,rescue,Refuted,silver_unresolved,Refuted,Refuted,Refuted,False,False,False,False,False,proposed_v2_coauthor_review,historical_v1_packets,True,True,True,True,True,True,A,A,False,False,False,False,False,structure_without_new_sentence_text,False,sentence_only_gold_agreeing,PENDING_FRESH_JUDGMENTS
grok,SA-000911,SA-000911,135740,rescue,Refuted,silver_unresolved,Refuted,Refuted,Refuted,False,False,False,False,False,proposed_v2_coauthor_review,historical_v1_packets,True,True,True,True,True,True,A,A,False,False,False,False,False,structure_without_new_sentence_text,False,sentence_only_gold_agreeing,PENDING_FRESH_JUDGMENTS
grok,SA-000912,SA-000912,25551,resistant,Supported,silver_clear_evidence_utilization_failure,Supported,Supported,Supported,False,False,False,False,False,proposed_v2_coauthor_review,historical_v1_packets,True,True,True,True,True,True,A,A,False,False,False,False,False,structure_without_new_sentence_text,True,sentence_only_gold_agreeing,PENDING_FRESH_JUDGMENTS
grok,SA-000913,SA-000913,107119,regression,Supported,silver_partial_or_ambiguous_warrant,Ambiguous,Ambiguous,Ambiguous,True,False,False,False,False,proposed_v2_coauthor_review,historical_v1_packets,False,,False,,False,,none,none,False,False,False,False,False,additional_sentence_text_and_structure,False,final_nondecisive,PENDING_FRESH_JUDGMENTS
grok,SA-000914,SA-000914,93350,resistant,Supported,silver_clear_evidence_utilization_failure,Refuted,Refuted,Refuted,False,False,False,False,False,proposed_v2_coauthor_review,historical_v1_packets,True,False,True,False,True,False,A,none,False,False,False,False,False,structure_without_new_sentence_text,False,decisive_judge_fever_disagreement,PENDING_FRESH_JUDGMENTS
grok,SA-000915,SA-000915,194184,robust,Refuted,silver_unresolved,Refuted,Refuted,Refuted,False,False,False,False,False,proposed_v2_coauthor_review,historical_v1_packets,True,True,True,True,True,True,A,A,False,False,False,False,False,structure_without_new_sentence_text,False,sentence_only_gold_agreeing,PENDING_FRESH_JUDGMENTS
grok,SA-000916,SA-000916,182042,robust,Supported,silver_unresolved,Supported,Supported,Supported,False,False,False,False,False,proposed_v2_coauthor_review,historical_v1_packets,True,True,True,True,True,True,A,A,False,False,False,False,False,structure_without_new_sentence_text,False,sentence_only_gold_agreeing,PENDING_FRESH_JUDGMENTS
grok,SA-000917,SA-000917,106668,resistant,Supported,silver_partial_or_ambiguous_warrant,Ambiguous,Ambiguous,Ambiguous,True,False,False,False,False,proposed_v2_coauthor_review,historical_v1_packets,False,,False,,False,,none,none,False,False,False,False,False,additional_sentence_text_and_structure,False,final_nondecisive,PENDING_FRESH_JUDGMENTS
grok,SA-000918,SA-000918,150636,resistant,Supported,silver_structured_evidence_sensitive,Unresolved,Refuted,Refuted,False,True,False,False,False,proposed_v2_coauthor_review,historical_v1_packets,False,,True,False,True,False,B,none,True,False,False,False,False,structure_without_new_sentence_text,False,decisive_judge_fever_disagreement,PENDING_FRESH_JUDGMENTS
grok,SA-000919,SA-000919,71124,regression,Refuted,silver_partial_or_ambiguous_warrant,Ambiguous,Ambiguous,Ambiguous,True,False,False,False,False,proposed_v2_coauthor_review,historical_v1_packets,False,,False,,False,,none,none,False,False,False,False,False,structure_without_new_sentence_text,False,final_nondecisive,PENDING_FRESH_JUDGMENTS
grok,SA-000920,SA-000920,147411,rescue,Refuted,silver_unresolved,Refuted,Refuted,Refuted,False,False,False,False,False,proposed_v2_coauthor_review,historical_v1_packets,True,True,True,True,True,True,A,A,False,False,False,False,False,structure_without_new_sentence_text,False,sentence_only_gold_agreeing,PENDING_FRESH_JUDGMENTS
grok,SA-000921,SA-000921,70961,resistant,Refuted,silver_partial_or_ambiguous_warrant,Ambiguous,Ambiguous,Ambiguous,True,False,False,False,False,proposed_v2_coauthor_review,historical_v1_packets,False,,False,,False,,none,none,False,False,False,False,False,structure_without_new_sentence_text,False,final_nondecisive,PENDING_FRESH_JUDGMENTS
grok,SA-000922,SA-000922,135291,regression,Refuted,silver_structured_evidence_sensitive,Unresolved,Supported,Supported,False,True,False,False,False,proposed_v2_coauthor_review,historical_v1_packets,False,,True,False,True,False,B,none,True,False,False,False,False,additional_sentence_text_and_structure,False,decisive_judge_fever_disagreement,PENDING_FRESH_JUDGMENTS
grok,SA-000923,SA-000923,70602,robust,Supported,silver_unresolved,Supported,Supported,Supported,False,False,False,False,False,proposed_v2_coauthor_review,historical_v1_packets,True,True,True,True,True,True,A,A,False,False,False,False,False,structure_without_new_sentence_text,False,sentence_only_gold_agreeing,PENDING_FRESH_JUDGMENTS
grok,SA-000924,SA-000924,196159,regression,Supported,silver_clear_evidence_utilization_failure,Refuted,Refuted,Refuted,False,False,False,False,False,proposed_v2_coauthor_review,historical_v1_packets,True,False,True,False,True,False,A,none,False,False,False,False,False,structure_without_new_sentence_text,False,decisive_judge_fever_disagreement,PENDING_FRESH_JUDGMENTS
grok,SA-000925,SA-000925,191420,rescue,Supported,silver_unresolved,Supported,Supported,Supported,False,False,False,False,False,proposed_v2_coauthor_review,historical_v1_packets,True,True,True,True,True,True,A,A,False,False,False,False,False,structure_without_new_sentence_text,False,sentence_only_gold_agreeing,PENDING_FRESH_JUDGMENTS
grok,SA-000926,SA-000926,204641,resistant,Refuted,silver_clear_evidence_utilization_failure,Refuted,Refuted,Refuted,False,False,False,False,False,proposed_v2_coauthor_review,historical_v1_packets,True,True,True,True,True,True,A,A,False,False,False,False,False,structure_without_new_sentence_text,True,sentence_only_gold_agreeing,PENDING_FRESH_JUDGMENTS
grok,SA-000927,SA-000927,61401,regression,Supported,silver_partial_or_ambiguous_warrant,Ambiguous,Ambiguous,Ambiguous,True,False,False,False,False,proposed_v2_coauthor_review,historical_v1_packets,False,,False,,False,,none,none,False,False,False,False,False,structure_without_new_sentence_text,False,final_nondecisive,PENDING_FRESH_JUDGMENTS
grok,SA-000928,SA-000928,109461,regression,Supported,silver_clear_evidence_utilization_failure,Refuted,Refuted,Refuted,False,False,False,False,False,proposed_v2_coauthor_review,historical_v1_packets,True,False,True,False,True,False,A,none,False,False,False,False,False,structure_without_new_sentence_text,False,decisive_judge_fever_disagreement,PENDING_FRESH_JUDGMENTS
grok,SA-000929,SA-000929,76123,resistant,Refuted,silver_partial_or_ambiguous_warrant,Ambiguous,Ambiguous,Ambiguous,True,False,False,False,False,proposed_v2_coauthor_review,historical_v1_packets,False,,False,,False,,none,none,False,False,False,False,False,structure_without_new_sentence_text,False,final_nondecisive,PENDING_FRESH_JUDGMENTS
grok,SA-000930,SA-000930,48607,rescue,Refuted,silver_unresolved,Refuted,Refuted,Refuted,False,False,False,False,False,proposed_v2_coauthor_review,historical_v1_packets,True,True,True,True,True,True,A,A,False,False,False,False,False,structure_without_new_sentence_text,False,sentence_only_gold_agreeing,PENDING_FRESH_JUDGMENTS
grok,SA-000931,SA-000931,66842,rescue,Supported,silver_unresolved,Supported,Supported,Supported,False,False,False,False,False,proposed_v2_coauthor_review,historical_v1_packets,True,True,True,True,True,True,A,A,False,False,False,False,False,structure_without_new_sentence_text,False,sentence_only_gold_agreeing,PENDING_FRESH_JUDGMENTS
grok,SA-000932,SA-000932,136862,robust,Supported,silver_unresolved,Supported,Supported,Supported,False,False,False,False,False,proposed_v2_coauthor_review,historical_v1_packets,True,True,True,True,True,True,A,A,False,False,False,False,False,structure_without_new_sentence_text,False,sentence_only_gold_agreeing,PENDING_FRESH_JUDGMENTS
grok,SA-000933,SA-000933,60612,regression,Supported,silver_clear_evidence_utilization_failure,Refuted,Refuted,Refuted,False,False,False,False,False,proposed_v2_coauthor_review,historical_v1_packets,True,False,True,False,True,False,A,none,False,False,False,False,False,structure_without_new_sentence_text,False,decisive_judge_fever_disagreement,PENDING_FRESH_JUDGMENTS
grok,SA-000934,SA-000934,60232,rescue,Refuted,silver_structured_evidence_sensitive,Unresolved,Ambiguous,Refuted,False,False,True,False,False,proposed_v2_coauthor_review,historical_v1_packets,False,,False,,True,True,C,C,False,True,False,False,False,structure_without_new_sentence_text,False,structured_disclosure_gold_agreeing,PENDING_FRESH_JUDGMENTS
grok,SA-000935,SA-000935,18031,robust,Supported,silver_unresolved,Supported,Supported,Supported,False,False,False,False,False,proposed_v2_coauthor_review,historical_v1_packets,True,True,True,True,True,True,A,A,False,False,False,False,False,structure_without_new_sentence_text,False,sentence_only_gold_agreeing,PENDING_FRESH_JUDGMENTS
grok,SA-000936,SA-000936,154307,robust,Refuted,silver_unresolved,Refuted,Refuted,Refuted,False,False,False,False,False,proposed_v2_coauthor_review,historical_v1_packets,True,True,True,True,True,True,A,A,False,False,False,False,False,structure_without_new_sentence_text,False,sentence_only_gold_agreeing,PENDING_FRESH_JUDGMENTS
grok,SA-000937,SA-000937,80573,robust,Supported,silver_unresolved,Supported,Supported,Supported,False,False,False,False,False,proposed_v2_coauthor_review,historical_v1_packets,True,True,True,True,True,True,A,A,False,False,False,False,False,structure_without_new_sentence_text,False,sentence_only_gold_agreeing,PENDING_FRESH_JUDGMENTS
grok,SA-000938,SA-000938,129221,resistant,Supported,silver_partial_or_ambiguous_warrant,Ambiguous,Ambiguous,Ambiguous,True,False,False,False,False,proposed_v2_coauthor_review,historical_v1_packets,False,,False,,False,,none,none,False,False,False,False,False,additional_sentence_text_and_structure,False,final_nondecisive,PENDING_FRESH_JUDGMENTS
grok,SA-000939,SA-000939,128336,rescue,Supported,silver_unresolved,Supported,Supported,Supported,False,False,False,False,False,proposed_v2_coauthor_review,historical_v1_packets,True,True,True,True,True,True,A,A,False,False,False,False,False,structure_without_new_sentence_text,False,sentence_only_gold_agreeing,PENDING_FRESH_JUDGMENTS
grok,SA-000940,SA-000940,152008,regression,Supported,silver_partial_or_ambiguous_warrant,Ambiguous,Ambiguous,Ambiguous,True,False,False,False,False,proposed_v2_coauthor_review,historical_v1_packets,False,,False,,False,,none,none,False,False,False,False,False,structure_without_new_sentence_text,False,final_nondecisive,PENDING_FRESH_JUDGMENTS
grok,SA-000941,SA-000941,214780,rescue,Refuted,silver_partial_or_ambiguous_warrant,Ambiguous,Ambiguous,Ambiguous,True,False,False,False,False,proposed_v2_coauthor_review,historical_v1_packets,False,,False,,False,,none,none,False,False,False,False,False,structure_without_new_sentence_text,False,final_nondecisive,PENDING_FRESH_JUDGMENTS
grok,SA-000942,SA-000942,102789,regression,Refuted,silver_clear_evidence_utilization_failure,Refuted,Refuted,Refuted,False,False,False,False,False,proposed_v2_coauthor_review,historical_v1_packets,True,True,True,True,True,True,A,A,False,False,False,False,False,structure_without_new_sentence_text,True,sentence_only_gold_agreeing,PENDING_FRESH_JUDGMENTS
grok,SA-000943,SA-000943,204300,resistant,Refuted,silver_clear_evidence_utilization_failure,Supported,Supported,Supported,False,False,False,False,False,proposed_v2_coauthor_review,historical_v1_packets,True,False,True,False,True,False,A,none,False,False,False,False,False,structure_without_new_sentence_text,False,decisive_judge_fever_disagreement,PENDING_FRESH_JUDGMENTS
grok,SA-000944,SA-000944,217198,regression,Supported,silver_structured_evidence_sensitive,Refuted,Unresolved,Refuted,False,False,True,False,False,proposed_v2_coauthor_review,historical_v1_packets,True,False,False,,True,False,A,none,False,True,False,False,True,structure_without_new_sentence_text,False,decisive_judge_fever_disagreement,PENDING_FRESH_JUDGMENTS
grok,SA-000945,SA-000945,16507,rescue,Supported,silver_unresolved,Supported,Supported,Supported,False,False,False,False,False,proposed_v2_coauthor_review,historical_v1_packets,True,True,True,True,True,True,A,A,False,False,False,False,False,structure_without_new_sentence_text,False,sentence_only_gold_agreeing,PENDING_FRESH_JUDGMENTS
grok,SA-000946,SA-000946,113712,regression,Supported,silver_partial_or_ambiguous_warrant,Ambiguous,Ambiguous,Unresolved,True,False,False,False,False,proposed_v2_coauthor_review,historical_v1_packets,False,,False,,False,,none,none,False,False,False,False,False,additional_sentence_text_and_structure,False,final_nondecisive,PENDING_FRESH_JUDGMENTS
grok,SA-000947,SA-000947,8576,robust,Supported,silver_unresolved,Supported,Supported,Supported,False,False,False,False,False,proposed_v2_coauthor_review,historical_v1_packets,True,True,True,True,True,True,A,A,False,False,False,False,False,structure_without_new_sentence_text,False,sentence_only_gold_agreeing,PENDING_FRESH_JUDGMENTS
grok,SA-000948,SA-000948,27980,robust,Supported,silver_unresolved,Supported,Supported,Supported,False,False,False,False,False,proposed_v2_coauthor_review,historical_v1_packets,True,True,True,True,True,True,A,A,False,False,False,False,False,structure_without_new_sentence_text,False,sentence_only_gold_agreeing,PENDING_FRESH_JUDGMENTS
grok,SA-000949,SA-000949,101212,regression,Refuted,silver_clear_evidence_utilization_failure,Refuted,Refuted,Refuted,False,False,False,False,False,proposed_v2_coauthor_review,historical_v1_packets,True,True,True,True,True,True,A,A,False,False,False,False,False,structure_without_new_sentence_text,True,sentence_only_gold_agreeing,PENDING_FRESH_JUDGMENTS
grok,SA-000950,SA-000950,121121,rescue,Refuted,silver_unresolved,Refuted,Refuted,Refuted,False,False,False,False,False,proposed_v2_coauthor_review,historical_v1_packets,True,True,True,True,True,True,A,A,False,False,False,False,False,structure_without_new_sentence_text,False,sentence_only_gold_agreeing,PENDING_FRESH_JUDGMENTS
grok,SA-000951,SA-000951,110294,resistant,Refuted,silver_clear_evidence_utilization_failure,Refuted,Refuted,Refuted,False,False,False,False,False,proposed_v2_coauthor_review,historical_v1_packets,True,True,True,True,True,True,A,A,False,False,False,False,False,structure_without_new_sentence_text,True,sentence_only_gold_agreeing,PENDING_FRESH_JUDGMENTS
grok,SA-000952,SA-000952,162655,resistant,Refuted,silver_partial_or_ambiguous_warrant,Ambiguous,Ambiguous,Ambiguous,True,False,False,False,False,proposed_v2_coauthor_review,historical_v1_packets,False,,False,,False,,none,none,False,False,False,False,False,structure_without_new_sentence_text,False,final_nondecisive,PENDING_FRESH_JUDGMENTS
grok,SA-000953,SA-000953,197641,resistant,Refuted,silver_clear_evidence_utilization_failure,Refuted,Refuted,Refuted,False,False,False,False,False,proposed_v2_coauthor_review,historical_v1_packets,True,True,True,True,True,True,A,A,False,False,False,False,False,structure_without_new_sentence_text,True,sentence_only_gold_agreeing,PENDING_FRESH_JUDGMENTS
grok,SA-000954,SA-000954,93331,regression,Supported,silver_partial_or_ambiguous_warrant,Ambiguous,Supported,Ambiguous,True,True,False,False,False,proposed_v2_coauthor_review,historical_v1_packets,False,,True,True,False,,B,B,True,False,False,False,True,additional_sentence_text_and_structure,False,final_nondecisive,PENDING_FRESH_JUDGMENTS
grok,SA-000955,SA-000955,165267,robust,Refuted,silver_unresolved,Refuted,Refuted,Refuted,False,False,False,False,False,proposed_v2_coauthor_review,historical_v1_packets,True,True,True,True,True,True,A,A,False,False,False,False,False,structure_without_new_sentence_text,False,sentence_only_gold_agreeing,PENDING_FRESH_JUDGMENTS
grok,SA-000956,SA-000956,106084,resistant,Supported,silver_partial_or_ambiguous_warrant,Unresolved,Ambiguous,Ambiguous,True,False,False,False,False,proposed_v2_coauthor_review,historical_v1_packets,False,,False,,False,,none,none,False,False,False,False,False,structure_without_new_sentence_text,False,final_nondecisive,PENDING_FRESH_JUDGMENTS
grok,SA-000957,SA-000957,179831,rescue,Refuted,silver_unresolved,Refuted,Refuted,Refuted,False,False,False,False,False,proposed_v2_coauthor_review,historical_v1_packets,True,True,True,True,True,True,A,A,False,False,False,False,False,structure_without_new_sentence_text,False,sentence_only_gold_agreeing,PENDING_FRESH_JUDGMENTS
grok,SA-000958,SA-000958,175740,resistant,Supported,silver_clear_evidence_utilization_failure,Refuted,Refuted,Refuted,False,False,False,False,False,proposed_v2_coauthor_review,historical_v1_packets,True,False,True,False,True,False,A,none,False,False,False,False,False,structure_without_new_sentence_text,False,decisive_judge_fever_disagreement,PENDING_FRESH_JUDGMENTS
grok,SA-000959,SA-000959,152752,resistant,Refuted,silver_partial_or_ambiguous_warrant,Ambiguous,Ambiguous,Ambiguous,True,False,False,False,False,proposed_v2_coauthor_review,historical_v1_packets,False,,False,,False,,none,none,False,False,False,False,False,structure_without_new_sentence_text,False,final_nondecisive,PENDING_FRESH_JUDGMENTS
grok,SA-000960,SA-000960,184066,robust,Supported,silver_unresolved,Supported,Supported,Supported,False,False,False,False,False,proposed_v2_coauthor_review,historical_v1_packets,True,True,True,True,True,True,A,A,False,False,False,False,False,structure_without_new_sentence_text,False,sentence_only_gold_agreeing,PENDING_FRESH_JUDGMENTS
grok,SA-000961,SA-000961,100584,robust,Refuted,silver_unresolved,Refuted,Refuted,Refuted,False,False,False,False,False,proposed_v2_coauthor_review,historical_v1_packets,True,True,True,True,True,True,A,A,False,False,False,False,False,additional_sentence_text_and_structure,False,sentence_only_gold_agreeing,PENDING_FRESH_JUDGMENTS
grok,SA-000962,SA-000962,75291,robust,Refuted,silver_unresolved,Refuted,Refuted,Refuted,False,False,False,False,False,proposed_v2_coauthor_review,historical_v1_packets,True,True,True,True,True,True,A,A,False,False,False,False,False,structure_without_new_sentence_text,False,sentence_only_gold_agreeing,PENDING_FRESH_JUDGMENTS
grok,SA-000963,SA-000963,174990,rescue,Refuted,silver_unresolved,Refuted,Refuted,Refuted,False,False,False,False,False,proposed_v2_coauthor_review,historical_v1_packets,True,True,True,True,True,True,A,A,False,False,False,False,False,structure_without_new_sentence_text,False,sentence_only_gold_agreeing,PENDING_FRESH_JUDGMENTS
grok,SA-000964,SA-000964,150412,regression,Supported,silver_partial_or_ambiguous_warrant,Ambiguous,Ambiguous,Ambiguous,True,False,False,False,False,proposed_v2_coauthor_review,historical_v1_packets,False,,False,,False,,none,none,False,False,False,False,False,structure_without_new_sentence_text,False,final_nondecisive,PENDING_FRESH_JUDGMENTS
grok,SA-000965,SA-000965,45394,robust,Refuted,silver_unresolved,Refuted,Refuted,Refuted,False,False,False,False,False,proposed_v2_coauthor_review,historical_v1_packets,True,True,True,True,True,True,A,A,False,False,False,False,False,structure_without_new_sentence_text,False,sentence_only_gold_agreeing,PENDING_FRESH_JUDGMENTS
grok,SA-000966,SA-000966,108767,regression,Refuted,silver_clear_evidence_utilization_failure,Refuted,Refuted,Refuted,False,False,False,False,False,proposed_v2_coauthor_review,historical_v1_packets,True,True,True,True,True,True,A,A,False,False,False,False,False,structure_without_new_sentence_text,True,sentence_only_gold_agreeing,PENDING_FRESH_JUDGMENTS
grok,SA-000967,SA-000967,57138,resistant,Refuted,silver_clear_evidence_utilization_failure,Supported,Supported,Supported,False,False,False,False,False,proposed_v2_coauthor_review,historical_v1_packets,True,False,True,False,True,False,A,none,False,False,False,False,False,structure_without_new_sentence_text,False,decisive_judge_fever_disagreement,PENDING_FRESH_JUDGMENTS
grok,SA-000968,SA-000968,83879,rescue,Supported,silver_unresolved,Supported,Supported,Supported,False,False,False,False,False,proposed_v2_coauthor_review,historical_v1_packets,True,True,True,True,True,True,A,A,False,False,False,False,False,structure_without_new_sentence_text,False,sentence_only_gold_agreeing,PENDING_FRESH_JUDGMENTS
grok,SA-000969,SA-000969,74806,resistant,Supported,silver_partial_or_ambiguous_warrant,Ambiguous,Ambiguous,Ambiguous,True,False,False,False,False,proposed_v2_coauthor_review,historical_v1_packets,False,,False,,False,,none,none,False,False,False,False,False,structure_without_new_sentence_text,False,final_nondecisive,PENDING_FRESH_JUDGMENTS
grok,SA-000970,SA-000970,160350,regression,Refuted,silver_clear_evidence_utilization_failure,Refuted,Refuted,Refuted,False,False,False,False,False,proposed_v2_coauthor_review,historical_v1_packets,True,True,True,True,True,True,A,A,False,False,False,False,False,structure_without_new_sentence_text,True,sentence_only_gold_agreeing,PENDING_FRESH_JUDGMENTS
grok,SA-000971,SA-000971,5826,rescue,Supported,silver_structured_evidence_sensitive,Ambiguous,Ambiguous,Supported,False,False,True,False,False,proposed_v2_coauthor_review,historical_v1_packets,False,,False,,True,True,C,C,False,True,False,False,False,structure_without_new_sentence_text,False,structured_disclosure_gold_agreeing,PENDING_FRESH_JUDGMENTS
grok,SA-000972,SA-000972,63527,rescue,Refuted,silver_unresolved,Refuted,Refuted,Refuted,False,False,False,False,False,proposed_v2_coauthor_review,historical_v1_packets,True,True,True,True,True,True,A,A,False,False,False,False,False,structure_without_new_sentence_text,False,sentence_only_gold_agreeing,PENDING_FRESH_JUDGMENTS
grok,SA-000973,SA-000973,131416,robust,Supported,silver_unresolved,Supported,Supported,Supported,False,False,False,False,False,proposed_v2_coauthor_review,historical_v1_packets,True,True,True,True,True,True,A,A,False,False,False,False,False,structure_without_new_sentence_text,False,sentence_only_gold_agreeing,PENDING_FRESH_JUDGMENTS
grok,SA-000974,SA-000974,211291,rescue,Refuted,silver_unresolved,Refuted,Refuted,Refuted,False,False,False,False,False,proposed_v2_coauthor_review,historical_v1_packets,True,True,True,True,True,True,A,A,False,False,False,False,False,structure_without_new_sentence_text,False,sentence_only_gold_agreeing,PENDING_FRESH_JUDGMENTS
grok,SA-000975,SA-000975,46271,resistant,Supported,silver_partial_or_ambiguous_warrant,Ambiguous,Ambiguous,Ambiguous,True,False,False,False,False,proposed_v2_coauthor_review,historical_v1_packets,False,,False,,False,,none,none,False,False,False,False,False,structure_without_new_sentence_text,False,final_nondecisive,PENDING_FRESH_JUDGMENTS
grok,SA-000976,SA-000976,191445,regression,Supported,silver_clear_evidence_utilization_failure,Supported,Supported,Supported,False,False,False,False,False,proposed_v2_coauthor_review,historical_v1_packets,True,True,True,True,True,True,A,A,False,False,False,False,False,structure_without_new_sentence_text,True,sentence_only_gold_agreeing,PENDING_FRESH_JUDGMENTS
grok,SA-000977,SA-000977,15941,rescue,Refuted,silver_partial_or_ambiguous_warrant,Ambiguous,Ambiguous,Ambiguous,True,False,False,False,False,proposed_v2_coauthor_review,historical_v1_packets,False,,False,,False,,none,none,False,False,False,False,False,structure_without_new_sentence_text,False,final_nondecisive,PENDING_FRESH_JUDGMENTS
grok,SA-000978,SA-000978,172507,regression,Refuted,silver_clear_evidence_utilization_failure,Supported,Supported,Supported,False,False,False,False,False,proposed_v2_coauthor_review,historical_v1_packets,True,False,True,False,True,False,A,none,False,False,False,False,False,structure_without_new_sentence_text,False,decisive_judge_fever_disagreement,PENDING_FRESH_JUDGMENTS
grok,SA-000979,SA-000979,160899,rescue,Supported,silver_unresolved,Supported,Supported,Supported,False,False,False,False,False,proposed_v2_coauthor_review,historical_v1_packets,True,True,True,True,True,True,A,A,False,False,False,False,False,additional_sentence_text_and_structure,False,sentence_only_gold_agreeing,PENDING_FRESH_JUDGMENTS
grok,SA-000980,SA-000980,60039,rescue,Refuted,silver_unresolved,Refuted,Refuted,Refuted,False,False,False,False,False,proposed_v2_coauthor_review,historical_v1_packets,True,True,True,True,True,True,A,A,False,False,False,False,False,structure_without_new_sentence_text,False,sentence_only_gold_agreeing,PENDING_FRESH_JUDGMENTS
grok,SA-000981,SA-000981,172104,rescue,Refuted,silver_unresolved,Refuted,Refuted,Refuted,False,False,False,False,False,proposed_v2_coauthor_review,historical_v1_packets,True,True,True,True,True,True,A,A,False,False,False,False,False,structure_without_new_sentence_text,False,sentence_only_gold_agreeing,PENDING_FRESH_JUDGMENTS
grok,SA-000982,SA-000982,48638,rescue,Refuted,silver_unresolved,Refuted,Refuted,Refuted,False,False,False,False,False,proposed_v2_coauthor_review,historical_v1_packets,True,True,True,True,True,True,A,A,False,False,False,False,False,structure_without_new_sentence_text,False,sentence_only_gold_agreeing,PENDING_FRESH_JUDGMENTS
grok,SA-000983,SA-000983,98893,robust,Refuted,silver_unresolved,Refuted,Refuted,Refuted,False,False,False,False,False,proposed_v2_coauthor_review,historical_v1_packets,True,True,True,True,True,True,A,A,False,False,False,False,False,structure_without_new_sentence_text,False,sentence_only_gold_agreeing,PENDING_FRESH_JUDGMENTS
grok,SA-000984,SA-000984,33844,rescue,Supported,silver_unresolved,Supported,Supported,Supported,False,False,False,False,False,proposed_v2_coauthor_review,historical_v1_packets,True,True,True,True,True,True,A,A,False,False,False,False,False,structure_without_new_sentence_text,False,sentence_only_gold_agreeing,PENDING_FRESH_JUDGMENTS
grok,SA-000985,SA-000985,88345,resistant,Refuted,silver_clear_evidence_utilization_failure,Refuted,Refuted,Refuted,False,False,False,False,False,proposed_v2_coauthor_review,historical_v1_packets,True,True,True,True,True,True,A,A,False,False,False,False,False,structure_without_new_sentence_text,True,sentence_only_gold_agreeing,PENDING_FRESH_JUDGMENTS
grok,SA-000986,SA-000986,119219,resistant,Refuted,silver_clear_evidence_utilization_failure,Refuted,Refuted,Refuted,False,False,False,False,False,proposed_v2_coauthor_review,historical_v1_packets,True,True,True,True,True,True,A,A,False,False,False,False,False,structure_without_new_sentence_text,True,sentence_only_gold_agreeing,PENDING_FRESH_JUDGMENTS
grok,SA-000987,SA-000987,32233,rescue,Supported,silver_unresolved,Supported,Supported,Supported,False,False,False,False,False,proposed_v2_coauthor_review,historical_v1_packets,True,True,True,True,True,True,A,A,False,False,False,False,False,structure_without_new_sentence_text,False,sentence_only_gold_agreeing,PENDING_FRESH_JUDGMENTS
grok,SA-000988,SA-000988,81191,regression,Supported,silver_partial_or_ambiguous_warrant,Ambiguous,Ambiguous,Ambiguous,True,False,False,False,False,proposed_v2_coauthor_review,historical_v1_packets,False,,False,,False,,none,none,False,False,False,False,False,additional_sentence_text_and_structure,False,final_nondecisive,PENDING_FRESH_JUDGMENTS
grok,SA-000989,SA-000989,573,resistant,Refuted,silver_partial_or_ambiguous_warrant,Ambiguous,Ambiguous,Ambiguous,True,False,False,False,False,proposed_v2_coauthor_review,historical_v1_packets,False,,False,,False,,none,none,False,False,False,False,False,structure_without_new_sentence_text,False,final_nondecisive,PENDING_FRESH_JUDGMENTS
grok,SA-000990,SA-000990,100083,resistant,Supported,silver_partial_or_ambiguous_warrant,Ambiguous,Ambiguous,Ambiguous,True,False,False,False,False,proposed_v2_coauthor_review,historical_v1_packets,False,,False,,False,,none,none,False,False,False,False,False,structure_without_new_sentence_text,False,final_nondecisive,PENDING_FRESH_JUDGMENTS
grok,SA-000991,SA-000991,69436,resistant,Refuted,silver_partial_or_ambiguous_warrant,Ambiguous,Ambiguous,Ambiguous,True,False,False,False,False,proposed_v2_coauthor_review,historical_v1_packets,False,,False,,False,,none,none,False,False,False,False,False,structure_without_new_sentence_text,False,final_nondecisive,PENDING_FRESH_JUDGMENTS
grok,SA-000992,SA-000992,227116,regression,Supported,silver_clear_evidence_utilization_failure,Supported,Supported,Supported,False,False,False,False,False,proposed_v2_coauthor_review,historical_v1_packets,True,True,True,True,True,True,A,A,False,False,False,False,False,structure_without_new_sentence_text,True,sentence_only_gold_agreeing,PENDING_FRESH_JUDGMENTS
grok,SA-000993,SA-000993,123452,regression,Refuted,silver_partial_or_ambiguous_warrant,Ambiguous,Ambiguous,Ambiguous,True,False,False,False,False,proposed_v2_coauthor_review,historical_v1_packets,False,,False,,False,,none,none,False,False,False,False,False,structure_without_new_sentence_text,False,final_nondecisive,PENDING_FRESH_JUDGMENTS
grok,SA-000994,SA-000994,154086,resistant,Refuted,silver_clear_evidence_utilization_failure,Supported,Supported,Supported,False,False,False,False,False,proposed_v2_coauthor_review,historical_v1_packets,True,False,True,False,True,False,A,none,False,False,False,False,False,structure_without_new_sentence_text,False,decisive_judge_fever_disagreement,PENDING_FRESH_JUDGMENTS
grok,SA-000995,SA-000995,38288,regression,Refuted,silver_clear_evidence_utilization_failure,Refuted,Refuted,Refuted,False,False,False,False,False,proposed_v2_coauthor_review,historical_v1_packets,True,True,True,True,True,True,A,A,False,False,False,False,False,structure_without_new_sentence_text,True,sentence_only_gold_agreeing,PENDING_FRESH_JUDGMENTS
grok,SA-000996,SA-000996,153303,regression,Supported,silver_clear_evidence_utilization_failure,Refuted,Refuted,Refuted,False,False,False,False,False,proposed_v2_coauthor_review,historical_v1_packets,True,False,True,False,True,False,A,none,False,False,False,False,False,structure_without_new_sentence_text,False,decisive_judge_fever_disagreement,PENDING_FRESH_JUDGMENTS
grok,SA-000997,SA-000997,119915,regression,Supported,silver_clear_evidence_utilization_failure,Refuted,Refuted,Refuted,False,False,False,False,False,proposed_v2_coauthor_review,historical_v1_packets,True,False,True,False,True,False,A,none,False,False,False,False,False,structure_without_new_sentence_text,False,decisive_judge_fever_disagreement,PENDING_FRESH_JUDGMENTS
grok,SA-000998,SA-000998,122572,robust,Supported,silver_unresolved,Supported,Supported,Supported,False,False,False,False,False,proposed_v2_coauthor_review,historical_v1_packets,True,True,True,True,True,True,A,A,False,False,False,False,False,structure_without_new_sentence_text,False,sentence_only_gold_agreeing,PENDING_FRESH_JUDGMENTS
grok,SA-000999,SA-000999,25545,regression,Refuted,silver_clear_evidence_utilization_failure,Refuted,Refuted,Refuted,False,False,False,False,False,proposed_v2_coauthor_review,historical_v1_packets,True,True,True,True,True,True,A,A,False,False,False,False,False,structure_without_new_sentence_text,True,sentence_only_gold_agreeing,PENDING_FRESH_JUDGMENTS
grok,SA-001000,SA-001000,36171,regression,Refuted,silver_clear_evidence_utilization_failure,Refuted,Refuted,Refuted,False,False,False,False,False,proposed_v2_coauthor_review,historical_v1_packets,True,True,True,True,True,True,A,A,False,False,False,False,False,structure_without_new_sentence_text,True,sentence_only_gold_agreeing,PENDING_FRESH_JUDGMENTS
grok,SA-001001,SA-001001,102540,rescue,Supported,silver_structured_evidence_sensitive,Ambiguous,Unresolved,Supported,False,False,True,False,False,proposed_v2_coauthor_review,historical_v1_packets,False,,False,,True,True,C,C,False,True,False,False,False,structure_without_new_sentence_text,False,structured_disclosure_gold_agreeing,PENDING_FRESH_JUDGMENTS
grok,SA-001002,SA-001002,3019,regression,Refuted,silver_partial_or_ambiguous_warrant,Ambiguous,Ambiguous,Ambiguous,True,False,False,False,False,proposed_v2_coauthor_review,historical_v1_packets,False,,False,,False,,none,none,False,False,False,False,False,structure_without_new_sentence_text,False,final_nondecisive,PENDING_FRESH_JUDGMENTS
grok,SA-001003,SA-001003,178171,rescue,Supported,silver_unresolved,Supported,Supported,Supported,False,False,False,False,False,proposed_v2_coauthor_review,historical_v1_packets,True,True,True,True,True,True,A,A,False,False,False,False,False,structure_without_new_sentence_text,False,sentence_only_gold_agreeing,PENDING_FRESH_JUDGMENTS
grok,SA-001004,SA-001004,23943,robust,Supported,silver_unresolved,Supported,Supported,Supported,False,False,False,False,False,proposed_v2_coauthor_review,historical_v1_packets,True,True,True,True,True,True,A,A,False,False,False,False,False,additional_sentence_text_and_structure,False,sentence_only_gold_agreeing,PENDING_FRESH_JUDGMENTS
grok,SA-001005,SA-001005,147486,regression,Supported,silver_partial_or_ambiguous_warrant,Ambiguous,Ambiguous,Ambiguous,True,False,False,False,False,proposed_v2_coauthor_review,historical_v1_packets,False,,False,,False,,none,none,False,False,False,False,False,structure_without_new_sentence_text,False,final_nondecisive,PENDING_FRESH_JUDGMENTS
grok,SA-001006,SA-001006,21784,regression,Supported,silver_clear_evidence_utilization_failure,Supported,Supported,Supported,False,False,False,False,False,proposed_v2_coauthor_review,historical_v1_packets,True,True,True,True,True,True,A,A,False,False,False,False,False,structure_without_new_sentence_text,True,sentence_only_gold_agreeing,PENDING_FRESH_JUDGMENTS
grok,SA-001007,SA-001007,30479,robust,Refuted,silver_unresolved,Refuted,Refuted,Refuted,False,False,False,False,False,proposed_v2_coauthor_review,historical_v1_packets,True,True,True,True,True,True,A,A,False,False,False,False,False,structure_without_new_sentence_text,False,sentence_only_gold_agreeing,PENDING_FRESH_JUDGMENTS
grok,SA-001008,SA-001008,32672,resistant,Supported,silver_clear_evidence_utilization_failure,Refuted,Refuted,Refuted,False,False,False,False,False,proposed_v2_coauthor_review,historical_v1_packets,True,False,True,False,True,False,A,none,False,False,False,False,False,structure_without_new_sentence_text,False,decisive_judge_fever_disagreement,PENDING_FRESH_JUDGMENTS
grok,SA-001009,SA-001009,193844,regression,Supported,silver_clear_evidence_utilization_failure,Refuted,Refuted,Refuted,False,False,False,False,False,proposed_v2_coauthor_review,historical_v1_packets,True,False,True,False,True,False,A,none,False,False,False,False,False,structure_without_new_sentence_text,False,decisive_judge_fever_disagreement,PENDING_FRESH_JUDGMENTS
grok,SA-001010,SA-001010,157777,robust,Refuted,silver_unresolved,Refuted,Refuted,Refuted,False,False,False,False,False,proposed_v2_coauthor_review,historical_v1_packets,True,True,True,True,True,True,A,A,False,False,False,False,False,structure_without_new_sentence_text,False,sentence_only_gold_agreeing,PENDING_FRESH_JUDGMENTS
grok,SA-001011,SA-001011,79461,resistant,Refuted,silver_clear_evidence_utilization_failure,Refuted,Refuted,Refuted,False,False,False,False,False,proposed_v2_coauthor_review,historical_v1_packets,True,True,True,True,True,True,A,A,False,False,False,False,False,structure_without_new_sentence_text,True,sentence_only_gold_agreeing,PENDING_FRESH_JUDGMENTS
grok,SA-001012,SA-001012,217168,resistant,Supported,silver_clear_evidence_utilization_failure,Refuted,Refuted,Refuted,False,False,False,False,False,proposed_v2_coauthor_review,historical_v1_packets,True,False,True,False,True,False,A,none,False,False,False,False,False,structure_without_new_sentence_text,False,decisive_judge_fever_disagreement,PENDING_FRESH_JUDGMENTS
grok,SA-001013,SA-001013,97739,regression,Supported,silver_structured_evidence_sensitive,Supported,Ambiguous,Supported,False,False,True,False,False,proposed_v2_coauthor_review,historical_v1_packets,True,True,False,,True,True,A,A,False,True,False,False,True,structure_without_new_sentence_text,True,nonmonotonic_judge_path,PENDING_FRESH_JUDGMENTS
grok,SA-001014,SA-001014,166629,robust,Refuted,silver_unresolved,Refuted,Refuted,Refuted,False,False,False,False,False,proposed_v2_coauthor_review,historical_v1_packets,True,True,True,True,True,True,A,A,False,False,False,False,False,structure_without_new_sentence_text,False,sentence_only_gold_agreeing,PENDING_FRESH_JUDGMENTS
grok,SA-001015,SA-001015,104735,robust,Refuted,silver_unresolved,Refuted,Refuted,Refuted,False,False,False,False,False,proposed_v2_coauthor_review,historical_v1_packets,True,True,True,True,True,True,A,A,False,False,False,False,False,structure_without_new_sentence_text,False,sentence_only_gold_agreeing,PENDING_FRESH_JUDGMENTS
grok,SA-001016,SA-001016,90151,regression,Supported,silver_clear_evidence_utilization_failure,Refuted,Refuted,Refuted,False,False,False,False,False,proposed_v2_coauthor_review,historical_v1_packets,True,False,True,False,True,False,A,none,False,False,False,False,False,structure_without_new_sentence_text,False,decisive_judge_fever_disagreement,PENDING_FRESH_JUDGMENTS
grok,SA-001017,SA-001017,205089,robust,Refuted,silver_unresolved,Refuted,Refuted,Refuted,False,False,False,False,False,proposed_v2_coauthor_review,historical_v1_packets,True,True,True,True,True,True,A,A,False,False,False,False,False,structure_without_new_sentence_text,False,sentence_only_gold_agreeing,PENDING_FRESH_JUDGMENTS
grok,SA-001018,SA-001018,41661,robust,Supported,silver_unresolved,Supported,Supported,Supported,False,False,False,False,False,proposed_v2_coauthor_review,historical_v1_packets,True,True,True,True,True,True,A,A,False,False,False,False,False,structure_without_new_sentence_text,False,sentence_only_gold_agreeing,PENDING_FRESH_JUDGMENTS
grok,SA-001019,SA-001019,224959,rescue,Refuted,silver_structured_evidence_sensitive,Ambiguous,Ambiguous,Refuted,False,False,True,False,False,proposed_v2_coauthor_review,historical_v1_packets,False,,False,,True,True,C,C,False,True,False,False,False,structure_without_new_sentence_text,False,structured_disclosure_gold_agreeing,PENDING_FRESH_JUDGMENTS
grok,SA-001020,SA-001020,152955,regression,Supported,silver_partial_or_ambiguous_warrant,Ambiguous,Ambiguous,Ambiguous,True,False,False,False,False,proposed_v2_coauthor_review,historical_v1_packets,False,,False,,False,,none,none,False,False,False,False,False,additional_sentence_text_and_structure,False,final_nondecisive,PENDING_FRESH_JUDGMENTS
grok,SA-001021,SA-001021,122596,rescue,Supported,silver_unresolved,Supported,Supported,Supported,False,False,False,False,False,proposed_v2_coauthor_review,historical_v1_packets,True,True,True,True,True,True,A,A,False,False,False,False,False,structure_without_new_sentence_text,False,sentence_only_gold_agreeing,PENDING_FRESH_JUDGMENTS
grok,SA-001022,SA-001022,162881,regression,Supported,silver_partial_or_ambiguous_warrant,Ambiguous,Ambiguous,Ambiguous,True,False,False,False,False,proposed_v2_coauthor_review,historical_v1_packets,False,,False,,False,,none,none,False,False,False,False,False,structure_without_new_sentence_text,False,final_nondecisive,PENDING_FRESH_JUDGMENTS
grok,SA-001023,SA-001023,115386,regression,Supported,silver_partial_or_ambiguous_warrant,Ambiguous,Ambiguous,Ambiguous,True,False,False,False,False,proposed_v2_coauthor_review,historical_v1_packets,False,,False,,False,,none,none,False,False,False,False,False,structure_without_new_sentence_text,False,final_nondecisive,PENDING_FRESH_JUDGMENTS
grok,SA-001024,SA-001024,138161,resistant,Supported,silver_partial_or_ambiguous_warrant,Ambiguous,Ambiguous,Ambiguous,True,False,False,False,False,proposed_v2_coauthor_review,historical_v1_packets,False,,False,,False,,none,none,False,False,False,False,False,structure_without_new_sentence_text,False,final_nondecisive,PENDING_FRESH_JUDGMENTS
grok,SA-001025,SA-001025,193893,robust,Refuted,silver_unresolved,Refuted,Refuted,Refuted,False,False,False,False,False,proposed_v2_coauthor_review,historical_v1_packets,True,True,True,True,True,True,A,A,False,False,False,False,False,structure_without_new_sentence_text,False,sentence_only_gold_agreeing,PENDING_FRESH_JUDGMENTS
grok,SA-001026,SA-001026,48684,resistant,Supported,silver_structured_evidence_sensitive,Ambiguous,Ambiguous,Refuted,False,False,True,False,False,proposed_v2_coauthor_review,historical_v1_packets,False,,False,,True,False,C,none,False,True,False,False,False,structure_without_new_sentence_text,False,decisive_judge_fever_disagreement,PENDING_FRESH_JUDGMENTS
grok,SA-001027,SA-001027,194910,robust,Refuted,silver_unresolved,Refuted,Refuted,Refuted,False,False,False,False,False,proposed_v2_coauthor_review,historical_v1_packets,True,True,True,True,True,True,A,A,False,False,False,False,False,additional_sentence_text_and_structure,False,sentence_only_gold_agreeing,PENDING_FRESH_JUDGMENTS
grok,SA-001028,SA-001028,140359,regression,Supported,silver_structured_evidence_sensitive,Ambiguous,Ambiguous,Supported,False,False,True,False,False,proposed_v2_coauthor_review,historical_v1_packets,False,,False,,True,True,C,C,False,True,False,False,False,additional_sentence_text_and_structure,False,additional_evidence_gold_agreeing,PENDING_FRESH_JUDGMENTS
grok,SA-001029,SA-001029,43702,resistant,Refuted,silver_clear_evidence_utilization_failure,Refuted,Refuted,Refuted,False,False,False,False,False,proposed_v2_coauthor_review,historical_v1_packets,True,True,True,True,True,True,A,A,False,False,False,False,False,structure_without_new_sentence_text,True,sentence_only_gold_agreeing,PENDING_FRESH_JUDGMENTS
grok,SA-001030,SA-001030,145926,regression,Supported,silver_structured_evidence_sensitive,Ambiguous,Ambiguous,Supported,False,False,True,False,False,proposed_v2_coauthor_review,historical_v1_packets,False,,False,,True,True,C,C,False,True,False,False,False,structure_without_new_sentence_text,False,structured_disclosure_gold_agreeing,PENDING_FRESH_JUDGMENTS
grok,SA-001031,SA-001031,116278,rescue,Refuted,silver_unresolved,Refuted,Refuted,Refuted,False,False,False,False,False,proposed_v2_coauthor_review,historical_v1_packets,True,True,True,True,True,True,A,A,False,False,False,False,False,structure_without_new_sentence_text,False,sentence_only_gold_agreeing,PENDING_FRESH_JUDGMENTS
grok,SA-001032,SA-001032,106191,rescue,Refuted,silver_unresolved,Refuted,Refuted,Refuted,False,False,False,False,False,proposed_v2_coauthor_review,historical_v1_packets,True,True,True,True,True,True,A,A,False,False,False,False,False,structure_without_new_sentence_text,False,sentence_only_gold_agreeing,PENDING_FRESH_JUDGMENTS
grok,SA-001033,SA-001033,105724,robust,Refuted,silver_unresolved,Refuted,Refuted,Refuted,False,False,False,False,False,proposed_v2_coauthor_review,historical_v1_packets,True,True,True,True,True,True,A,A,False,False,False,False,False,additional_sentence_text_and_structure,False,sentence_only_gold_agreeing,PENDING_FRESH_JUDGMENTS
grok,SA-001034,SA-001034,124719,regression,Supported,silver_partial_or_ambiguous_warrant,Ambiguous,Ambiguous,Ambiguous,True,False,False,False,False,proposed_v2_coauthor_review,historical_v1_packets,False,,False,,False,,none,none,False,False,False,False,False,structure_without_new_sentence_text,False,final_nondecisive,PENDING_FRESH_JUDGMENTS
grok,SA-001035,SA-001035,14922,robust,Supported,silver_unresolved,Supported,Supported,Supported,False,False,False,False,False,proposed_v2_coauthor_review,historical_v1_packets,True,True,True,True,True,True,A,A,False,False,False,False,False,structure_without_new_sentence_text,False,sentence_only_gold_agreeing,PENDING_FRESH_JUDGMENTS
grok,SA-001036,SA-001036,128258,resistant,Refuted,silver_clear_evidence_utilization_failure,Supported,Supported,Supported,False,False,False,False,False,proposed_v2_coauthor_review,historical_v1_packets,True,False,True,False,True,False,A,none,False,False,False,False,False,structure_without_new_sentence_text,False,decisive_judge_fever_disagreement,PENDING_FRESH_JUDGMENTS
grok,SA-001037,SA-001037,91976,rescue,Refuted,silver_structured_evidence_sensitive,Refuted,Unresolved,Refuted,False,False,True,False,False,proposed_v2_coauthor_review,historical_v1_packets,True,True,False,,True,True,A,A,False,True,False,False,True,structure_without_new_sentence_text,False,nonmonotonic_judge_path,PENDING_FRESH_JUDGMENTS
grok,SA-001038,SA-001038,6680,robust,Supported,silver_unresolved,Supported,Supported,Supported,False,False,False,False,False,proposed_v2_coauthor_review,historical_v1_packets,True,True,True,True,True,True,A,A,False,False,False,False,False,structure_without_new_sentence_text,False,sentence_only_gold_agreeing,PENDING_FRESH_JUDGMENTS
grok,SA-001039,SA-001039,204307,regression,Refuted,silver_partial_or_ambiguous_warrant,Ambiguous,Ambiguous,Ambiguous,True,False,False,False,False,proposed_v2_coauthor_review,historical_v1_packets,False,,False,,False,,none,none,False,False,False,False,False,structure_without_new_sentence_text,False,final_nondecisive,PENDING_FRESH_JUDGMENTS
grok,SA-001040,SA-001040,181881,robust,Supported,silver_unresolved,Supported,Supported,Supported,False,False,False,False,False,proposed_v2_coauthor_review,historical_v1_packets,True,True,True,True,True,True,A,A,False,False,False,False,False,structure_without_new_sentence_text,False,sentence_only_gold_agreeing,PENDING_FRESH_JUDGMENTS
grok,SA-001041,SA-001041,14430,resistant,Refuted,silver_partial_or_ambiguous_warrant,Ambiguous,Ambiguous,Ambiguous,True,False,False,False,False,proposed_v2_coauthor_review,historical_v1_packets,False,,False,,False,,none,none,False,False,False,False,False,structure_without_new_sentence_text,False,final_nondecisive,PENDING_FRESH_JUDGMENTS
grok,SA-001042,SA-001042,192203,resistant,Refuted,silver_partial_or_ambiguous_warrant,Ambiguous,Ambiguous,Ambiguous,True,False,False,False,False,proposed_v2_coauthor_review,historical_v1_packets,False,,False,,False,,none,none,False,False,False,False,False,structure_without_new_sentence_text,False,final_nondecisive,PENDING_FRESH_JUDGMENTS
grok,SA-001043,SA-001043,174893,regression,Supported,silver_partial_or_ambiguous_warrant,Ambiguous,Ambiguous,Ambiguous,True,False,False,False,False,proposed_v2_coauthor_review,historical_v1_packets,False,,False,,False,,none,none,False,False,False,False,False,additional_sentence_text_and_structure,False,final_nondecisive,PENDING_FRESH_JUDGMENTS
grok,SA-001044,SA-001044,103005,rescue,Refuted,silver_unresolved,Refuted,Refuted,Refuted,False,False,False,False,False,proposed_v2_coauthor_review,historical_v1_packets,True,True,True,True,True,True,A,A,False,False,False,False,False,structure_without_new_sentence_text,False,sentence_only_gold_agreeing,PENDING_FRESH_JUDGMENTS
grok,SA-001045,SA-001045,204347,robust,Supported,silver_unresolved,Supported,Supported,Supported,False,False,False,False,False,proposed_v2_coauthor_review,historical_v1_packets,True,True,True,True,True,True,A,A,False,False,False,False,False,structure_without_new_sentence_text,False,sentence_only_gold_agreeing,PENDING_FRESH_JUDGMENTS
grok,SA-001046,SA-001046,14501,regression,Supported,silver_partial_or_ambiguous_warrant,Ambiguous,Ambiguous,Ambiguous,True,False,False,False,False,proposed_v2_coauthor_review,historical_v1_packets,False,,False,,False,,none,none,False,False,False,False,False,structure_without_new_sentence_text,False,final_nondecisive,PENDING_FRESH_JUDGMENTS
grok,SA-001047,SA-001047,207260,resistant,Refuted,silver_clear_evidence_utilization_failure,Supported,Supported,Supported,False,False,False,False,False,proposed_v2_coauthor_review,historical_v1_packets,True,False,True,False,True,False,A,none,False,False,False,False,False,structure_without_new_sentence_text,False,decisive_judge_fever_disagreement,PENDING_FRESH_JUDGMENTS
grok,SA-001048,SA-001048,98655,robust,Supported,silver_unresolved,Supported,Supported,Supported,False,False,False,False,False,proposed_v2_coauthor_review,historical_v1_packets,True,True,True,True,True,True,A,A,False,False,False,False,False,structure_without_new_sentence_text,False,sentence_only_gold_agreeing,PENDING_FRESH_JUDGMENTS
grok,SA-001049,SA-001049,157434,rescue,Refuted,silver_unresolved,Refuted,Refuted,Refuted,False,False,False,False,False,proposed_v2_coauthor_review,historical_v1_packets,True,True,True,True,True,True,A,A,False,False,False,False,False,structure_without_new_sentence_text,False,sentence_only_gold_agreeing,PENDING_FRESH_JUDGMENTS
grok,SA-001050,SA-001050,192754,resistant,Supported,silver_clear_evidence_utilization_failure,Refuted,Refuted,Refuted,False,False,False,False,False,proposed_v2_coauthor_review,historical_v1_packets,True,False,True,False,True,False,A,none,False,False,False,False,False,structure_without_new_sentence_text,False,decisive_judge_fever_disagreement,PENDING_FRESH_JUDGMENTS
grok,SA-001051,SA-001051,33574,rescue,Refuted,silver_unresolved,Refuted,Refuted,Refuted,False,False,False,False,False,proposed_v2_coauthor_review,historical_v1_packets,True,True,True,True,True,True,A,A,False,False,False,False,False,structure_without_new_sentence_text,False,sentence_only_gold_agreeing,PENDING_FRESH_JUDGMENTS
grok,SA-001052,SA-001052,96466,regression,Supported,silver_partial_or_ambiguous_warrant,Ambiguous,Ambiguous,Ambiguous,True,False,False,False,False,proposed_v2_coauthor_review,historical_v1_packets,False,,False,,False,,none,none,False,False,False,False,False,structure_without_new_sentence_text,False,final_nondecisive,PENDING_FRESH_JUDGMENTS
grok,SA-001053,SA-001053,29257,resistant,Refuted,silver_clear_evidence_utilization_failure,Supported,Supported,Supported,False,False,False,False,False,proposed_v2_coauthor_review,historical_v1_packets,True,False,True,False,True,False,A,none,False,False,False,False,False,structure_without_new_sentence_text,False,decisive_judge_fever_disagreement,PENDING_FRESH_JUDGMENTS
grok,SA-001054,SA-001054,174882,rescue,Refuted,silver_unresolved,Refuted,Refuted,Refuted,False,False,False,False,False,proposed_v2_coauthor_review,historical_v1_packets,True,True,True,True,True,True,A,A,False,False,False,False,False,structure_without_new_sentence_text,False,sentence_only_gold_agreeing,PENDING_FRESH_JUDGMENTS
grok,SA-001055,SA-001055,75922,resistant,Supported,silver_clear_evidence_utilization_failure,Supported,Supported,Supported,False,False,False,False,False,proposed_v2_coauthor_review,historical_v1_packets,True,True,True,True,True,True,A,A,False,False,False,False,False,additional_sentence_text_and_structure,True,sentence_only_gold_agreeing,PENDING_FRESH_JUDGMENTS
grok,SA-001056,SA-001056,43475,resistant,Supported,silver_clear_evidence_utilization_failure,Refuted,Refuted,Refuted,False,False,False,False,False,proposed_v2_coauthor_review,historical_v1_packets,True,False,True,False,True,False,A,none,False,False,False,False,False,structure_without_new_sentence_text,False,decisive_judge_fever_disagreement,PENDING_FRESH_JUDGMENTS
grok,SA-001057,SA-001057,153147,regression,Refuted,silver_partial_or_ambiguous_warrant,Ambiguous,Ambiguous,Ambiguous,True,False,False,False,False,proposed_v2_coauthor_review,historical_v1_packets,False,,False,,False,,none,none,False,False,False,False,False,structure_without_new_sentence_text,False,final_nondecisive,PENDING_FRESH_JUDGMENTS
grok,SA-001058,SA-001058,1076,resistant,Supported,silver_partial_or_ambiguous_warrant,Ambiguous,Ambiguous,Ambiguous,True,False,False,False,False,proposed_v2_coauthor_review,historical_v1_packets,False,,False,,False,,none,none,False,False,False,False,False,structure_without_new_sentence_text,False,final_nondecisive,PENDING_FRESH_JUDGMENTS
grok,SA-001059,SA-001059,57374,rescue,Supported,silver_unresolved,Supported,Supported,Supported,False,False,False,False,False,proposed_v2_coauthor_review,historical_v1_packets,True,True,True,True,True,True,A,A,False,False,False,False,False,structure_without_new_sentence_text,False,sentence_only_gold_agreeing,PENDING_FRESH_JUDGMENTS
grok,SA-001060,SA-001060,193910,robust,Supported,silver_unresolved,Supported,Supported,Supported,False,False,False,False,False,proposed_v2_coauthor_review,historical_v1_packets,True,True,True,True,True,True,A,A,False,False,False,False,False,structure_without_new_sentence_text,False,sentence_only_gold_agreeing,PENDING_FRESH_JUDGMENTS
grok,SA-001061,SA-001061,19774,rescue,Supported,silver_unresolved,Supported,Supported,Supported,False,False,False,False,False,proposed_v2_coauthor_review,historical_v1_packets,True,True,True,True,True,True,A,A,False,False,False,False,False,structure_without_new_sentence_text,False,sentence_only_gold_agreeing,PENDING_FRESH_JUDGMENTS
claude,CF-000001,SA-000502,192975,regression,Refuted,silver_clear_evidence_utilization_failure,Refuted,Refuted,Refuted,False,False,False,False,False,proposed_v2_coauthor_review,historical_v1_packets,True,True,True,True,True,True,A,A,False,False,False,False,False,structure_without_new_sentence_text,True,sentence_only_gold_agreeing,PENDING_FRESH_JUDGMENTS
claude,CF-000002,SA-000610,67721,regression,Supported,silver_clear_evidence_utilization_failure,Supported,Supported,Supported,False,False,False,False,False,proposed_v2_coauthor_review,historical_v1_packets,True,True,True,True,True,True,A,A,False,False,False,False,False,structure_without_new_sentence_text,True,sentence_only_gold_agreeing,PENDING_FRESH_JUDGMENTS
claude,CF-000003,SA-000102,140067,regression,Refuted,silver_clear_evidence_utilization_failure,Refuted,Refuted,Refuted,False,False,False,False,False,proposed_v2_coauthor_review,historical_v1_packets,True,True,True,True,True,True,A,A,False,False,False,False,False,structure_without_new_sentence_text,True,sentence_only_gold_agreeing,PENDING_FRESH_JUDGMENTS
claude,CF-000004,SA-000309,109563,regression,Supported,silver_clear_evidence_utilization_failure,Supported,Supported,Supported,False,False,False,False,False,proposed_v2_coauthor_review,historical_v1_packets,True,True,True,True,True,True,A,A,False,False,False,False,False,additional_sentence_text_and_structure,True,sentence_only_gold_agreeing,PENDING_FRESH_JUDGMENTS
claude,CF-000005,SA-000494,117369,regression,Refuted,silver_clear_evidence_utilization_failure,Supported,Supported,Supported,False,False,False,False,False,proposed_v2_coauthor_review,historical_v1_packets,True,False,True,False,True,False,A,none,False,False,False,False,False,additional_sentence_text_and_structure,False,decisive_judge_fever_disagreement,PENDING_FRESH_JUDGMENTS
claude,CF-000006,SA-000631,50486,regression,Supported,silver_structured_evidence_sensitive,Ambiguous,Supported,Supported,False,True,False,False,False,proposed_v2_coauthor_review,historical_v1_packets,False,,True,True,True,True,B,B,True,False,False,False,False,structure_without_new_sentence_text,False,title_disclosure_gold_agreeing,PENDING_FRESH_JUDGMENTS
claude,CF-000007,SA-000922,135291,regression,Refuted,silver_clear_evidence_utilization_failure,Supported,Supported,Supported,False,False,False,False,False,proposed_v2_coauthor_review,historical_v1_packets,True,False,True,False,True,False,A,none,False,False,False,False,False,additional_sentence_text_and_structure,False,decisive_judge_fever_disagreement,PENDING_FRESH_JUDGMENTS
claude,CF-000008,SA-000414,224191,regression,Refuted,silver_partial_or_ambiguous_warrant,Ambiguous,Ambiguous,Ambiguous,True,False,False,False,False,proposed_v2_coauthor_review,historical_v1_packets,False,,False,,False,,none,none,False,False,False,False,False,structure_without_new_sentence_text,False,final_nondecisive,PENDING_FRESH_JUDGMENTS
claude,CF-000009,SA-000881,14800,regression,Supported,silver_partial_or_ambiguous_warrant,Ambiguous,Ambiguous,Ambiguous,True,False,False,False,False,proposed_v2_coauthor_review,historical_v1_packets,False,,False,,False,,none,none,False,False,False,False,False,structure_without_new_sentence_text,False,final_nondecisive,PENDING_FRESH_JUDGMENTS
claude,CF-000010,SA-000719,142286,regression,Supported,silver_clear_evidence_utilization_failure,Refuted,Refuted,Refuted,False,False,False,False,False,proposed_v2_coauthor_review,historical_v1_packets,True,False,True,False,True,False,A,none,False,False,False,False,False,structure_without_new_sentence_text,False,decisive_judge_fever_disagreement,PENDING_FRESH_JUDGMENTS
claude,CF-000011,SA-000240,162662,regression,Supported,silver_partial_or_ambiguous_warrant,Supported,Supported,Ambiguous,True,False,False,False,False,proposed_v2_coauthor_review,historical_v1_packets,True,True,True,True,False,,A,A,False,False,False,False,True,structure_without_new_sentence_text,True,final_nondecisive,PENDING_FRESH_JUDGMENTS
claude,CF-000012,SA-000072,172466,regression,Refuted,silver_partial_or_ambiguous_warrant,Refuted,Ambiguous,Ambiguous,True,False,False,False,False,proposed_v2_coauthor_review,historical_v1_packets,True,True,False,,False,,A,A,False,False,False,False,True,structure_without_new_sentence_text,True,final_nondecisive,PENDING_FRESH_JUDGMENTS
claude,CF-000013,SA-000446,126775,regression,Supported,silver_clear_evidence_utilization_failure,Supported,Supported,Supported,False,False,False,False,False,proposed_v2_coauthor_review,historical_v1_packets,True,True,True,True,True,True,A,A,False,False,False,False,False,structure_without_new_sentence_text,True,sentence_only_gold_agreeing,PENDING_FRESH_JUDGMENTS
claude,CF-000014,SA-000203,130248,regression,Supported,silver_partial_or_ambiguous_warrant,Refuted,Ambiguous,Ambiguous,True,False,False,False,False,proposed_v2_coauthor_review,historical_v1_packets,True,False,False,,False,,A,none,False,False,False,False,True,structure_without_new_sentence_text,False,final_nondecisive,PENDING_FRESH_JUDGMENTS
claude,CF-000015,SA-000330,130631,regression,Supported,silver_partial_or_ambiguous_warrant,Ambiguous,Ambiguous,Ambiguous,True,False,False,False,False,proposed_v2_coauthor_review,historical_v1_packets,False,,False,,False,,none,none,False,False,False,False,False,additional_sentence_text_and_structure,False,final_nondecisive,PENDING_FRESH_JUDGMENTS
claude,CF-000016,SA-000770,145470,regression,Refuted,silver_clear_evidence_utilization_failure,Refuted,Refuted,Refuted,False,False,False,False,False,proposed_v2_coauthor_review,historical_v1_packets,True,True,True,True,True,True,A,A,False,False,False,False,False,structure_without_new_sentence_text,True,sentence_only_gold_agreeing,PENDING_FRESH_JUDGMENTS
claude,CF-000017,SA-000178,106030,regression,Supported,silver_partial_or_ambiguous_warrant,Ambiguous,Ambiguous,Ambiguous,True,False,False,False,False,proposed_v2_coauthor_review,historical_v1_packets,False,,False,,False,,none,none,False,False,False,False,False,structure_without_new_sentence_text,False,final_nondecisive,PENDING_FRESH_JUDGMENTS
claude,CF-000018,SA-000387,185412,regression,Refuted,silver_clear_evidence_utilization_failure,Supported,Supported,Supported,False,False,False,False,False,proposed_v2_coauthor_review,historical_v1_packets,True,False,True,False,True,False,A,none,False,False,False,False,False,structure_without_new_sentence_text,False,decisive_judge_fever_disagreement,PENDING_FRESH_JUDGMENTS
claude,CF-000019,SA-000028,63846,regression,Refuted,silver_clear_evidence_utilization_failure,Refuted,Refuted,Refuted,False,False,False,False,False,proposed_v2_coauthor_review,historical_v1_packets,True,True,True,True,True,True,A,A,False,False,False,False,False,structure_without_new_sentence_text,True,sentence_only_gold_agreeing,PENDING_FRESH_JUDGMENTS
claude,CF-000020,SA-000906,145537,regression,Supported,silver_partial_or_ambiguous_warrant,Ambiguous,Ambiguous,Ambiguous,True,False,False,False,False,proposed_v2_coauthor_review,historical_v1_packets,False,,False,,False,,none,none,False,False,False,False,False,structure_without_new_sentence_text,False,final_nondecisive,PENDING_FRESH_JUDGMENTS
claude,CF-000021,SA-000117,77686,regression,Refuted,silver_clear_evidence_utilization_failure,Supported,Supported,Supported,False,False,False,False,False,proposed_v2_coauthor_review,historical_v1_packets,True,False,True,False,True,False,A,none,False,False,False,False,False,structure_without_new_sentence_text,False,decisive_judge_fever_disagreement,PENDING_FRESH_JUDGMENTS
claude,CF-000022,SA-000666,8505,regression,Supported,silver_structured_evidence_sensitive,Supported,Ambiguous,Supported,False,False,True,False,False,proposed_v2_coauthor_review,historical_v1_packets,True,True,False,,True,True,A,A,False,True,False,False,True,additional_sentence_text_and_structure,True,nonmonotonic_judge_path,PENDING_FRESH_JUDGMENTS
claude,CF-000023,SA-000440,83454,regression,Refuted,silver_clear_evidence_utilization_failure,Supported,Supported,Supported,False,False,False,False,False,proposed_v2_coauthor_review,historical_v1_packets,True,False,True,False,True,False,A,none,False,False,False,False,False,structure_without_new_sentence_text,False,decisive_judge_fever_disagreement,PENDING_FRESH_JUDGMENTS
claude,CF-000024,SA-000964,150412,regression,Supported,silver_clear_evidence_utilization_failure,Supported,Supported,Supported,False,False,False,False,False,proposed_v2_coauthor_review,historical_v1_packets,True,True,True,True,True,True,A,A,False,False,False,False,False,structure_without_new_sentence_text,True,sentence_only_gold_agreeing,PENDING_FRESH_JUDGMENTS
claude,CF-000025,SA-000145,220949,regression,Supported,silver_partial_or_ambiguous_warrant,Refuted,Ambiguous,Ambiguous,True,False,False,False,False,proposed_v2_coauthor_review,historical_v1_packets,True,False,False,,False,,A,none,False,False,False,False,True,additional_sentence_text_and_structure,False,final_nondecisive,PENDING_FRESH_JUDGMENTS
claude,CF-000026,SA-000382,67568,regression,Refuted,silver_structured_evidence_sensitive,Ambiguous,Ambiguous,Supported,False,False,True,False,False,proposed_v2_coauthor_review,historical_v1_packets,False,,False,,True,False,C,none,False,True,False,False,False,structure_without_new_sentence_text,False,decisive_judge_fever_disagreement,PENDING_FRESH_JUDGMENTS
claude,CF-000027,SA-000924,196159,regression,Supported,silver_clear_evidence_utilization_failure,Refuted,Refuted,Refuted,False,False,False,False,False,proposed_v2_coauthor_review,historical_v1_packets,True,False,True,False,True,False,A,none,False,False,False,False,False,structure_without_new_sentence_text,False,decisive_judge_fever_disagreement,PENDING_FRESH_JUDGMENTS
claude,CF-000028,SA-000927,61401,regression,Supported,silver_clear_evidence_utilization_failure,Refuted,Refuted,Refuted,False,False,False,False,False,proposed_v2_coauthor_review,historical_v1_packets,True,False,True,False,True,False,A,none,False,False,False,False,False,structure_without_new_sentence_text,False,decisive_judge_fever_disagreement,PENDING_FRESH_JUDGMENTS
claude,CF-000029,SA-000913,107119,regression,Supported,silver_partial_or_ambiguous_warrant,Ambiguous,Ambiguous,Ambiguous,True,False,False,False,False,proposed_v2_coauthor_review,historical_v1_packets,False,,False,,False,,none,none,False,False,False,False,False,additional_sentence_text_and_structure,False,final_nondecisive,PENDING_FRESH_JUDGMENTS
claude,CF-000030,SA-000051,55633,regression,Supported,silver_partial_or_ambiguous_warrant,Ambiguous,Ambiguous,Ambiguous,True,False,False,False,False,proposed_v2_coauthor_review,historical_v1_packets,False,,False,,False,,none,none,False,False,False,False,False,additional_sentence_text_and_structure,False,final_nondecisive,PENDING_FRESH_JUDGMENTS
claude,CF-000031,SA-000595,25505,regression,Supported,silver_partial_or_ambiguous_warrant,Supported,Supported,Ambiguous,True,False,False,False,False,proposed_v2_coauthor_review,historical_v1_packets,True,True,True,True,False,,A,A,False,False,False,False,True,structure_without_new_sentence_text,True,final_nondecisive,PENDING_FRESH_JUDGMENTS
claude,CF-000032,SA-000997,119915,regression,Supported,silver_clear_evidence_utilization_failure,Refuted,Refuted,Refuted,False,False,False,False,False,proposed_v2_coauthor_review,historical_v1_packets,True,False,True,False,True,False,A,none,False,False,False,False,False,structure_without_new_sentence_text,False,decisive_judge_fever_disagreement,PENDING_FRESH_JUDGMENTS
claude,CF-000033,SA-000087,187390,regression,Supported,silver_partial_or_ambiguous_warrant,Ambiguous,Ambiguous,Ambiguous,True,False,False,False,False,proposed_v2_coauthor_review,historical_v1_packets,False,,False,,False,,none,none,False,False,False,False,False,additional_sentence_text_and_structure,False,final_nondecisive,PENDING_FRESH_JUDGMENTS
claude,CF-000034,SA-000791,207543,regression,Supported,silver_partial_or_ambiguous_warrant,Ambiguous,Ambiguous,Ambiguous,True,False,False,False,False,proposed_v2_coauthor_review,historical_v1_packets,False,,False,,False,,none,none,False,False,False,False,False,structure_without_new_sentence_text,False,final_nondecisive,PENDING_FRESH_JUDGMENTS
claude,CF-000035,SA-000854,41480,regression,Supported,silver_clear_evidence_utilization_failure,Supported,Supported,Supported,False,False,False,False,False,proposed_v2_coauthor_review,historical_v1_packets,True,True,True,True,True,True,A,A,False,False,False,False,False,structure_without_new_sentence_text,True,sentence_only_gold_agreeing,PENDING_FRESH_JUDGMENTS
claude,CF-000036,SA-000563,179332,regression,Refuted,silver_partial_or_ambiguous_warrant,Ambiguous,Ambiguous,Ambiguous,True,False,False,False,False,proposed_v2_coauthor_review,historical_v1_packets,False,,False,,False,,none,none,False,False,False,False,False,structure_without_new_sentence_text,False,final_nondecisive,PENDING_FRESH_JUDGMENTS
claude,CF-000037,SA-000608,132858,regression,Refuted,silver_clear_evidence_utilization_failure,Refuted,Refuted,Refuted,False,False,False,False,False,proposed_v2_coauthor_review,historical_v1_packets,True,True,True,True,True,True,A,A,False,False,False,False,False,structure_without_new_sentence_text,True,sentence_only_gold_agreeing,PENDING_FRESH_JUDGMENTS
claude,CF-000038,SA-001052,96466,regression,Supported,silver_partial_or_ambiguous_warrant,Ambiguous,Ambiguous,Ambiguous,True,False,False,False,False,proposed_v2_coauthor_review,historical_v1_packets,False,,False,,False,,none,none,False,False,False,False,False,structure_without_new_sentence_text,False,final_nondecisive,PENDING_FRESH_JUDGMENTS
claude,CF-000039,SA-000641,70784,regression,Supported,silver_partial_or_ambiguous_warrant,Ambiguous,Refuted,Ambiguous,True,True,False,False,False,proposed_v2_coauthor_review,historical_v1_packets,False,,True,False,False,,B,none,True,False,False,False,True,structure_without_new_sentence_text,False,final_nondecisive,PENDING_FRESH_JUDGMENTS
claude,CF-000040,SA-000856,75025,regression,Refuted,silver_clear_evidence_utilization_failure,Refuted,Refuted,Refuted,False,False,False,False,False,proposed_v2_coauthor_review,historical_v1_packets,True,True,True,True,True,True,A,A,False,False,False,False,False,additional_sentence_text_and_structure,True,sentence_only_gold_agreeing,PENDING_FRESH_JUDGMENTS
claude,CF-000041,SA-000949,101212,regression,Refuted,silver_clear_evidence_utilization_failure,Refuted,Refuted,Refuted,False,False,False,False,False,proposed_v2_coauthor_review,historical_v1_packets,True,True,True,True,True,True,A,A,False,False,False,False,False,structure_without_new_sentence_text,True,sentence_only_gold_agreeing,PENDING_FRESH_JUDGMENTS
claude,CF-000042,SA-000142,35174,regression,Refuted,silver_clear_evidence_utilization_failure,Refuted,Refuted,Refuted,False,False,False,False,False,proposed_v2_coauthor_review,historical_v1_packets,True,True,True,True,True,True,A,A,False,False,False,False,False,additional_sentence_text_and_structure,True,sentence_only_gold_agreeing,PENDING_FRESH_JUDGMENTS
claude,CF-000043,SA-001028,140359,regression,Supported,silver_clear_evidence_utilization_failure,Supported,Supported,Supported,False,False,False,False,False,proposed_v2_coauthor_review,historical_v1_packets,True,True,True,True,True,True,A,A,False,False,False,False,False,additional_sentence_text_and_structure,True,sentence_only_gold_agreeing,PENDING_FRESH_JUDGMENTS
claude,CF-000044,SA-000327,120781,regression,Refuted,silver_clear_evidence_utilization_failure,Supported,Supported,Supported,False,False,False,False,False,proposed_v2_coauthor_review,historical_v1_packets,True,False,True,False,True,False,A,none,False,False,False,False,False,structure_without_new_sentence_text,False,decisive_judge_fever_disagreement,PENDING_FRESH_JUDGMENTS
claude,CF-000045,SA-000157,70574,regression,Refuted,silver_structured_evidence_sensitive,Refuted,Unresolved,Refuted,False,False,True,False,False,proposed_v2_coauthor_review,historical_v1_packets,True,True,False,,True,True,A,A,False,True,False,False,True,structure_without_new_sentence_text,True,nonmonotonic_judge_path,PENDING_FRESH_JUDGMENTS
claude,CF-000046,SA-000995,38288,regression,Refuted,silver_partial_or_ambiguous_warrant,Ambiguous,Ambiguous,Ambiguous,True,False,False,False,False,proposed_v2_coauthor_review,historical_v1_packets,False,,False,,False,,none,none,False,False,False,False,False,structure_without_new_sentence_text,False,final_nondecisive,PENDING_FRESH_JUDGMENTS
claude,CF-000047,SA-000988,81191,regression,Supported,silver_clear_evidence_utilization_failure,Supported,Supported,Supported,False,False,False,False,False,proposed_v2_coauthor_review,historical_v1_packets,True,True,True,True,True,True,A,A,False,False,False,False,False,additional_sentence_text_and_structure,True,sentence_only_gold_agreeing,PENDING_FRESH_JUDGMENTS
claude,CF-000048,SA-000723,54383,regression,Refuted,silver_clear_evidence_utilization_failure,Refuted,Refuted,Refuted,False,False,False,False,False,proposed_v2_coauthor_review,historical_v1_packets,True,True,True,True,True,True,A,A,False,False,False,False,False,structure_without_new_sentence_text,True,sentence_only_gold_agreeing,PENDING_FRESH_JUDGMENTS
claude,CF-000049,SA-000176,17124,regression,Supported,silver_clear_evidence_utilization_failure,Supported,Supported,Supported,False,False,False,False,False,proposed_v2_coauthor_review,historical_v1_packets,True,True,True,True,True,True,A,A,False,False,False,False,False,structure_without_new_sentence_text,True,sentence_only_gold_agreeing,PENDING_FRESH_JUDGMENTS
claude,CF-000050,SA-000483,9680,regression,Supported,silver_structured_evidence_sensitive,Ambiguous,Supported,Supported,False,True,False,False,False,proposed_v2_coauthor_review,historical_v1_packets,False,,True,True,True,True,B,B,True,False,False,False,False,structure_without_new_sentence_text,False,title_disclosure_gold_agreeing,PENDING_FRESH_JUDGMENTS
claude,CF-000051,SA-000838,64142,regression,Supported,silver_partial_or_ambiguous_warrant,Ambiguous,Ambiguous,Ambiguous,True,False,False,False,False,proposed_v2_coauthor_review,historical_v1_packets,False,,False,,False,,none,none,False,False,False,False,False,structure_without_new_sentence_text,False,final_nondecisive,PENDING_FRESH_JUDGMENTS
claude,CF-000052,SA-000067,217194,regression,Refuted,silver_clear_evidence_utilization_failure,Refuted,Refuted,Refuted,False,False,False,False,False,proposed_v2_coauthor_review,historical_v1_packets,True,True,True,True,True,True,A,A,False,False,False,False,False,structure_without_new_sentence_text,True,sentence_only_gold_agreeing,PENDING_FRESH_JUDGMENTS
claude,CF-000053,SA-000623,180726,regression,Supported,silver_clear_evidence_utilization_failure,Refuted,Refuted,Refuted,False,False,False,False,False,proposed_v2_coauthor_review,historical_v1_packets,True,False,True,False,True,False,A,none,False,False,False,False,False,structure_without_new_sentence_text,False,decisive_judge_fever_disagreement,PENDING_FRESH_JUDGMENTS
claude,CF-000054,SA-000776,201801,regression,Refuted,silver_clear_evidence_utilization_failure,Refuted,Refuted,Refuted,False,False,False,False,False,proposed_v2_coauthor_review,historical_v1_packets,True,True,True,True,True,True,A,A,False,False,False,False,False,structure_without_new_sentence_text,True,sentence_only_gold_agreeing,PENDING_FRESH_JUDGMENTS
claude,CF-000055,SA-001023,115386,regression,Supported,silver_partial_or_ambiguous_warrant,Ambiguous,Ambiguous,Ambiguous,True,False,False,False,False,proposed_v2_coauthor_review,historical_v1_packets,False,,False,,False,,none,none,False,False,False,False,False,structure_without_new_sentence_text,False,final_nondecisive,PENDING_FRESH_JUDGMENTS
claude,CF-000056,SA-000553,33547,regression,Supported,silver_clear_evidence_utilization_failure,Refuted,Refuted,Refuted,False,False,False,False,False,proposed_v2_coauthor_review,historical_v1_packets,True,False,True,False,True,False,A,none,False,False,False,False,False,structure_without_new_sentence_text,False,decisive_judge_fever_disagreement,PENDING_FRESH_JUDGMENTS
claude,CF-000057,SA-000071,48810,regression,Refuted,silver_clear_evidence_utilization_failure,Refuted,Refuted,Refuted,False,False,False,False,False,proposed_v2_coauthor_review,historical_v1_packets,True,True,True,True,True,True,A,A,False,False,False,False,False,structure_without_new_sentence_text,True,sentence_only_gold_agreeing,PENDING_FRESH_JUDGMENTS
claude,CF-000058,SA-000679,91498,regression,Supported,silver_clear_evidence_utilization_failure,Refuted,Refuted,Refuted,False,False,False,False,False,proposed_v2_coauthor_review,historical_v1_packets,True,False,True,False,True,False,A,none,False,False,False,False,False,structure_without_new_sentence_text,False,decisive_judge_fever_disagreement,PENDING_FRESH_JUDGMENTS
claude,CF-000059,SA-000025,134927,regression,Supported,silver_clear_evidence_utilization_failure,Refuted,Refuted,Refuted,False,False,False,False,False,proposed_v2_coauthor_review,historical_v1_packets,True,False,True,False,True,False,A,none,False,False,False,False,False,structure_without_new_sentence_text,False,decisive_judge_fever_disagreement,PENDING_FRESH_JUDGMENTS
claude,CF-000060,SA-000849,87187,regression,Supported,silver_clear_evidence_utilization_failure,Refuted,Refuted,Refuted,False,False,False,False,False,proposed_v2_coauthor_review,historical_v1_packets,True,False,True,False,True,False,A,none,False,False,False,False,False,structure_without_new_sentence_text,False,decisive_judge_fever_disagreement,PENDING_FRESH_JUDGMENTS
claude,CF-000061,SA-000609,37773,regression,Supported,silver_partial_or_ambiguous_warrant,Ambiguous,Refuted,Ambiguous,True,True,False,False,False,proposed_v2_coauthor_review,historical_v1_packets,False,,True,False,False,,B,none,True,False,False,False,True,structure_without_new_sentence_text,False,final_nondecisive,PENDING_FRESH_JUDGMENTS
claude,CF-000062,SA-000033,92949,regression,Refuted,silver_clear_evidence_utilization_failure,Refuted,Refuted,Refuted,False,False,False,False,False,proposed_v2_coauthor_review,historical_v1_packets,True,True,True,True,True,True,A,A,False,False,False,False,False,structure_without_new_sentence_text,True,sentence_only_gold_agreeing,PENDING_FRESH_JUDGMENTS
claude,CF-000063,SA-000694,93184,regression,Supported,silver_clear_evidence_utilization_failure,Supported,Supported,Supported,False,False,False,False,False,proposed_v2_coauthor_review,historical_v1_packets,True,True,True,True,True,True,A,A,False,False,False,False,False,structure_without_new_sentence_text,True,sentence_only_gold_agreeing,PENDING_FRESH_JUDGMENTS
claude,CF-000064,SA-000262,99511,regression,Refuted,silver_partial_or_ambiguous_warrant,Ambiguous,Ambiguous,Ambiguous,True,False,False,False,False,proposed_v2_coauthor_review,historical_v1_packets,False,,False,,False,,none,none,False,False,False,False,False,additional_sentence_text_and_structure,False,final_nondecisive,PENDING_FRESH_JUDGMENTS
claude,CF-000065,SA-000866,173930,regression,Supported,silver_partial_or_ambiguous_warrant,Supported,Ambiguous,Ambiguous,True,False,False,False,False,proposed_v2_coauthor_review,historical_v1_packets,True,True,False,,False,,A,A,False,False,False,False,True,structure_without_new_sentence_text,True,final_nondecisive,PENDING_FRESH_JUDGMENTS
claude,CF-000066,SA-000274,195020,regression,Refuted,silver_clear_evidence_utilization_failure,Refuted,Refuted,Refuted,False,False,False,False,False,proposed_v2_coauthor_review,historical_v1_packets,True,True,True,True,True,True,A,A,False,False,False,False,False,structure_without_new_sentence_text,True,sentence_only_gold_agreeing,PENDING_FRESH_JUDGMENTS
claude,CF-000067,SA-001039,204307,regression,Refuted,silver_clear_evidence_utilization_failure,Refuted,Refuted,Refuted,False,False,False,False,False,proposed_v2_coauthor_review,historical_v1_packets,True,True,True,True,True,True,A,A,False,False,False,False,False,structure_without_new_sentence_text,True,sentence_only_gold_agreeing,PENDING_FRESH_JUDGMENTS
claude,CF-000068,SA-000555,194795,regression,Supported,silver_clear_evidence_utilization_failure,Supported,Supported,Supported,False,False,False,False,False,proposed_v2_coauthor_review,historical_v1_packets,True,True,True,True,True,True,A,A,False,False,False,False,False,structure_without_new_sentence_text,True,sentence_only_gold_agreeing,PENDING_FRESH_JUDGMENTS
claude,CF-000069,SA-000276,39018,regression,Refuted,silver_structured_evidence_sensitive,Ambiguous,Refuted,Refuted,False,True,False,False,False,proposed_v2_coauthor_review,historical_v1_packets,False,,True,True,True,True,B,B,True,False,False,False,False,structure_without_new_sentence_text,False,title_disclosure_gold_agreeing,PENDING_FRESH_JUDGMENTS
claude,CF-000070,SA-000762,35381,regression,Supported,silver_partial_or_ambiguous_warrant,Ambiguous,Ambiguous,Ambiguous,True,False,False,False,False,proposed_v2_coauthor_review,historical_v1_packets,False,,False,,False,,none,none,False,False,False,False,False,structure_without_new_sentence_text,False,final_nondecisive,PENDING_FRESH_JUDGMENTS
claude,CF-000071,SA-000052,7138,regression,Refuted,silver_clear_evidence_utilization_failure,Supported,Supported,Supported,False,False,False,False,False,proposed_v2_coauthor_review,historical_v1_packets,True,False,True,False,True,False,A,none,False,False,False,False,False,structure_without_new_sentence_text,False,decisive_judge_fever_disagreement,PENDING_FRESH_JUDGMENTS
claude,CF-000072,SA-000978,172507,regression,Refuted,silver_clear_evidence_utilization_failure,Supported,Supported,Supported,False,False,False,False,False,proposed_v2_coauthor_review,historical_v1_packets,True,False,True,False,True,False,A,none,False,False,False,False,False,structure_without_new_sentence_text,False,decisive_judge_fever_disagreement,PENDING_FRESH_JUDGMENTS
claude,CF-000073,SA-000649,172468,regression,Refuted,silver_clear_evidence_utilization_failure,Refuted,Refuted,Refuted,False,False,False,False,False,proposed_v2_coauthor_review,historical_v1_packets,True,True,True,True,True,True,A,A,False,False,False,False,False,structure_without_new_sentence_text,True,sentence_only_gold_agreeing,PENDING_FRESH_JUDGMENTS
claude,CF-000074,SA-000324,78725,regression,Supported,silver_clear_evidence_utilization_failure,Supported,Supported,Supported,False,False,False,False,False,proposed_v2_coauthor_review,historical_v1_packets,True,True,True,True,True,True,A,A,False,False,False,False,False,additional_sentence_text_and_structure,True,sentence_only_gold_agreeing,PENDING_FRESH_JUDGMENTS
claude,CF-000075,SA-000657,53468,regression,Supported,silver_partial_or_ambiguous_warrant,Ambiguous,Ambiguous,Ambiguous,True,False,False,False,False,proposed_v2_coauthor_review,historical_v1_packets,False,,False,,False,,none,none,False,False,False,False,False,structure_without_new_sentence_text,False,final_nondecisive,PENDING_FRESH_JUDGMENTS
claude,CF-000076,SA-000761,127402,regression,Supported,silver_clear_evidence_utilization_failure,Supported,Supported,Supported,False,False,False,False,False,proposed_v2_coauthor_review,historical_v1_packets,True,True,True,True,True,True,A,A,False,False,False,False,False,structure_without_new_sentence_text,True,sentence_only_gold_agreeing,PENDING_FRESH_JUDGMENTS
claude,CF-000077,SA-000861,88946,regression,Supported,silver_clear_evidence_utilization_failure,Supported,Supported,Supported,False,False,False,False,False,proposed_v2_coauthor_review,historical_v1_packets,True,True,True,True,True,True,A,A,False,False,False,False,False,structure_without_new_sentence_text,True,sentence_only_gold_agreeing,PENDING_FRESH_JUDGMENTS
claude,CF-000078,SA-000721,92586,regression,Supported,silver_clear_evidence_utilization_failure,Supported,Supported,Supported,False,False,False,False,False,proposed_v2_coauthor_review,historical_v1_packets,True,True,True,True,True,True,A,A,False,False,False,False,False,additional_sentence_text_and_structure,True,sentence_only_gold_agreeing,PENDING_FRESH_JUDGMENTS
claude,CF-000079,SA-000942,102789,regression,Refuted,silver_clear_evidence_utilization_failure,Refuted,Refuted,Refuted,False,False,False,False,False,proposed_v2_coauthor_review,historical_v1_packets,True,True,True,True,True,True,A,A,False,False,False,False,False,structure_without_new_sentence_text,True,sentence_only_gold_agreeing,PENDING_FRESH_JUDGMENTS
claude,CF-000080,SA-001000,36171,regression,Refuted,silver_clear_evidence_utilization_failure,Refuted,Refuted,Refuted,False,False,False,False,False,proposed_v2_coauthor_review,historical_v1_packets,True,True,True,True,True,True,A,A,False,False,False,False,False,structure_without_new_sentence_text,True,sentence_only_gold_agreeing,PENDING_FRESH_JUDGMENTS
claude,CF-000081,SA-001020,152955,regression,Supported,silver_partial_or_ambiguous_warrant,Ambiguous,Ambiguous,Ambiguous,True,False,False,False,False,proposed_v2_coauthor_review,historical_v1_packets,False,,False,,False,,none,none,False,False,False,False,False,additional_sentence_text_and_structure,False,final_nondecisive,PENDING_FRESH_JUDGMENTS
claude,CF-000082,SA-000659,96740,regression,Refuted,silver_clear_evidence_utilization_failure,Refuted,Refuted,Refuted,False,False,False,False,False,proposed_v2_coauthor_review,historical_v1_packets,True,True,True,True,True,True,A,A,False,False,False,False,False,structure_without_new_sentence_text,True,sentence_only_gold_agreeing,PENDING_FRESH_JUDGMENTS
claude,CF-000083,SA-000893,186598,regression,Supported,silver_clear_evidence_utilization_failure,Refuted,Refuted,Refuted,False,False,False,False,False,proposed_v2_coauthor_review,historical_v1_packets,True,False,True,False,True,False,A,none,False,False,False,False,False,structure_without_new_sentence_text,False,decisive_judge_fever_disagreement,PENDING_FRESH_JUDGMENTS
claude,CF-000084,SA-000615,3718,regression,Refuted,silver_clear_evidence_utilization_failure,Refuted,Refuted,Refuted,False,False,False,False,False,proposed_v2_coauthor_review,historical_v1_packets,True,True,True,True,True,True,A,A,False,False,False,False,False,structure_without_new_sentence_text,True,sentence_only_gold_agreeing,PENDING_FRESH_JUDGMENTS
claude,CF-000085,SA-001057,153147,regression,Refuted,silver_structured_evidence_sensitive,Supported,Ambiguous,Supported,False,False,True,False,False,proposed_v2_coauthor_review,historical_v1_packets,True,False,False,,True,False,A,none,False,True,False,False,True,structure_without_new_sentence_text,False,decisive_judge_fever_disagreement,PENDING_FRESH_JUDGMENTS
claude,CF-000086,SA-000306,199420,regression,Refuted,silver_clear_evidence_utilization_failure,Refuted,Refuted,Refuted,False,False,False,False,False,proposed_v2_coauthor_review,historical_v1_packets,True,True,True,True,True,True,A,A,False,False,False,False,False,structure_without_new_sentence_text,True,sentence_only_gold_agreeing,PENDING_FRESH_JUDGMENTS
claude,CF-000087,SA-000944,217198,regression,Supported,silver_clear_evidence_utilization_failure,Refuted,Refuted,Refuted,False,False,False,False,False,proposed_v2_coauthor_review,historical_v1_packets,True,False,True,False,True,False,A,none,False,False,False,False,False,structure_without_new_sentence_text,False,decisive_judge_fever_disagreement,PENDING_FRESH_JUDGMENTS
claude,CF-000088,SA-000571,56284,regression,Supported,silver_clear_evidence_utilization_failure,Supported,Supported,Supported,False,False,False,False,False,proposed_v2_coauthor_review,historical_v1_packets,True,True,True,True,True,True,A,A,False,False,False,False,False,structure_without_new_sentence_text,True,sentence_only_gold_agreeing,PENDING_FRESH_JUDGMENTS
claude,CF-000089,SA-000976,191445,regression,Supported,silver_clear_evidence_utilization_failure,Supported,Supported,Supported,False,False,False,False,False,proposed_v2_coauthor_review,historical_v1_packets,True,True,True,True,True,True,A,A,False,False,False,False,False,structure_without_new_sentence_text,True,sentence_only_gold_agreeing,PENDING_FRESH_JUDGMENTS
claude,CF-000090,SA-000021,51442,regression,Refuted,silver_clear_evidence_utilization_failure,Refuted,Refuted,Refuted,False,False,False,False,False,proposed_v2_coauthor_review,historical_v1_packets,True,True,True,True,True,True,A,A,False,False,False,False,False,structure_without_new_sentence_text,True,sentence_only_gold_agreeing,PENDING_FRESH_JUDGMENTS
claude,CF-000091,SA-000230,103003,regression,Supported,silver_partial_or_ambiguous_warrant,Ambiguous,Ambiguous,Ambiguous,True,False,False,False,False,proposed_v2_coauthor_review,historical_v1_packets,False,,False,,False,,none,none,False,False,False,False,False,structure_without_new_sentence_text,False,final_nondecisive,PENDING_FRESH_JUDGMENTS
claude,CF-000092,SA-000250,130833,regression,Supported,silver_clear_evidence_utilization_failure,Refuted,Refuted,Refuted,False,False,False,False,False,proposed_v2_coauthor_review,historical_v1_packets,True,False,True,False,True,False,A,none,False,False,False,False,False,structure_without_new_sentence_text,False,decisive_judge_fever_disagreement,PENDING_FRESH_JUDGMENTS
claude,CF-000093,SA-000996,153303,regression,Supported,silver_clear_evidence_utilization_failure,Refuted,Refuted,Refuted,False,False,False,False,False,proposed_v2_coauthor_review,historical_v1_packets,True,False,True,False,True,False,A,none,False,False,False,False,False,structure_without_new_sentence_text,False,decisive_judge_fever_disagreement,PENDING_FRESH_JUDGMENTS
claude,CF-000094,SA-000342,127225,regression,Refuted,silver_clear_evidence_utilization_failure,Refuted,Refuted,Refuted,False,False,False,False,False,proposed_v2_coauthor_review,historical_v1_packets,True,True,True,True,True,True,A,A,False,False,False,False,False,structure_without_new_sentence_text,True,sentence_only_gold_agreeing,PENDING_FRESH_JUDGMENTS
claude,CF-000095,SA-000534,93412,regression,Supported,silver_clear_evidence_utilization_failure,Supported,Supported,Supported,False,False,False,False,False,proposed_v2_coauthor_review,historical_v1_packets,True,True,True,True,True,True,A,A,False,False,False,False,False,structure_without_new_sentence_text,True,sentence_only_gold_agreeing,PENDING_FRESH_JUDGMENTS
claude,CF-000096,SA-000015,193860,regression,Supported,silver_partial_or_ambiguous_warrant,Ambiguous,Ambiguous,Ambiguous,True,False,False,False,False,proposed_v2_coauthor_review,historical_v1_packets,False,,False,,False,,none,none,False,False,False,False,False,structure_without_new_sentence_text,False,final_nondecisive,PENDING_FRESH_JUDGMENTS
claude,CF-000097,SA-000832,96603,regression,Supported,silver_partial_or_ambiguous_warrant,Ambiguous,Ambiguous,Ambiguous,True,False,False,False,False,proposed_v2_coauthor_review,historical_v1_packets,False,,False,,False,,none,none,False,False,False,False,False,additional_sentence_text_and_structure,False,final_nondecisive,PENDING_FRESH_JUDGMENTS
claude,CF-000098,SA-000353,157002,regression,Refuted,silver_clear_evidence_utilization_failure,Refuted,Refuted,Refuted,False,False,False,False,False,proposed_v2_coauthor_review,historical_v1_packets,True,True,True,True,True,True,A,A,False,False,False,False,False,structure_without_new_sentence_text,True,sentence_only_gold_agreeing,PENDING_FRESH_JUDGMENTS
claude,CF-000099,SA-000299,76867,regression,Supported,silver_clear_evidence_utilization_failure,Refuted,Refuted,Refuted,False,False,False,False,False,proposed_v2_coauthor_review,historical_v1_packets,True,False,True,False,True,False,A,none,False,False,False,False,False,structure_without_new_sentence_text,False,decisive_judge_fever_disagreement,PENDING_FRESH_JUDGMENTS
claude,CF-000100,SA-001030,145926,regression,Supported,silver_clear_evidence_utilization_failure,Supported,Supported,Supported,False,False,False,False,False,proposed_v2_coauthor_review,historical_v1_packets,True,True,True,True,True,True,A,A,False,False,False,False,False,structure_without_new_sentence_text,True,sentence_only_gold_agreeing,PENDING_FRESH_JUDGMENTS
claude,CF-000101,SA-000993,123452,regression,Refuted,silver_partial_or_ambiguous_warrant,Ambiguous,Ambiguous,Ambiguous,True,False,False,False,False,proposed_v2_coauthor_review,historical_v1_packets,False,,False,,False,,none,none,False,False,False,False,False,structure_without_new_sentence_text,False,final_nondecisive,PENDING_FRESH_JUDGMENTS
claude,CF-000102,SA-000073,168537,regression,Refuted,silver_clear_evidence_utilization_failure,Refuted,Refuted,Refuted,False,False,False,False,False,proposed_v2_coauthor_review,historical_v1_packets,True,True,True,True,True,True,A,A,False,False,False,False,False,structure_without_new_sentence_text,True,sentence_only_gold_agreeing,PENDING_FRESH_JUDGMENTS
claude,CF-000103,SA-000999,25545,regression,Refuted,silver_clear_evidence_utilization_failure,Refuted,Refuted,Refuted,False,False,False,False,False,proposed_v2_coauthor_review,historical_v1_packets,True,True,True,True,True,True,A,A,False,False,False,False,False,structure_without_new_sentence_text,True,sentence_only_gold_agreeing,PENDING_FRESH_JUDGMENTS
claude,CF-000104,SA-000479,108736,regression,Refuted,silver_clear_evidence_utilization_failure,Refuted,Refuted,Refuted,False,False,False,False,False,proposed_v2_coauthor_review,historical_v1_packets,True,True,True,True,True,True,A,A,False,False,False,False,False,structure_without_new_sentence_text,True,sentence_only_gold_agreeing,PENDING_FRESH_JUDGMENTS
claude,CF-000105,SA-000508,147781,regression,Refuted,silver_clear_evidence_utilization_failure,Refuted,Refuted,Refuted,False,False,False,False,False,proposed_v2_coauthor_review,historical_v1_packets,True,True,True,True,True,True,A,A,False,False,False,False,False,structure_without_new_sentence_text,True,sentence_only_gold_agreeing,PENDING_FRESH_JUDGMENTS
claude,CF-000106,SA-000264,191433,regression,Supported,silver_clear_evidence_utilization_failure,Supported,Supported,Supported,False,False,False,False,False,proposed_v2_coauthor_review,historical_v1_packets,True,True,True,True,True,True,A,A,False,False,False,False,False,structure_without_new_sentence_text,True,sentence_only_gold_agreeing,PENDING_FRESH_JUDGMENTS
claude,CF-000107,SA-000153,193911,regression,Refuted,silver_clear_evidence_utilization_failure,Refuted,Refuted,Refuted,False,False,False,False,False,proposed_v2_coauthor_review,historical_v1_packets,True,True,True,True,True,True,A,A,False,False,False,False,False,structure_without_new_sentence_text,True,sentence_only_gold_agreeing,PENDING_FRESH_JUDGMENTS
claude,CF-000108,SA-000892,130108,regression,Refuted,silver_clear_evidence_utilization_failure,Refuted,Refuted,Refuted,False,False,False,False,False,proposed_v2_coauthor_review,historical_v1_packets,True,True,True,True,True,True,A,A,False,False,False,False,False,additional_sentence_text_and_structure,True,sentence_only_gold_agreeing,PENDING_FRESH_JUDGMENTS
claude,CF-000109,SA-000760,209859,regression,Supported,silver_partial_or_ambiguous_warrant,Ambiguous,Ambiguous,Ambiguous,True,False,False,False,False,proposed_v2_coauthor_review,historical_v1_packets,False,,False,,False,,none,none,False,False,False,False,False,structure_without_new_sentence_text,False,final_nondecisive,PENDING_FRESH_JUDGMENTS
claude,CF-000110,SA-000544,208906,regression,Supported,silver_clear_evidence_utilization_failure,Supported,Supported,Supported,False,False,False,False,False,proposed_v2_coauthor_review,historical_v1_packets,True,True,True,True,True,True,A,A,False,False,False,False,False,additional_sentence_text_and_structure,True,sentence_only_gold_agreeing,PENDING_FRESH_JUDGMENTS
claude,CF-000111,SA-000362,115173,regression,Supported,silver_partial_or_ambiguous_warrant,Ambiguous,Ambiguous,Ambiguous,True,False,False,False,False,proposed_v2_coauthor_review,historical_v1_packets,False,,False,,False,,none,none,False,False,False,False,False,structure_without_new_sentence_text,False,final_nondecisive,PENDING_FRESH_JUDGMENTS
claude,CF-000112,SA-000606,147344,regression,Refuted,silver_partial_or_ambiguous_warrant,Ambiguous,Ambiguous,Ambiguous,True,False,False,False,False,proposed_v2_coauthor_review,historical_v1_packets,False,,False,,False,,none,none,False,False,False,False,False,structure_without_new_sentence_text,False,final_nondecisive,PENDING_FRESH_JUDGMENTS
claude,CF-000113,SA-000755,79610,regression,Refuted,silver_clear_evidence_utilization_failure,Refuted,Refuted,Refuted,False,False,False,False,False,proposed_v2_coauthor_review,historical_v1_packets,True,True,True,True,True,True,A,A,False,False,False,False,False,structure_without_new_sentence_text,True,sentence_only_gold_agreeing,PENDING_FRESH_JUDGMENTS
claude,CF-000114,SA-000406,174986,regression,Refuted,silver_clear_evidence_utilization_failure,Refuted,Refuted,Refuted,False,False,False,False,False,proposed_v2_coauthor_review,historical_v1_packets,True,True,True,True,True,True,A,A,False,False,False,False,False,structure_without_new_sentence_text,True,sentence_only_gold_agreeing,PENDING_FRESH_JUDGMENTS
claude,CF-000115,SA-000664,181118,regression,Supported,silver_clear_evidence_utilization_failure,Refuted,Refuted,Refuted,False,False,False,False,False,proposed_v2_coauthor_review,historical_v1_packets,True,False,True,False,True,False,A,none,False,False,False,False,False,structure_without_new_sentence_text,False,decisive_judge_fever_disagreement,PENDING_FRESH_JUDGMENTS
claude,CF-000116,SA-000360,199815,regression,Supported,silver_partial_or_ambiguous_warrant,Ambiguous,Ambiguous,Ambiguous,True,False,False,False,False,proposed_v2_coauthor_review,historical_v1_packets,False,,False,,False,,none,none,False,False,False,False,False,additional_sentence_text_and_structure,False,final_nondecisive,PENDING_FRESH_JUDGMENTS
claude,CF-000117,SA-000248,198545,regression,Supported,silver_partial_or_ambiguous_warrant,Ambiguous,Ambiguous,Ambiguous,True,False,False,False,False,proposed_v2_coauthor_review,historical_v1_packets,False,,False,,False,,none,none,False,False,False,False,False,structure_without_new_sentence_text,False,final_nondecisive,PENDING_FRESH_JUDGMENTS
claude,CF-000118,SA-000859,12467,regression,Supported,silver_clear_evidence_utilization_failure,Refuted,Refuted,Refuted,False,False,False,False,False,proposed_v2_coauthor_review,historical_v1_packets,True,False,True,False,True,False,A,none,False,False,False,False,False,structure_without_new_sentence_text,False,decisive_judge_fever_disagreement,PENDING_FRESH_JUDGMENTS
claude,CF-000119,SA-000089,194922,regression,Supported,silver_clear_evidence_utilization_failure,Supported,Supported,Supported,False,False,False,False,False,proposed_v2_coauthor_review,historical_v1_packets,True,True,True,True,True,True,A,A,False,False,False,False,False,additional_sentence_text_and_structure,True,sentence_only_gold_agreeing,PENDING_FRESH_JUDGMENTS
claude,CF-000120,SA-000340,142863,regression,Supported,silver_structured_evidence_sensitive,Ambiguous,Ambiguous,Supported,False,False,True,False,False,proposed_v2_coauthor_review,historical_v1_packets,False,,False,,True,True,C,C,False,True,False,False,False,structure_without_new_sentence_text,False,structured_disclosure_gold_agreeing,PENDING_FRESH_JUDGMENTS
claude,CF-000121,SA-000894,173933,regression,Refuted,silver_clear_evidence_utilization_failure,Refuted,Refuted,Refuted,False,False,False,False,False,proposed_v2_coauthor_review,historical_v1_packets,True,True,True,True,True,True,A,A,False,False,False,False,False,additional_sentence_text_and_structure,True,sentence_only_gold_agreeing,PENDING_FRESH_JUDGMENTS
claude,CF-000122,SA-001046,14501,regression,Supported,silver_structured_evidence_sensitive,Ambiguous,Ambiguous,Supported,False,False,True,False,False,proposed_v2_coauthor_review,historical_v1_packets,False,,False,,True,True,C,C,False,True,False,False,False,structure_without_new_sentence_text,False,structured_disclosure_gold_agreeing,PENDING_FRESH_JUDGMENTS
claude,CF-000123,SA-000273,129066,regression,Supported,silver_clear_evidence_utilization_failure,Refuted,Refuted,Refuted,False,False,False,False,False,proposed_v2_coauthor_review,historical_v1_packets,True,False,True,False,True,False,A,none,False,False,False,False,False,structure_without_new_sentence_text,False,decisive_judge_fever_disagreement,PENDING_FRESH_JUDGMENTS
claude,CF-000124,SA-000599,90158,regression,Supported,silver_clear_evidence_utilization_failure,Supported,Supported,Supported,False,False,False,False,False,proposed_v2_coauthor_review,historical_v1_packets,True,True,True,True,True,True,A,A,False,False,False,False,False,structure_without_new_sentence_text,True,sentence_only_gold_agreeing,PENDING_FRESH_JUDGMENTS
claude,CF-000125,SA-000825,38599,regression,Refuted,silver_clear_evidence_utilization_failure,Supported,Supported,Supported,False,False,False,False,False,proposed_v2_coauthor_review,historical_v1_packets,True,False,True,False,True,False,A,none,False,False,False,False,False,additional_sentence_text_and_structure,False,decisive_judge_fever_disagreement,PENDING_FRESH_JUDGMENTS
claude,CF-000126,SA-000036,29256,regression,Refuted,silver_clear_evidence_utilization_failure,Supported,Supported,Supported,False,False,False,False,False,proposed_v2_coauthor_review,historical_v1_packets,True,False,True,False,True,False,A,none,False,False,False,False,False,structure_without_new_sentence_text,False,decisive_judge_fever_disagreement,PENDING_FRESH_JUDGMENTS
claude,CF-000127,SA-000895,4041,regression,Supported,silver_structured_evidence_sensitive,Ambiguous,Refuted,Refuted,False,True,False,False,False,proposed_v2_coauthor_review,historical_v1_packets,False,,True,False,True,False,B,none,True,False,False,False,False,structure_without_new_sentence_text,False,decisive_judge_fever_disagreement,PENDING_FRESH_JUDGMENTS
claude,CF-000128,SA-000970,160350,regression,Refuted,silver_clear_evidence_utilization_failure,Refuted,Refuted,Refuted,False,False,False,False,False,proposed_v2_coauthor_review,historical_v1_packets,True,True,True,True,True,True,A,A,False,False,False,False,False,structure_without_new_sentence_text,True,sentence_only_gold_agreeing,PENDING_FRESH_JUDGMENTS
claude,CF-000129,SA-000427,113297,regression,Supported,silver_clear_evidence_utilization_failure,Supported,Supported,Supported,False,False,False,False,False,proposed_v2_coauthor_review,historical_v1_packets,True,True,True,True,True,True,A,A,False,False,False,False,False,structure_without_new_sentence_text,True,sentence_only_gold_agreeing,PENDING_FRESH_JUDGMENTS
claude,CF-000130,SA-000460,118940,regression,Refuted,silver_clear_evidence_utilization_failure,Refuted,Refuted,Refuted,False,False,False,False,False,proposed_v2_coauthor_review,historical_v1_packets,True,True,True,True,True,True,A,A,False,False,False,False,False,structure_without_new_sentence_text,True,sentence_only_gold_agreeing,PENDING_FRESH_JUDGMENTS
claude,CF-000131,SA-001043,174893,regression,Supported,silver_partial_or_ambiguous_warrant,Ambiguous,Ambiguous,Ambiguous,True,False,False,False,False,proposed_v2_coauthor_review,historical_v1_packets,False,,False,,False,,none,none,False,False,False,False,False,additional_sentence_text_and_structure,False,final_nondecisive,PENDING_FRESH_JUDGMENTS
claude,CF-000132,SA-000238,79420,regression,Supported,silver_clear_evidence_utilization_failure,Refuted,Refuted,Refuted,False,False,False,False,False,proposed_v2_coauthor_review,historical_v1_packets,True,False,True,False,True,False,A,none,False,False,False,False,False,structure_without_new_sentence_text,False,decisive_judge_fever_disagreement,PENDING_FRESH_JUDGMENTS
claude,CF-000133,SA-000200,221086,regression,Refuted,silver_clear_evidence_utilization_failure,Refuted,Refuted,Refuted,False,False,False,False,False,proposed_v2_coauthor_review,historical_v1_packets,True,True,True,True,True,True,A,A,False,False,False,False,False,structure_without_new_sentence_text,True,sentence_only_gold_agreeing,PENDING_FRESH_JUDGMENTS
claude,CF-000134,SA-001016,90151,regression,Supported,silver_clear_evidence_utilization_failure,Refuted,Refuted,Refuted,False,False,False,False,False,proposed_v2_coauthor_review,historical_v1_packets,True,False,True,False,True,False,A,none,False,False,False,False,False,structure_without_new_sentence_text,False,decisive_judge_fever_disagreement,PENDING_FRESH_JUDGMENTS
claude,CF-000135,SA-000206,133843,regression,Supported,silver_clear_evidence_utilization_failure,Supported,Supported,Supported,False,False,False,False,False,proposed_v2_coauthor_review,historical_v1_packets,True,True,True,True,True,True,A,A,False,False,False,False,False,structure_without_new_sentence_text,True,sentence_only_gold_agreeing,PENDING_FRESH_JUDGMENTS
claude,CF-000136,SA-000933,60612,regression,Supported,silver_clear_evidence_utilization_failure,Refuted,Refuted,Refuted,False,False,False,False,False,proposed_v2_coauthor_review,historical_v1_packets,True,False,True,False,True,False,A,none,False,False,False,False,False,structure_without_new_sentence_text,False,decisive_judge_fever_disagreement,PENDING_FRESH_JUDGMENTS
claude,CF-000137,SA-001013,97739,regression,Supported,silver_clear_evidence_utilization_failure,Supported,Supported,Supported,False,False,False,False,False,proposed_v2_coauthor_review,historical_v1_packets,True,True,True,True,True,True,A,A,False,False,False,False,False,structure_without_new_sentence_text,True,sentence_only_gold_agreeing,PENDING_FRESH_JUDGMENTS
claude,CF-000138,SA-000781,106115,regression,Refuted,silver_clear_evidence_utilization_failure,Refuted,Refuted,Refuted,False,False,False,False,False,proposed_v2_coauthor_review,historical_v1_packets,True,True,True,True,True,True,A,A,False,False,False,False,False,structure_without_new_sentence_text,True,sentence_only_gold_agreeing,PENDING_FRESH_JUDGMENTS
claude,CF-000139,SA-000397,227098,regression,Supported,silver_clear_evidence_utilization_failure,Supported,Supported,Supported,False,False,False,False,False,proposed_v2_coauthor_review,historical_v1_packets,True,True,True,True,True,True,A,A,False,False,False,False,False,additional_sentence_text_and_structure,True,sentence_only_gold_agreeing,PENDING_FRESH_JUDGMENTS
claude,CF-000140,SA-000527,133407,regression,Supported,silver_clear_evidence_utilization_failure,Supported,Supported,Supported,False,False,False,False,False,proposed_v2_coauthor_review,historical_v1_packets,True,True,True,True,True,True,A,A,False,False,False,False,False,structure_without_new_sentence_text,True,sentence_only_gold_agreeing,PENDING_FRESH_JUDGMENTS
claude,CF-000141,SA-000824,48484,regression,Refuted,silver_clear_evidence_utilization_failure,Refuted,Refuted,Refuted,False,False,False,False,False,proposed_v2_coauthor_review,historical_v1_packets,True,True,True,True,True,True,A,A,False,False,False,False,False,structure_without_new_sentence_text,True,sentence_only_gold_agreeing,PENDING_FRESH_JUDGMENTS
claude,CF-000142,SA-000779,105788,regression,Supported,silver_partial_or_ambiguous_warrant,Ambiguous,Ambiguous,Ambiguous,True,False,False,False,False,proposed_v2_coauthor_review,historical_v1_packets,False,,False,,False,,none,none,False,False,False,False,False,additional_sentence_text_and_structure,False,final_nondecisive,PENDING_FRESH_JUDGMENTS
claude,CF-000143,SA-001009,193844,regression,Supported,silver_clear_evidence_utilization_failure,Refuted,Refuted,Refuted,False,False,False,False,False,proposed_v2_coauthor_review,historical_v1_packets,True,False,True,False,True,False,A,none,False,False,False,False,False,structure_without_new_sentence_text,False,decisive_judge_fever_disagreement,PENDING_FRESH_JUDGMENTS
claude,CF-000144,SA-000181,92419,regression,Supported,silver_clear_evidence_utilization_failure,Refuted,Refuted,Refuted,False,False,False,False,False,proposed_v2_coauthor_review,historical_v1_packets,True,False,True,False,True,False,A,none,False,False,False,False,False,additional_sentence_text_and_structure,False,decisive_judge_fever_disagreement,PENDING_FRESH_JUDGMENTS
claude,CF-000145,SA-000009,68032,regression,Supported,silver_clear_evidence_utilization_failure,Supported,Supported,Supported,False,False,False,False,False,proposed_v2_coauthor_review,historical_v1_packets,True,True,True,True,True,True,A,A,False,False,False,False,False,structure_without_new_sentence_text,True,sentence_only_gold_agreeing,PENDING_FRESH_JUDGMENTS
claude,CF-000146,SA-000940,152008,regression,Supported,silver_clear_evidence_utilization_failure,Supported,Supported,Supported,False,False,False,False,False,proposed_v2_coauthor_review,historical_v1_packets,True,True,True,True,True,True,A,A,False,False,False,False,False,structure_without_new_sentence_text,True,sentence_only_gold_agreeing,PENDING_FRESH_JUDGMENTS
claude,CF-000147,SA-000139,22639,regression,Refuted,silver_clear_evidence_utilization_failure,Supported,Supported,Supported,False,False,False,False,False,proposed_v2_coauthor_review,historical_v1_packets,True,False,True,False,True,False,A,none,False,False,False,False,False,structure_without_new_sentence_text,False,decisive_judge_fever_disagreement,PENDING_FRESH_JUDGMENTS
claude,CF-000148,SA-000294,37097,regression,Supported,silver_partial_or_ambiguous_warrant,Ambiguous,Ambiguous,Ambiguous,True,False,False,False,False,proposed_v2_coauthor_review,historical_v1_packets,False,,False,,False,,none,none,False,False,False,False,False,additional_sentence_text_and_structure,False,final_nondecisive,PENDING_FRESH_JUDGMENTS
claude,CF-000149,SA-000078,116588,regression,Supported,silver_partial_or_ambiguous_warrant,Ambiguous,Refuted,Unresolved,True,True,False,False,False,proposed_v2_coauthor_review,historical_v1_packets,False,,True,False,False,,B,none,True,False,False,False,True,structure_without_new_sentence_text,False,final_nondecisive,PENDING_FRESH_JUDGMENTS
claude,CF-000150,SA-000867,108880,regression,Refuted,silver_partial_or_ambiguous_warrant,Ambiguous,Ambiguous,Ambiguous,True,False,False,False,False,proposed_v2_coauthor_review,historical_v1_packets,False,,False,,False,,none,none,False,False,False,False,False,structure_without_new_sentence_text,False,final_nondecisive,PENDING_FRESH_JUDGMENTS
claude,CF-000151,SA-000215,87760,regression,Refuted,silver_clear_evidence_utilization_failure,Refuted,Refuted,Refuted,False,False,False,False,False,proposed_v2_coauthor_review,historical_v1_packets,True,True,True,True,True,True,A,A,False,False,False,False,False,structure_without_new_sentence_text,True,sentence_only_gold_agreeing,PENDING_FRESH_JUDGMENTS
claude,CF-000152,SA-000151,186323,regression,Supported,silver_clear_evidence_utilization_failure,Supported,Supported,Supported,False,False,False,False,False,proposed_v2_coauthor_review,historical_v1_packets,True,True,True,True,True,True,A,A,False,False,False,False,False,structure_without_new_sentence_text,True,sentence_only_gold_agreeing,PENDING_FRESH_JUDGMENTS
claude,CF-000153,SA-000193,185206,regression,Refuted,silver_partial_or_ambiguous_warrant,Ambiguous,Ambiguous,Ambiguous,True,False,False,False,False,proposed_v2_coauthor_review,historical_v1_packets,False,,False,,False,,none,none,False,False,False,False,False,structure_without_new_sentence_text,False,final_nondecisive,PENDING_FRESH_JUDGMENTS
claude,CF-000154,SA-000709,222661,regression,Supported,silver_clear_evidence_utilization_failure,Refuted,Refuted,Refuted,False,False,False,False,False,proposed_v2_coauthor_review,historical_v1_packets,True,False,True,False,True,False,A,none,False,False,False,False,False,structure_without_new_sentence_text,False,decisive_judge_fever_disagreement,PENDING_FRESH_JUDGMENTS
claude,CF-000155,SA-000189,9410,regression,Supported,silver_partial_or_ambiguous_warrant,Ambiguous,Ambiguous,Ambiguous,True,False,False,False,False,proposed_v2_coauthor_review,historical_v1_packets,False,,False,,False,,none,none,False,False,False,False,False,structure_without_new_sentence_text,False,final_nondecisive,PENDING_FRESH_JUDGMENTS
claude,CF-000156,SA-000903,88941,regression,Supported,silver_partial_or_ambiguous_warrant,Ambiguous,Ambiguous,Unresolved,True,False,False,False,False,proposed_v2_coauthor_review,historical_v1_packets,False,,False,,False,,none,none,False,False,False,False,False,structure_without_new_sentence_text,False,final_nondecisive,PENDING_FRESH_JUDGMENTS
claude,CF-000157,SA-000790,51355,regression,Supported,silver_partial_or_ambiguous_warrant,Ambiguous,Ambiguous,Ambiguous,True,False,False,False,False,proposed_v2_coauthor_review,historical_v1_packets,False,,False,,False,,none,none,False,False,False,False,False,additional_sentence_text_and_structure,False,final_nondecisive,PENDING_FRESH_JUDGMENTS
claude,CF-000158,SA-000481,111938,regression,Supported,silver_partial_or_ambiguous_warrant,Ambiguous,Ambiguous,Ambiguous,True,False,False,False,False,proposed_v2_coauthor_review,historical_v1_packets,False,,False,,False,,none,none,False,False,False,False,False,structure_without_new_sentence_text,False,final_nondecisive,PENDING_FRESH_JUDGMENTS
claude,CF-000159,SA-000738,51757,regression,Supported,silver_clear_evidence_utilization_failure,Refuted,Refuted,Refuted,False,False,False,False,False,proposed_v2_coauthor_review,historical_v1_packets,True,False,True,False,True,False,A,none,False,False,False,False,False,structure_without_new_sentence_text,False,decisive_judge_fever_disagreement,PENDING_FRESH_JUDGMENTS
claude,CF-000160,SA-000946,113712,regression,Supported,silver_partial_or_ambiguous_warrant,Ambiguous,Ambiguous,Ambiguous,True,False,False,False,False,proposed_v2_coauthor_review,historical_v1_packets,False,,False,,False,,none,none,False,False,False,False,False,additional_sentence_text_and_structure,False,final_nondecisive,PENDING_FRESH_JUDGMENTS
claude,CF-000161,SA-000992,227116,regression,Supported,silver_clear_evidence_utilization_failure,Supported,Supported,Supported,False,False,False,False,False,proposed_v2_coauthor_review,historical_v1_packets,True,True,True,True,True,True,A,A,False,False,False,False,False,structure_without_new_sentence_text,True,sentence_only_gold_agreeing,PENDING_FRESH_JUDGMENTS
claude,CF-000162,SA-000683,85196,regression,Refuted,silver_clear_evidence_utilization_failure,Refuted,Refuted,Refuted,False,False,False,False,False,proposed_v2_coauthor_review,historical_v1_packets,True,True,True,True,True,True,A,A,False,False,False,False,False,structure_without_new_sentence_text,True,sentence_only_gold_agreeing,PENDING_FRESH_JUDGMENTS
claude,CF-000163,SA-001006,21784,regression,Supported,silver_clear_evidence_utilization_failure,Supported,Supported,Supported,False,False,False,False,False,proposed_v2_coauthor_review,historical_v1_packets,True,True,True,True,True,True,A,A,False,False,False,False,False,structure_without_new_sentence_text,True,sentence_only_gold_agreeing,PENDING_FRESH_JUDGMENTS
claude,CF-000164,SA-000741,10328,regression,Refuted,silver_clear_evidence_utilization_failure,Refuted,Refuted,Refuted,False,False,False,False,False,proposed_v2_coauthor_review,historical_v1_packets,True,True,True,True,True,True,A,A,False,False,False,False,False,structure_without_new_sentence_text,True,sentence_only_gold_agreeing,PENDING_FRESH_JUDGMENTS
claude,CF-000165,SA-000137,194241,regression,Supported,silver_clear_evidence_utilization_failure,Refuted,Refuted,Refuted,False,False,False,False,False,proposed_v2_coauthor_review,historical_v1_packets,True,False,True,False,True,False,A,none,False,False,False,False,False,structure_without_new_sentence_text,False,decisive_judge_fever_disagreement,PENDING_FRESH_JUDGMENTS
claude,CF-000166,SA-000525,94829,regression,Refuted,silver_clear_evidence_utilization_failure,Refuted,Refuted,Refuted,False,False,False,False,False,proposed_v2_coauthor_review,historical_v1_packets,True,True,True,True,True,True,A,A,False,False,False,False,False,structure_without_new_sentence_text,True,sentence_only_gold_agreeing,PENDING_FRESH_JUDGMENTS
claude,CF-000167,SA-001005,147486,regression,Supported,silver_partial_or_ambiguous_warrant,Ambiguous,Ambiguous,Ambiguous,True,False,False,False,False,proposed_v2_coauthor_review,historical_v1_packets,False,,False,,False,,none,none,False,False,False,False,False,structure_without_new_sentence_text,False,final_nondecisive,PENDING_FRESH_JUDGMENTS
claude,CF-000168,SA-000458,150693,regression,Refuted,silver_partial_or_ambiguous_warrant,Ambiguous,Ambiguous,Ambiguous,True,False,False,False,False,proposed_v2_coauthor_review,historical_v1_packets,False,,False,,False,,none,none,False,False,False,False,False,structure_without_new_sentence_text,False,final_nondecisive,PENDING_FRESH_JUDGMENTS
claude,CF-000169,SA-000700,95358,regression,Supported,silver_partial_or_ambiguous_warrant,Ambiguous,Ambiguous,Ambiguous,True,False,False,False,False,proposed_v2_coauthor_review,historical_v1_packets,False,,False,,False,,none,none,False,False,False,False,False,structure_without_new_sentence_text,False,final_nondecisive,PENDING_FRESH_JUDGMENTS
claude,CF-000170,SA-000358,87838,regression,Supported,silver_partial_or_ambiguous_warrant,Ambiguous,Ambiguous,Ambiguous,True,False,False,False,False,proposed_v2_coauthor_review,historical_v1_packets,False,,False,,False,,none,none,False,False,False,False,False,structure_without_new_sentence_text,False,final_nondecisive,PENDING_FRESH_JUDGMENTS
claude,CF-000171,SA-000146,29594,regression,Refuted,silver_clear_evidence_utilization_failure,Refuted,Refuted,Refuted,False,False,False,False,False,proposed_v2_coauthor_review,historical_v1_packets,True,True,True,True,True,True,A,A,False,False,False,False,False,structure_without_new_sentence_text,True,sentence_only_gold_agreeing,PENDING_FRESH_JUDGMENTS
claude,CF-000172,SA-000904,194800,regression,Supported,silver_clear_evidence_utilization_failure,Supported,Supported,Supported,False,False,False,False,False,proposed_v2_coauthor_review,historical_v1_packets,True,True,True,True,True,True,A,A,False,False,False,False,False,structure_without_new_sentence_text,True,sentence_only_gold_agreeing,PENDING_FRESH_JUDGMENTS
claude,CF-000173,SA-000094,120655,regression,Refuted,silver_partial_or_ambiguous_warrant,Ambiguous,Ambiguous,Ambiguous,True,False,False,False,False,proposed_v2_coauthor_review,historical_v1_packets,False,,False,,False,,none,none,False,False,False,False,False,structure_without_new_sentence_text,False,final_nondecisive,PENDING_FRESH_JUDGMENTS
claude,CF-000174,SA-000839,82883,regression,Refuted,silver_structured_evidence_sensitive,Ambiguous,Ambiguous,Supported,False,False,True,False,False,proposed_v2_coauthor_review,historical_v1_packets,False,,False,,True,False,C,none,False,True,False,False,False,structure_without_new_sentence_text,False,decisive_judge_fever_disagreement,PENDING_FRESH_JUDGMENTS
claude,CF-000175,SA-000204,12820,regression,Supported,silver_clear_evidence_utilization_failure,Supported,Supported,Supported,False,False,False,False,False,proposed_v2_coauthor_review,historical_v1_packets,True,True,True,True,True,True,A,A,False,False,False,False,False,structure_without_new_sentence_text,True,sentence_only_gold_agreeing,PENDING_FRESH_JUDGMENTS
claude,CF-000176,SA-000334,207010,regression,Refuted,silver_clear_evidence_utilization_failure,Refuted,Refuted,Refuted,False,False,False,False,False,proposed_v2_coauthor_review,historical_v1_packets,True,True,True,True,True,True,A,A,False,False,False,False,False,structure_without_new_sentence_text,True,sentence_only_gold_agreeing,PENDING_FRESH_JUDGMENTS
claude,CF-000177,SA-000312,21716,regression,Supported,silver_clear_evidence_utilization_failure,Supported,Supported,Supported,False,False,False,False,False,proposed_v2_coauthor_review,historical_v1_packets,True,True,True,True,True,True,A,A,False,False,False,False,False,structure_without_new_sentence_text,True,sentence_only_gold_agreeing,PENDING_FRESH_JUDGMENTS
claude,CF-000178,SA-000329,10689,regression,Refuted,silver_partial_or_ambiguous_warrant,Supported,Supported,Ambiguous,True,False,False,False,False,proposed_v2_coauthor_review,historical_v1_packets,True,False,True,False,False,,A,none,False,False,False,False,True,structure_without_new_sentence_text,False,final_nondecisive,PENDING_FRESH_JUDGMENTS
claude,CF-000179,SA-000966,108767,regression,Refuted,silver_partial_or_ambiguous_warrant,Refuted,Refuted,Unresolved,True,False,False,False,False,proposed_v2_coauthor_review,historical_v1_packets,True,True,True,True,False,,A,A,False,False,False,False,True,structure_without_new_sentence_text,True,final_nondecisive,PENDING_FRESH_JUDGMENTS
claude,CF-000180,SA-000061,183938,regression,Refuted,silver_clear_evidence_utilization_failure,Refuted,Refuted,Refuted,False,False,False,False,False,proposed_v2_coauthor_review,historical_v1_packets,True,True,True,True,True,True,A,A,False,False,False,False,False,structure_without_new_sentence_text,True,sentence_only_gold_agreeing,PENDING_FRESH_JUDGMENTS
claude,CF-000181,SA-000954,93331,regression,Supported,silver_clear_evidence_utilization_failure,Supported,Supported,Supported,False,False,False,False,False,proposed_v2_coauthor_review,historical_v1_packets,True,True,True,True,True,True,A,A,False,False,False,False,False,additional_sentence_text_and_structure,True,sentence_only_gold_agreeing,PENDING_FRESH_JUDGMENTS
claude,CF-000182,SA-000040,187789,regression,Refuted,silver_clear_evidence_utilization_failure,Refuted,Refuted,Refuted,False,False,False,False,False,proposed_v2_coauthor_review,historical_v1_packets,True,True,True,True,True,True,A,A,False,False,False,False,False,structure_without_new_sentence_text,True,sentence_only_gold_agreeing,PENDING_FRESH_JUDGMENTS
claude,CF-000183,SA-000191,28447,regression,Refuted,silver_clear_evidence_utilization_failure,Refuted,Refuted,Refuted,False,False,False,False,False,proposed_v2_coauthor_review,historical_v1_packets,True,True,True,True,True,True,A,A,False,False,False,False,False,structure_without_new_sentence_text,True,sentence_only_gold_agreeing,PENDING_FRESH_JUDGMENTS
claude,CF-000184,SA-000345,171629,regression,Refuted,silver_clear_evidence_utilization_failure,Refuted,Refuted,Refuted,False,False,False,False,False,proposed_v2_coauthor_review,historical_v1_packets,True,True,True,True,True,True,A,A,False,False,False,False,False,structure_without_new_sentence_text,True,sentence_only_gold_agreeing,PENDING_FRESH_JUDGMENTS
claude,CF-000185,SA-000510,223499,regression,Supported,silver_clear_evidence_utilization_failure,Refuted,Refuted,Refuted,False,False,False,False,False,proposed_v2_coauthor_review,historical_v1_packets,True,False,True,False,True,False,A,none,False,False,False,False,False,structure_without_new_sentence_text,False,decisive_judge_fever_disagreement,PENDING_FRESH_JUDGMENTS
claude,CF-000186,SA-000646,104930,regression,Supported,silver_clear_evidence_utilization_failure,Refuted,Refuted,Refuted,False,False,False,False,False,proposed_v2_coauthor_review,historical_v1_packets,True,False,True,False,True,False,A,none,False,False,False,False,False,structure_without_new_sentence_text,False,decisive_judge_fever_disagreement,PENDING_FRESH_JUDGMENTS
claude,CF-000187,SA-000499,22726,regression,Refuted,silver_clear_evidence_utilization_failure,Refuted,Refuted,Refuted,False,False,False,False,False,proposed_v2_coauthor_review,historical_v1_packets,True,True,True,True,True,True,A,A,False,False,False,False,False,additional_sentence_text_and_structure,True,sentence_only_gold_agreeing,PENDING_FRESH_JUDGMENTS
claude,CF-000188,SA-000022,206453,regression,Refuted,silver_clear_evidence_utilization_failure,Refuted,Refuted,Refuted,False,False,False,False,False,proposed_v2_coauthor_review,historical_v1_packets,True,True,True,True,True,True,A,A,False,False,False,False,False,additional_sentence_text_and_structure,True,sentence_only_gold_agreeing,PENDING_FRESH_JUDGMENTS
claude,CF-000189,SA-000313,89219,regression,Supported,silver_partial_or_ambiguous_warrant,Ambiguous,Ambiguous,Ambiguous,True,False,False,False,False,proposed_v2_coauthor_review,historical_v1_packets,False,,False,,False,,none,none,False,False,False,False,False,structure_without_new_sentence_text,False,final_nondecisive,PENDING_FRESH_JUDGMENTS
claude,CF-000190,SA-000802,206465,regression,Refuted,silver_clear_evidence_utilization_failure,Refuted,Refuted,Refuted,False,False,False,False,False,proposed_v2_coauthor_review,historical_v1_packets,True,True,True,True,True,True,A,A,False,False,False,False,False,structure_without_new_sentence_text,True,sentence_only_gold_agreeing,PENDING_FRESH_JUDGMENTS
claude,CF-000191,SA-000566,89682,regression,Supported,silver_clear_evidence_utilization_failure,Refuted,Refuted,Refuted,False,False,False,False,False,proposed_v2_coauthor_review,historical_v1_packets,True,False,True,False,True,False,A,none,False,False,False,False,False,structure_without_new_sentence_text,False,decisive_judge_fever_disagreement,PENDING_FRESH_JUDGMENTS
claude,CF-000192,SA-000202,54742,regression,Supported,silver_clear_evidence_utilization_failure,Supported,Supported,Supported,False,False,False,False,False,proposed_v2_coauthor_review,historical_v1_packets,True,True,True,True,True,True,A,A,False,False,False,False,False,structure_without_new_sentence_text,True,sentence_only_gold_agreeing,PENDING_FRESH_JUDGMENTS
claude,CF-000193,SA-000172,189714,regression,Refuted,silver_clear_evidence_utilization_failure,Refuted,Refuted,Refuted,False,False,False,False,False,proposed_v2_coauthor_review,historical_v1_packets,True,True,True,True,True,True,A,A,False,False,False,False,False,structure_without_new_sentence_text,True,sentence_only_gold_agreeing,PENDING_FRESH_JUDGMENTS
claude,CF-000194,SA-000317,160508,regression,Supported,silver_clear_evidence_utilization_failure,Refuted,Refuted,Refuted,False,False,False,False,False,proposed_v2_coauthor_review,historical_v1_packets,True,False,True,False,True,False,A,none,False,False,False,False,False,structure_without_new_sentence_text,False,decisive_judge_fever_disagreement,PENDING_FRESH_JUDGMENTS
claude,CF-000195,SA-000583,26317,regression,Refuted,silver_partial_or_ambiguous_warrant,Ambiguous,Ambiguous,Ambiguous,True,False,False,False,False,proposed_v2_coauthor_review,historical_v1_packets,False,,False,,False,,none,none,False,False,False,False,False,structure_without_new_sentence_text,False,final_nondecisive,PENDING_FRESH_JUDGMENTS
claude,CF-000196,SA-000813,145866,regression,Supported,silver_partial_or_ambiguous_warrant,Ambiguous,Ambiguous,Ambiguous,True,False,False,False,False,proposed_v2_coauthor_review,historical_v1_packets,False,,False,,False,,none,none,False,False,False,False,False,additional_sentence_text_and_structure,False,final_nondecisive,PENDING_FRESH_JUDGMENTS
claude,CF-000197,SA-000758,98866,regression,Refuted,silver_clear_evidence_utilization_failure,Refuted,Refuted,Refuted,False,False,False,False,False,proposed_v2_coauthor_review,historical_v1_packets,True,True,True,True,True,True,A,A,False,False,False,False,False,structure_without_new_sentence_text,True,sentence_only_gold_agreeing,PENDING_FRESH_JUDGMENTS
claude,CF-000198,SA-000113,142025,regression,Supported,silver_partial_or_ambiguous_warrant,Ambiguous,Ambiguous,Ambiguous,True,False,False,False,False,proposed_v2_coauthor_review,historical_v1_packets,False,,False,,False,,none,none,False,False,False,False,False,structure_without_new_sentence_text,False,final_nondecisive,PENDING_FRESH_JUDGMENTS
claude,CF-000199,SA-000605,118195,regression,Supported,silver_clear_evidence_utilization_failure,Supported,Supported,Supported,False,False,False,False,False,proposed_v2_coauthor_review,historical_v1_packets,True,True,True,True,True,True,A,A,False,False,False,False,False,structure_without_new_sentence_text,True,sentence_only_gold_agreeing,PENDING_FRESH_JUDGMENTS
claude,CF-000200,SA-000905,111121,regression,Supported,silver_structured_evidence_sensitive,Ambiguous,Refuted,Refuted,False,True,False,False,False,proposed_v2_coauthor_review,historical_v1_packets,False,,True,False,True,False,B,none,True,False,False,False,False,structure_without_new_sentence_text,False,decisive_judge_fever_disagreement,PENDING_FRESH_JUDGMENTS
claude,CF-000201,SA-000155,68701,regression,Supported,silver_partial_or_ambiguous_warrant,Ambiguous,Ambiguous,Ambiguous,True,False,False,False,False,proposed_v2_coauthor_review,historical_v1_packets,False,,False,,False,,none,none,False,False,False,False,False,structure_without_new_sentence_text,False,final_nondecisive,PENDING_FRESH_JUDGMENTS
claude,CF-000202,SA-001002,3019,regression,Refuted,silver_partial_or_ambiguous_warrant,Ambiguous,Ambiguous,Ambiguous,True,False,False,False,False,proposed_v2_coauthor_review,historical_v1_packets,False,,False,,False,,none,none,False,False,False,False,False,structure_without_new_sentence_text,False,final_nondecisive,PENDING_FRESH_JUDGMENTS
claude,CF-000203,SA-000730,42173,regression,Supported,silver_clear_evidence_utilization_failure,Supported,Supported,Supported,False,False,False,False,False,proposed_v2_coauthor_review,historical_v1_packets,True,True,True,True,True,True,A,A,False,False,False,False,False,structure_without_new_sentence_text,True,sentence_only_gold_agreeing,PENDING_FRESH_JUDGMENTS
claude,CF-000204,SA-000750,193883,regression,Refuted,silver_clear_evidence_utilization_failure,Refuted,Refuted,Refuted,False,False,False,False,False,proposed_v2_coauthor_review,historical_v1_packets,True,True,True,True,True,True,A,A,False,False,False,False,False,structure_without_new_sentence_text,True,sentence_only_gold_agreeing,PENDING_FRESH_JUDGMENTS
claude,CF-000205,SA-000560,25740,regression,Refuted,silver_clear_evidence_utilization_failure,Refuted,Refuted,Refuted,False,False,False,False,False,proposed_v2_coauthor_review,historical_v1_packets,True,True,True,True,True,True,A,A,False,False,False,False,False,structure_without_new_sentence_text,True,sentence_only_gold_agreeing,PENDING_FRESH_JUDGMENTS
claude,CF-000206,SA-000079,48658,regression,Supported,silver_partial_or_ambiguous_warrant,Ambiguous,Ambiguous,Ambiguous,True,False,False,False,False,proposed_v2_coauthor_review,historical_v1_packets,False,,False,,False,,none,none,False,False,False,False,False,additional_sentence_text_and_structure,False,final_nondecisive,PENDING_FRESH_JUDGMENTS
claude,CF-000207,SA-000436,89727,regression,Refuted,silver_clear_evidence_utilization_failure,Supported,Supported,Supported,False,False,False,False,False,proposed_v2_coauthor_review,historical_v1_packets,True,False,True,False,True,False,A,none,False,False,False,False,False,structure_without_new_sentence_text,False,decisive_judge_fever_disagreement,PENDING_FRESH_JUDGMENTS
claude,CF-000208,SA-001034,124719,regression,Supported,silver_partial_or_ambiguous_warrant,Ambiguous,Ambiguous,Ambiguous,True,False,False,False,False,proposed_v2_coauthor_review,historical_v1_packets,False,,False,,False,,none,none,False,False,False,False,False,structure_without_new_sentence_text,False,final_nondecisive,PENDING_FRESH_JUDGMENTS
claude,CF-000209,SA-000107,52907,regression,Supported,silver_clear_evidence_utilization_failure,Refuted,Refuted,Refuted,False,False,False,False,False,proposed_v2_coauthor_review,historical_v1_packets,True,False,True,False,True,False,A,none,False,False,False,False,False,structure_without_new_sentence_text,False,decisive_judge_fever_disagreement,PENDING_FRESH_JUDGMENTS
claude,CF-000210,SA-000638,110147,regression,Supported,silver_clear_evidence_utilization_failure,Refuted,Refuted,Refuted,False,False,False,False,False,proposed_v2_coauthor_review,historical_v1_packets,True,False,True,False,True,False,A,none,False,False,False,False,False,structure_without_new_sentence_text,False,decisive_judge_fever_disagreement,PENDING_FRESH_JUDGMENTS
claude,CF-000211,SA-000154,14855,regression,Refuted,silver_clear_evidence_utilization_failure,Supported,Supported,Supported,False,False,False,False,False,proposed_v2_coauthor_review,historical_v1_packets,True,False,True,False,True,False,A,none,False,False,False,False,False,structure_without_new_sentence_text,False,decisive_judge_fever_disagreement,PENDING_FRESH_JUDGMENTS
claude,CF-000212,SA-001022,162881,regression,Supported,silver_partial_or_ambiguous_warrant,Ambiguous,Supported,Ambiguous,True,True,False,False,False,proposed_v2_coauthor_review,historical_v1_packets,False,,True,True,False,,B,B,True,False,False,False,True,structure_without_new_sentence_text,False,final_nondecisive,PENDING_FRESH_JUDGMENTS
claude,CF-000213,SA-000357,12089,regression,Supported,silver_clear_evidence_utilization_failure,Supported,Supported,Supported,False,False,False,False,False,proposed_v2_coauthor_review,historical_v1_packets,True,True,True,True,True,True,A,A,False,False,False,False,False,structure_without_new_sentence_text,True,sentence_only_gold_agreeing,PENDING_FRESH_JUDGMENTS
claude,CF-000214,SA-000919,71124,regression,Refuted,silver_clear_evidence_utilization_failure,Refuted,Refuted,Refuted,False,False,False,False,False,proposed_v2_coauthor_review,historical_v1_packets,True,True,True,True,True,True,A,A,False,False,False,False,False,structure_without_new_sentence_text,True,sentence_only_gold_agreeing,PENDING_FRESH_JUDGMENTS
claude,CF-000215,SA-000549,182917,regression,Refuted,silver_clear_evidence_utilization_failure,Refuted,Refuted,Refuted,False,False,False,False,False,proposed_v2_coauthor_review,historical_v1_packets,True,True,True,True,True,True,A,A,False,False,False,False,False,structure_without_new_sentence_text,True,sentence_only_gold_agreeing,PENDING_FRESH_JUDGMENTS
claude,CF-000216,SA-000464,164999,regression,Supported,silver_partial_or_ambiguous_warrant,Ambiguous,Ambiguous,Ambiguous,True,False,False,False,False,proposed_v2_coauthor_review,historical_v1_packets,False,,False,,False,,none,none,False,False,False,False,False,additional_sentence_text_and_structure,False,final_nondecisive,PENDING_FRESH_JUDGMENTS
claude,CF-000217,SA-000581,205134,regression,Supported,silver_clear_evidence_utilization_failure,Supported,Supported,Supported,False,False,False,False,False,proposed_v2_coauthor_review,historical_v1_packets,True,True,True,True,True,True,A,A,False,False,False,False,False,additional_sentence_text_and_structure,True,sentence_only_gold_agreeing,PENDING_FRESH_JUDGMENTS
claude,CF-000218,SA-000685,50074,regression,Refuted,silver_clear_evidence_utilization_failure,Refuted,Refuted,Refuted,False,False,False,False,False,proposed_v2_coauthor_review,historical_v1_packets,True,True,True,True,True,True,A,A,False,False,False,False,False,structure_without_new_sentence_text,True,sentence_only_gold_agreeing,PENDING_FRESH_JUDGMENTS
claude,CF-000219,SA-000853,12015,regression,Supported,silver_partial_or_ambiguous_warrant,Ambiguous,Ambiguous,Ambiguous,True,False,False,False,False,proposed_v2_coauthor_review,historical_v1_packets,False,,False,,False,,none,none,False,False,False,False,False,structure_without_new_sentence_text,False,final_nondecisive,PENDING_FRESH_JUDGMENTS
claude,CF-000220,SA-000128,88865,regression,Refuted,silver_clear_evidence_utilization_failure,Refuted,Refuted,Refuted,False,False,False,False,False,proposed_v2_coauthor_review,historical_v1_packets,True,True,True,True,True,True,A,A,False,False,False,False,False,structure_without_new_sentence_text,True,sentence_only_gold_agreeing,PENDING_FRESH_JUDGMENTS
claude,CF-000221,SA-000898,148173,regression,Refuted,silver_clear_evidence_utilization_failure,Refuted,Refuted,Refuted,False,False,False,False,False,proposed_v2_coauthor_review,historical_v1_packets,True,True,True,True,True,True,A,A,False,False,False,False,False,structure_without_new_sentence_text,True,sentence_only_gold_agreeing,PENDING_FRESH_JUDGMENTS
claude,CF-000222,SA-000928,109461,regression,Supported,silver_clear_evidence_utilization_failure,Refuted,Refuted,Refuted,False,False,False,False,False,proposed_v2_coauthor_review,historical_v1_packets,True,False,True,False,True,False,A,none,False,False,False,False,False,structure_without_new_sentence_text,False,decisive_judge_fever_disagreement,PENDING_FRESH_JUDGMENTS
claude,CF-000223,SA-000884,20603,regression,Supported,silver_clear_evidence_utilization_failure,Refuted,Refuted,Refuted,False,False,False,False,False,proposed_v2_coauthor_review,historical_v1_packets,True,False,True,False,True,False,A,none,False,False,False,False,False,structure_without_new_sentence_text,False,decisive_judge_fever_disagreement,PENDING_FRESH_JUDGMENTS
claude,CF-000224,SA-000301,117447,regression,Refuted,silver_clear_evidence_utilization_failure,Refuted,Refuted,Refuted,False,False,False,False,False,proposed_v2_coauthor_review,historical_v1_packets,True,True,True,True,True,True,A,A,False,False,False,False,False,structure_without_new_sentence_text,True,sentence_only_gold_agreeing,PENDING_FRESH_JUDGMENTS
claude,CF-000225,SA-000363,59355,regression,Refuted,silver_clear_evidence_utilization_failure,Refuted,Refuted,Refuted,False,False,False,False,False,proposed_v2_coauthor_review,historical_v1_packets,True,True,True,True,True,True,A,A,False,False,False,False,False,additional_sentence_text_and_structure,True,sentence_only_gold_agreeing,PENDING_FRESH_JUDGMENTS
claude,CF-000226,SA-000835,204654,regression,Supported,silver_partial_or_ambiguous_warrant,Ambiguous,Ambiguous,Ambiguous,True,False,False,False,False,proposed_v2_coauthor_review,historical_v1_packets,False,,False,,False,,none,none,False,False,False,False,False,additional_sentence_text_and_structure,False,final_nondecisive,PENDING_FRESH_JUDGMENTS
