item_id,judge_id,consensus_A,consensus_B,consensus_C,ambiguous_A,ambiguous_B,ambiguous_C,resolved_by_titles,resolved_at_C,still_ambiguous_after_C,reversed_after_titles,reversed_at_C,change_A_B,change_B_C,change_A_C,confidence_delta_A_C,sufficiency_improved_A_C
SA-000001,judge_1,Supported,Supported,Supported,False,False,False,False,False,False,False,False,False,False,False,4,False
SA-000001,judge_2,Supported,Supported,Supported,False,False,False,False,False,False,False,False,False,False,False,-6,False
SA-000001,judge_3,Supported,Supported,Supported,False,False,False,False,False,False,False,False,False,False,False,6,False
SA-000001,judge_4,Supported,Supported,Supported,False,False,False,False,False,False,False,False,False,False,False,10,False
SA-000001,judge_5,Supported,Supported,Supported,False,False,False,False,False,False,False,False,False,False,False,8,False
SA-000002,judge_1,Supported,Supported,Supported,False,False,False,False,False,False,False,False,False,False,False,0,False
SA-000002,judge_2,Supported,Supported,Supported,False,False,False,False,False,False,False,False,False,False,False,0,False
SA-000002,judge_3,Supported,Supported,Supported,False,False,False,False,False,False,False,False,False,False,False,1,False
SA-000002,judge_4,Supported,Supported,Supported,False,False,False,False,False,False,False,False,False,False,False,0,False
SA-000002,judge_5,Supported,Supported,Supported,False,False,False,False,False,False,False,False,False,False,False,1,False
SA-000003,judge_1,Refuted,Refuted,Refuted,False,False,False,False,False,False,False,False,False,False,False,-2,False
SA-000003,judge_2,Refuted,Refuted,Refuted,False,False,False,False,False,False,False,False,False,False,False,-1,False
SA-000003,judge_3,Refuted,Refuted,Refuted,False,False,False,False,False,False,False,False,False,False,False,1,False
SA-000003,judge_4,Refuted,Refuted,Refuted,False,False,False,False,False,False,False,False,False,False,False,-1,False
SA-000003,judge_5,Refuted,Refuted,Refuted,False,False,False,False,False,False,False,False,False,False,False,0,False
SA-000004,judge_1,Refuted,Refuted,Refuted,False,False,False,False,False,False,False,False,False,False,False,-3,False
SA-000004,judge_2,Refuted,Refuted,Refuted,False,False,False,False,False,False,False,False,False,False,False,-3,False
SA-000004,judge_3,Refuted,Refuted,Refuted,False,False,False,False,False,False,False,False,False,False,False,2,False
SA-000004,judge_4,Refuted,Refuted,Refuted,False,False,False,False,False,False,False,False,False,False,False,-2,False
SA-000004,judge_5,Refuted,Refuted,Refuted,False,False,False,False,False,False,False,False,False,False,False,2,False
SA-000005,judge_1,Supported,Supported,Supported,False,False,False,False,False,False,False,False,False,False,False,5,True
SA-000005,judge_2,Supported,Supported,Supported,False,False,False,False,False,False,False,False,False,False,False,-1,False
SA-000005,judge_3,Supported,Supported,Supported,False,False,False,False,False,False,False,False,False,False,False,0,False
SA-000005,judge_4,Supported,Supported,Supported,False,False,False,False,False,False,False,False,False,False,False,0,False
SA-000005,judge_5,Supported,Supported,Supported,False,False,False,False,False,False,False,False,False,False,False,3,False
SA-000006,judge_1,Supported,Supported,Supported,False,False,False,False,False,False,False,False,False,False,False,14,False
SA-000006,judge_2,Refuted,Supported,Supported,False,False,False,False,False,False,True,False,True,False,True,-4,False
SA-000006,judge_3,Supported,Supported,Supported,False,False,False,False,False,False,False,False,False,False,False,12,False
SA-000006,judge_4,Ambiguous,Refuted,Supported,True,False,False,True,False,False,False,True,True,True,True,27,True
SA-000006,judge_5,Supported,Supported,Supported,False,False,False,False,False,False,False,False,False,False,False,7,False
SA-000007,judge_1,Supported,Supported,Supported,False,False,False,False,False,False,False,False,False,False,False,0,False
SA-000007,judge_2,Supported,Supported,Supported,False,False,False,False,False,False,False,False,False,False,False,-1,False
SA-000007,judge_3,Supported,Supported,Supported,False,False,False,False,False,False,False,False,False,False,False,1,False
SA-000007,judge_4,Supported,Supported,Supported,False,False,False,False,False,False,False,False,False,False,False,-1,False
SA-000007,judge_5,Supported,Supported,Supported,False,False,False,False,False,False,False,False,False,False,False,-2,False
SA-000008,judge_1,Supported,Supported,Supported,False,False,False,False,False,False,False,False,False,False,False,13,True
SA-000008,judge_2,Supported,Supported,Supported,False,False,False,False,False,False,False,False,False,False,False,12,True
SA-000008,judge_3,Supported,Supported,Supported,False,False,False,False,False,False,False,False,False,False,False,14,True
SA-000008,judge_4,Supported,Supported,Supported,False,False,False,False,False,False,False,False,False,False,False,15,True
SA-000008,judge_5,Supported,Supported,Supported,False,False,False,False,False,False,False,False,False,False,False,13,True
SA-000009,judge_1,Supported,Supported,Supported,False,False,False,False,False,False,False,False,False,False,False,-2,False
SA-000009,judge_2,Supported,Supported,Supported,False,False,False,False,False,False,False,False,False,False,False,-1,False
SA-000009,judge_3,Supported,Supported,Supported,False,False,False,False,False,False,False,False,False,False,False,-1,False
SA-000009,judge_4,Supported,Supported,Supported,False,False,False,False,False,False,False,False,False,False,False,-2,False
SA-000009,judge_5,Supported,Supported,Supported,False,False,False,False,False,False,False,False,False,False,False,0,False
SA-000010,judge_1,Ambiguous,Ambiguous,Ambiguous,True,True,True,False,False,True,False,False,False,False,False,4,False
SA-000010,judge_2,Ambiguous,Ambiguous,Ambiguous,True,True,True,False,False,True,False,False,False,False,False,0,False
SA-000010,judge_3,Ambiguous,Ambiguous,Ambiguous,True,True,True,False,False,True,False,False,False,False,False,4,False
SA-000010,judge_4,Ambiguous,Ambiguous,Ambiguous,True,True,True,False,False,True,False,False,False,False,False,10,False
SA-000010,judge_5,Ambiguous,Ambiguous,Ambiguous,True,True,True,False,False,True,False,False,False,False,False,13,False
SA-000011,judge_1,Supported,Supported,Supported,False,False,False,False,False,False,False,False,False,False,False,-1,False
SA-000011,judge_2,Supported,Supported,Supported,False,False,False,False,False,False,False,False,False,False,False,-7,False
SA-000011,judge_3,Supported,Supported,Supported,False,False,False,False,False,False,False,False,False,False,False,7,False
SA-000011,judge_4,Supported,Supported,Supported,False,False,False,False,False,False,False,False,False,False,False,4,False
SA-000011,judge_5,Supported,Supported,Supported,False,False,False,False,False,False,False,False,False,False,False,0,False
SA-000012,judge_1,Ambiguous,Ambiguous,Supported,True,True,False,False,True,False,False,False,False,True,True,34,True
SA-000012,judge_2,Ambiguous,Ambiguous,Supported,True,True,False,False,True,False,False,False,False,True,True,40,True
SA-000012,judge_3,Ambiguous,Ambiguous,Supported,True,True,False,False,True,False,False,False,False,True,True,39,True
SA-000012,judge_4,Ambiguous,Ambiguous,Supported,True,True,False,False,True,False,False,False,False,True,True,47,True
SA-000012,judge_5,Ambiguous,Ambiguous,Supported,True,True,False,False,True,False,False,False,False,True,True,47,True
SA-000013,judge_1,Refuted,Refuted,Refuted,False,False,False,False,False,False,False,False,False,False,False,1,False
SA-000013,judge_2,Refuted,Refuted,Refuted,False,False,False,False,False,False,False,False,False,False,False,-2,False
SA-000013,judge_3,Refuted,Refuted,Refuted,False,False,False,False,False,False,False,False,False,False,False,8,True
SA-000013,judge_4,Refuted,Refuted,Refuted,False,False,False,False,False,False,False,False,False,False,False,0,False
SA-000013,judge_5,Refuted,Refuted,Refuted,False,False,False,False,False,False,False,False,False,False,False,0,False
SA-000014,judge_1,Ambiguous,Ambiguous,Ambiguous,True,True,True,False,False,True,False,False,False,False,False,16,False
SA-000014,judge_2,Ambiguous,Ambiguous,Supported,True,True,False,False,True,False,False,False,False,True,True,20,True
SA-000014,judge_3,Ambiguous,Ambiguous,Ambiguous,True,True,True,False,False,True,False,False,False,False,False,3,False
SA-000014,judge_4,Ambiguous,Ambiguous,Ambiguous,True,True,True,False,False,True,False,False,False,False,False,22,False
SA-000014,judge_5,Ambiguous,Ambiguous,Ambiguous,True,True,True,False,False,True,False,False,False,False,False,18,False
SA-000015,judge_1,Ambiguous,Ambiguous,Ambiguous,True,True,True,False,False,True,False,False,False,False,False,12,False
SA-000015,judge_2,Ambiguous,Ambiguous,Ambiguous,True,True,True,False,False,True,False,False,False,False,False,19,False
SA-000015,judge_3,Refuted,Ambiguous,Ambiguous,False,True,True,False,False,True,False,False,True,False,True,-19,False
SA-000015,judge_4,Ambiguous,Ambiguous,Ambiguous,True,True,True,False,False,True,False,False,False,False,False,16,False
SA-000015,judge_5,Ambiguous,Ambiguous,Ambiguous,True,True,True,False,False,True,False,False,False,False,False,24,False
SA-000016,judge_1,Ambiguous,Supported,Supported,True,False,False,True,False,False,False,False,True,False,True,24,True
SA-000016,judge_2,Supported,Supported,Supported,False,False,False,False,False,False,False,False,False,False,False,4,False
SA-000016,judge_3,Supported,Supported,Supported,False,False,False,False,False,False,False,False,False,False,False,14,False
SA-000016,judge_4,Supported,Supported,Supported,False,False,False,False,False,False,False,False,False,False,False,12,False
SA-000016,judge_5,Ambiguous,Supported,Supported,True,False,False,True,False,False,False,False,True,False,True,51,True
SA-000017,judge_1,Supported,Supported,Supported,False,False,False,False,False,False,False,False,False,False,False,-1,False
SA-000017,judge_2,Supported,Supported,Supported,False,False,False,False,False,False,False,False,False,False,False,-2,False
SA-000017,judge_3,Supported,Supported,Supported,False,False,False,False,False,False,False,False,False,False,False,1,False
SA-000017,judge_4,Supported,Supported,Supported,False,False,False,False,False,False,False,False,False,False,False,0,False
SA-000017,judge_5,Supported,Supported,Supported,False,False,False,False,False,False,False,False,False,False,False,0,False
SA-000018,judge_1,Refuted,Refuted,Refuted,False,False,False,False,False,False,False,False,False,False,False,-1,False
SA-000018,judge_2,Refuted,Refuted,Refuted,False,False,False,False,False,False,False,False,False,False,False,-1,False
SA-000018,judge_3,Refuted,Refuted,Refuted,False,False,False,False,False,False,False,False,False,False,False,1,False
SA-000018,judge_4,Refuted,Refuted,Refuted,False,False,False,False,False,False,False,False,False,False,False,-1,False
SA-000018,judge_5,Refuted,Refuted,Refuted,False,False,False,False,False,False,False,False,False,False,False,0,False
SA-000019,judge_1,Refuted,Refuted,Refuted,False,False,False,False,False,False,False,False,False,False,False,11,True
SA-000019,judge_2,Refuted,Refuted,Refuted,False,False,False,False,False,False,False,False,False,False,False,9,True
SA-000019,judge_3,Refuted,Refuted,Refuted,False,False,False,False,False,False,False,False,False,False,False,9,True
SA-000019,judge_4,Refuted,Refuted,Refuted,False,False,False,False,False,False,False,False,False,False,False,10,True
SA-000019,judge_5,Refuted,Refuted,Refuted,False,False,False,False,False,False,False,False,False,False,False,10,True
SA-000020,judge_1,Refuted,Refuted,Refuted,False,False,False,False,False,False,False,False,False,False,False,-2,False
SA-000020,judge_2,Refuted,Refuted,Refuted,False,False,False,False,False,False,False,False,False,False,False,-2,False
SA-000020,judge_3,Refuted,Refuted,Refuted,False,False,False,False,False,False,False,False,False,False,False,0,False
SA-000020,judge_4,Refuted,Refuted,Refuted,False,False,False,False,False,False,False,False,False,False,False,-2,False
SA-000020,judge_5,Refuted,Refuted,Refuted,False,False,False,False,False,False,False,False,False,False,False,0,False
SA-000021,judge_1,Refuted,Refuted,Refuted,False,False,False,False,False,False,False,False,False,False,False,8,True
SA-000021,judge_2,Refuted,Refuted,Refuted,False,False,False,False,False,False,False,False,False,False,False,4,True
SA-000021,judge_3,Refuted,Refuted,Refuted,False,False,False,False,False,False,False,False,False,False,False,14,True
SA-000021,judge_4,Refuted,Ambiguous,Refuted,False,True,False,False,True,False,False,False,True,True,False,-2,False
SA-000021,judge_5,Refuted,Refuted,Refuted,False,False,False,False,False,False,False,False,False,False,False,4,False
SA-000022,judge_1,Refuted,Refuted,Refuted,False,False,False,False,False,False,False,False,False,False,False,0,False
SA-000022,judge_2,Refuted,Refuted,Refuted,False,False,False,False,False,False,False,False,False,False,False,-1,False
SA-000022,judge_3,Refuted,Refuted,Refuted,False,False,False,False,False,False,False,False,False,False,False,1,False
SA-000022,judge_4,Refuted,Refuted,Refuted,False,False,False,False,False,False,False,False,False,False,False,-2,False
SA-000022,judge_5,Refuted,Refuted,Refuted,False,False,False,False,False,False,False,False,False,False,False,0,False
SA-000023,judge_1,Supported,Supported,Supported,False,False,False,False,False,False,False,False,False,False,False,-1,False
SA-000023,judge_2,Supported,Supported,Supported,False,False,False,False,False,False,False,False,False,False,False,0,False
SA-000023,judge_3,Supported,Supported,Supported,False,False,False,False,False,False,False,False,False,False,False,1,False
SA-000023,judge_4,Supported,Supported,Supported,False,False,False,False,False,False,False,False,False,False,False,-1,False
SA-000023,judge_5,Supported,Supported,Supported,False,False,False,False,False,False,False,False,False,False,False,0,False
SA-000024,judge_1,Supported,Supported,Supported,False,False,False,False,False,False,False,False,False,False,False,2,False
SA-000024,judge_2,Supported,Supported,Supported,False,False,False,False,False,False,False,False,False,False,False,4,False
SA-000024,judge_3,Supported,Supported,Supported,False,False,False,False,False,False,False,False,False,False,False,4,False
SA-000024,judge_4,Supported,Supported,Supported,False,False,False,False,False,False,False,False,False,False,False,6,False
SA-000024,judge_5,Supported,Supported,Supported,False,False,False,False,False,False,False,False,False,False,False,4,False
SA-000025,judge_1,Refuted,Refuted,Refuted,False,False,False,False,False,False,False,False,False,False,False,1,False
SA-000025,judge_2,Refuted,Refuted,Refuted,False,False,False,False,False,False,False,False,False,False,False,-4,False
SA-000025,judge_3,Refuted,Refuted,Refuted,False,False,False,False,False,False,False,False,False,False,False,6,True
SA-000025,judge_4,Refuted,Refuted,Refuted,False,False,False,False,False,False,False,False,False,False,False,-6,False
SA-000025,judge_5,Refuted,Refuted,Refuted,False,False,False,False,False,False,False,False,False,False,False,-2,False
SA-000026,judge_1,Ambiguous,Ambiguous,Refuted,True,True,False,False,True,False,False,False,False,True,True,24,True
SA-000026,judge_2,Ambiguous,Ambiguous,Ambiguous,True,True,True,False,False,True,False,False,False,False,False,2,False
SA-000026,judge_3,Refuted,Ambiguous,Ambiguous,False,True,True,False,False,True,False,False,True,False,True,-18,False
SA-000026,judge_4,Ambiguous,Ambiguous,Refuted,True,True,False,False,True,False,False,False,False,True,True,18,True
SA-000026,judge_5,Ambiguous,Ambiguous,Refuted,True,True,False,False,True,False,False,False,False,True,True,34,True
SA-000027,judge_1,Supported,Supported,Supported,False,False,False,False,False,False,False,False,False,False,False,0,False
SA-000027,judge_2,Supported,Supported,Supported,False,False,False,False,False,False,False,False,False,False,False,0,False
SA-000027,judge_3,Supported,Supported,Supported,False,False,False,False,False,False,False,False,False,False,False,0,False
SA-000027,judge_4,Supported,Supported,Supported,False,False,False,False,False,False,False,False,False,False,False,-6,False
SA-000027,judge_5,Supported,Supported,Supported,False,False,False,False,False,False,False,False,False,False,False,-2,False
SA-000028,judge_1,Refuted,Refuted,Refuted,False,False,False,False,False,False,False,False,False,False,False,-1,False
SA-000028,judge_2,Refuted,Refuted,Refuted,False,False,False,False,False,False,False,False,False,False,False,0,False
SA-000028,judge_3,Refuted,Refuted,Refuted,False,False,False,False,False,False,False,False,False,False,False,1,False
SA-000028,judge_4,Refuted,Refuted,Refuted,False,False,False,False,False,False,False,False,False,False,False,-1,False
SA-000028,judge_5,Refuted,Refuted,Refuted,False,False,False,False,False,False,False,False,False,False,False,2,False
SA-000029,judge_1,Refuted,Refuted,Refuted,False,False,False,False,False,False,False,False,False,False,False,9,True
SA-000029,judge_2,Refuted,Refuted,Refuted,False,False,False,False,False,False,False,False,False,False,False,8,True
SA-000029,judge_3,Refuted,Refuted,Refuted,False,False,False,False,False,False,False,False,False,False,False,6,False
SA-000029,judge_4,Refuted,Refuted,Refuted,False,False,False,False,False,False,False,False,False,False,False,3,False
SA-000029,judge_5,Refuted,Refuted,Refuted,False,False,False,False,False,False,False,False,False,False,False,6,False
SA-000030,judge_1,Refuted,Refuted,Refuted,False,False,False,False,False,False,False,False,False,False,False,-5,False
SA-000030,judge_2,Refuted,Refuted,Refuted,False,False,False,False,False,False,False,False,False,False,False,-12,False
SA-000030,judge_3,Refuted,Refuted,Refuted,False,False,False,False,False,False,False,False,False,False,False,-6,False
SA-000030,judge_4,Refuted,Refuted,Ambiguous,False,False,True,False,False,True,False,False,False,True,True,-26,False
SA-000030,judge_5,Refuted,Refuted,Refuted,False,False,False,False,False,False,False,False,False,False,False,-2,False
SA-000031,judge_1,Supported,Supported,Supported,False,False,False,False,False,False,False,False,False,False,False,-1,False
SA-000031,judge_2,Supported,Supported,Supported,False,False,False,False,False,False,False,False,False,False,False,-1,False
SA-000031,judge_3,Supported,Supported,Supported,False,False,False,False,False,False,False,False,False,False,False,1,False
SA-000031,judge_4,Supported,Supported,Supported,False,False,False,False,False,False,False,False,False,False,False,0,False
SA-000031,judge_5,Supported,Supported,Supported,False,False,False,False,False,False,False,False,False,False,False,2,False
SA-000032,judge_1,Refuted,Refuted,Refuted,False,False,False,False,False,False,False,False,False,False,False,4,True
SA-000032,judge_2,Refuted,Refuted,Refuted,False,False,False,False,False,False,False,False,False,False,False,1,False
SA-000032,judge_3,Refuted,Refuted,Refuted,False,False,False,False,False,False,False,False,False,False,False,2,False
SA-000032,judge_4,Refuted,Refuted,Refuted,False,False,False,False,False,False,False,False,False,False,False,1,False
SA-000032,judge_5,Refuted,Refuted,Refuted,False,False,False,False,False,False,False,False,False,False,False,2,False
SA-000033,judge_1,Refuted,Refuted,Refuted,False,False,False,False,False,False,False,False,False,False,False,1,False
SA-000033,judge_2,Refuted,Refuted,Refuted,False,False,False,False,False,False,False,False,False,False,False,-8,False
SA-000033,judge_3,Refuted,Refuted,Refuted,False,False,False,False,False,False,False,False,False,False,False,0,False
SA-000033,judge_4,Refuted,Refuted,Refuted,False,False,False,False,False,False,False,False,False,False,False,-8,False
SA-000033,judge_5,Refuted,Refuted,Refuted,False,False,False,False,False,False,False,False,False,False,False,0,False
SA-000034,judge_1,Ambiguous,Ambiguous,Ambiguous,True,True,True,False,False,True,False,False,False,False,False,15,False
SA-000034,judge_2,Ambiguous,Ambiguous,Ambiguous,True,True,True,False,False,True,False,False,False,False,False,-7,False
SA-000034,judge_3,Supported,Ambiguous,Ambiguous,False,True,True,False,False,True,False,False,True,False,True,-32,False
SA-000034,judge_4,Ambiguous,Ambiguous,Ambiguous,True,True,True,False,False,True,False,False,False,False,False,7,False
SA-000034,judge_5,Ambiguous,Ambiguous,Ambiguous,True,True,True,False,False,True,False,False,False,False,False,2,False
SA-000035,judge_1,Refuted,Refuted,Refuted,False,False,False,False,False,False,False,False,False,False,False,-2,False
SA-000035,judge_2,Refuted,Refuted,Refuted,False,False,False,False,False,False,False,False,False,False,False,-1,False
SA-000035,judge_3,Refuted,Refuted,Refuted,False,False,False,False,False,False,False,False,False,False,False,-1,False
SA-000035,judge_4,Refuted,Refuted,Refuted,False,False,False,False,False,False,False,False,False,False,False,-2,False
SA-000035,judge_5,Refuted,Refuted,Refuted,False,False,False,False,False,False,False,False,False,False,False,0,False
SA-000036,judge_1,Ambiguous,Supported,Supported,True,False,False,True,False,False,False,False,True,False,True,32,True
SA-000036,judge_2,Supported,Supported,Supported,False,False,False,False,False,False,False,False,False,False,False,-6,False
SA-000036,judge_3,Supported,Supported,Supported,False,False,False,False,False,False,False,False,False,False,False,2,False
SA-000036,judge_4,Ambiguous,Ambiguous,Supported,True,True,False,False,True,False,False,False,False,True,True,25,True
SA-000036,judge_5,Supported,Supported,Supported,False,False,False,False,False,False,False,False,False,False,False,0,False
SA-000037,judge_1,Refuted,Refuted,Refuted,False,False,False,False,False,False,False,False,False,False,False,0,False
SA-000037,judge_2,Refuted,Refuted,Refuted,False,False,False,False,False,False,False,False,False,False,False,0,False
SA-000037,judge_3,Refuted,Refuted,Refuted,False,False,False,False,False,False,False,False,False,False,False,1,False
SA-000037,judge_4,Refuted,Refuted,Refuted,False,False,False,False,False,False,False,False,False,False,False,-1,False
SA-000037,judge_5,Refuted,Refuted,Refuted,False,False,False,False,False,False,False,False,False,False,False,1,False
SA-000038,judge_1,Supported,Supported,Supported,False,False,False,False,False,False,False,False,False,False,False,17,True
SA-000038,judge_2,Supported,Supported,Supported,False,False,False,False,False,False,False,False,False,False,False,10,True
SA-000038,judge_3,Supported,Supported,Supported,False,False,False,False,False,False,False,False,False,False,False,15,True
SA-000038,judge_4,Supported,Supported,Supported,False,False,False,False,False,False,False,False,False,False,False,16,True
SA-000038,judge_5,Supported,Supported,Supported,False,False,False,False,False,False,False,False,False,False,False,18,True
SA-000039,judge_1,Refuted,Refuted,Refuted,False,False,False,False,False,False,False,False,False,False,False,5,True
SA-000039,judge_2,Refuted,Refuted,Refuted,False,False,False,False,False,False,False,False,False,False,False,6,True
SA-000039,judge_3,Refuted,Refuted,Refuted,False,False,False,False,False,False,False,False,False,False,False,5,False
SA-000039,judge_4,Refuted,Refuted,Refuted,False,False,False,False,False,False,False,False,False,False,False,5,False
SA-000039,judge_5,Refuted,Refuted,Refuted,False,False,False,False,False,False,False,False,False,False,False,5,False
SA-000040,judge_1,Refuted,Refuted,Refuted,False,False,False,False,False,False,False,False,False,False,False,-1,False
SA-000040,judge_2,Refuted,Refuted,Refuted,False,False,False,False,False,False,False,False,False,False,False,-3,False
SA-000040,judge_3,Refuted,Refuted,Refuted,False,False,False,False,False,False,False,False,False,False,False,2,False
SA-000040,judge_4,Refuted,Refuted,Refuted,False,False,False,False,False,False,False,False,False,False,False,-2,False
SA-000040,judge_5,Refuted,Refuted,Refuted,False,False,False,False,False,False,False,False,False,False,False,1,False
SA-000041,judge_1,Refuted,Refuted,Refuted,False,False,False,False,False,False,False,False,False,False,False,10,False
SA-000041,judge_2,Refuted,Ambiguous,Refuted,False,True,False,False,True,False,False,False,True,True,False,-2,False
SA-000041,judge_3,Refuted,Ambiguous,Refuted,False,True,False,False,True,False,False,False,True,True,False,2,False
SA-000041,judge_4,Ambiguous,Refuted,Refuted,True,False,False,True,False,False,False,False,True,False,True,28,True
SA-000041,judge_5,Refuted,Refuted,Refuted,False,False,False,False,False,False,False,False,False,False,False,8,False
SA-000042,judge_1,Refuted,Refuted,Refuted,False,False,False,False,False,False,False,False,False,False,False,-2,False
SA-000042,judge_2,Refuted,Refuted,Refuted,False,False,False,False,False,False,False,False,False,False,False,-3,False
SA-000042,judge_3,Refuted,Refuted,Refuted,False,False,False,False,False,False,False,False,False,False,False,2,False
SA-000042,judge_4,Refuted,Refuted,Refuted,False,False,False,False,False,False,False,False,False,False,False,-5,False
SA-000042,judge_5,Refuted,Refuted,Refuted,False,False,False,False,False,False,False,False,False,False,False,1,False
SA-000043,judge_1,Ambiguous,Ambiguous,Refuted,True,True,False,False,True,False,False,False,False,True,True,24,True
SA-000043,judge_2,Ambiguous,Ambiguous,Ambiguous,True,True,True,False,False,True,False,False,False,False,False,14,False
SA-000043,judge_3,Refuted,Refuted,Ambiguous,False,False,True,False,False,True,False,False,False,True,True,-28,False
SA-000043,judge_4,Ambiguous,Ambiguous,Ambiguous,True,True,True,False,False,True,False,False,False,False,False,12,False
SA-000043,judge_5,Ambiguous,Ambiguous,Ambiguous,True,True,True,False,False,True,False,False,False,False,False,18,False
SA-000044,judge_1,Ambiguous,Ambiguous,Ambiguous,True,True,True,False,False,True,False,False,False,False,False,12,False
SA-000044,judge_2,Ambiguous,Ambiguous,Ambiguous,True,True,True,False,False,True,False,False,False,False,False,2,False
SA-000044,judge_3,Ambiguous,Ambiguous,Ambiguous,True,True,True,False,False,True,False,False,False,False,False,8,True
SA-000044,judge_4,Ambiguous,Ambiguous,Ambiguous,True,True,True,False,False,True,False,False,False,False,False,12,False
SA-000044,judge_5,Ambiguous,Ambiguous,Ambiguous,True,True,True,False,False,True,False,False,False,False,False,3,False
SA-000045,judge_1,Supported,Supported,Supported,False,False,False,False,False,False,False,False,False,False,False,3,False
SA-000045,judge_2,Supported,Supported,Supported,False,False,False,False,False,False,False,False,False,False,False,-1,False
SA-000045,judge_3,Supported,Supported,Supported,False,False,False,False,False,False,False,False,False,False,False,-3,False
SA-000045,judge_4,Supported,Supported,Supported,False,False,False,False,False,False,False,False,False,False,False,-6,False
SA-000045,judge_5,Supported,Supported,Supported,False,False,False,False,False,False,False,False,False,False,False,2,False
SA-000046,judge_1,Ambiguous,Ambiguous,Ambiguous,True,True,True,False,False,True,False,False,False,False,False,-6,False
SA-000046,judge_2,Ambiguous,Ambiguous,Ambiguous,True,True,True,False,False,True,False,False,False,False,False,12,True
SA-000046,judge_3,Refuted,Ambiguous,Ambiguous,False,True,True,False,False,True,False,False,True,False,True,-38,False
SA-000046,judge_4,Ambiguous,Ambiguous,Ambiguous,True,True,True,False,False,True,False,False,False,False,False,16,False
SA-000046,judge_5,Refuted,Ambiguous,Ambiguous,False,True,True,False,False,True,False,False,True,False,True,-26,False
SA-000047,judge_1,Refuted,Refuted,Refuted,False,False,False,False,False,False,False,False,False,False,False,-2,False
SA-000047,judge_2,Refuted,Refuted,Refuted,False,False,False,False,False,False,False,False,False,False,False,-1,False
SA-000047,judge_3,Refuted,Refuted,Refuted,False,False,False,False,False,False,False,False,False,False,False,2,False
SA-000047,judge_4,Refuted,Refuted,Refuted,False,False,False,False,False,False,False,False,False,False,False,-3,False
SA-000047,judge_5,Refuted,Refuted,Refuted,False,False,False,False,False,False,False,False,False,False,False,1,False
SA-000048,judge_1,Refuted,Refuted,Refuted,False,False,False,False,False,False,False,False,False,False,False,-1,False
SA-000048,judge_2,Refuted,Refuted,Refuted,False,False,False,False,False,False,False,False,False,False,False,0,False
SA-000048,judge_3,Refuted,Refuted,Refuted,False,False,False,False,False,False,False,False,False,False,False,1,False
SA-000048,judge_4,Refuted,Refuted,Refuted,False,False,False,False,False,False,False,False,False,False,False,-2,False
SA-000048,judge_5,Refuted,Refuted,Refuted,False,False,False,False,False,False,False,False,False,False,False,1,False
SA-000049,judge_1,Supported,Supported,Supported,False,False,False,False,False,False,False,False,False,False,False,6,True
SA-000049,judge_2,Supported,Supported,Supported,False,False,False,False,False,False,False,False,False,False,False,6,True
SA-000049,judge_3,Supported,Supported,Supported,False,False,False,False,False,False,False,False,False,False,False,10,True
SA-000049,judge_4,Supported,Supported,Supported,False,False,False,False,False,False,False,False,False,False,False,11,True
SA-000049,judge_5,Supported,Supported,Supported,False,False,False,False,False,False,False,False,False,False,False,10,True
SA-000050,judge_1,Supported,Supported,Supported,False,False,False,False,False,False,False,False,False,False,False,-1,False
SA-000050,judge_2,Supported,Supported,Supported,False,False,False,False,False,False,False,False,False,False,False,-6,False
SA-000050,judge_3,Supported,Supported,Supported,False,False,False,False,False,False,False,False,False,False,False,-4,False
SA-000050,judge_4,Supported,Supported,Supported,False,False,False,False,False,False,False,False,False,False,False,-7,False
SA-000050,judge_5,Supported,Supported,Supported,False,False,False,False,False,False,False,False,False,False,False,1,False
SA-000051,judge_1,Ambiguous,Ambiguous,Supported,True,True,False,False,True,False,False,False,False,True,True,27,True
SA-000051,judge_2,Ambiguous,Ambiguous,Supported,True,True,False,False,True,False,False,False,False,True,True,34,True
SA-000051,judge_3,Ambiguous,Ambiguous,Supported,True,True,False,False,True,False,False,False,False,True,True,36,True
SA-000051,judge_4,Ambiguous,Ambiguous,Supported,True,True,False,False,True,False,False,False,False,True,True,32,True
SA-000051,judge_5,Ambiguous,Ambiguous,Supported,True,True,False,False,True,False,False,False,False,True,True,36,True
SA-000052,judge_1,Ambiguous,Ambiguous,Ambiguous,True,True,True,False,False,True,False,False,False,False,False,11,False
SA-000052,judge_2,Ambiguous,Ambiguous,Ambiguous,True,True,True,False,False,True,False,False,False,False,False,10,False
SA-000052,judge_3,Ambiguous,Ambiguous,Ambiguous,True,True,True,False,False,True,False,False,False,False,False,8,False
SA-000052,judge_4,Ambiguous,Ambiguous,Ambiguous,True,True,True,False,False,True,False,False,False,False,False,13,False
SA-000052,judge_5,Ambiguous,Ambiguous,Ambiguous,True,True,True,False,False,True,False,False,False,False,False,6,False
SA-000053,judge_1,Refuted,Refuted,Refuted,False,False,False,False,False,False,False,False,False,False,False,0,False
SA-000053,judge_2,Refuted,Refuted,Refuted,False,False,False,False,False,False,False,False,False,False,False,-3,False
SA-000053,judge_3,Refuted,Refuted,Refuted,False,False,False,False,False,False,False,False,False,False,False,1,False
SA-000053,judge_4,Refuted,Refuted,Refuted,False,False,False,False,False,False,False,False,False,False,False,-5,False
SA-000053,judge_5,Refuted,Refuted,Refuted,False,False,False,False,False,False,False,False,False,False,False,-1,False
SA-000054,judge_1,Ambiguous,Ambiguous,Supported,True,True,False,False,True,False,False,False,False,True,True,32,True
SA-000054,judge_2,Ambiguous,Ambiguous,Supported,True,True,False,False,True,False,False,False,False,True,True,34,True
SA-000054,judge_3,Ambiguous,Ambiguous,Supported,True,True,False,False,True,False,False,False,False,True,True,44,True
SA-000054,judge_4,Ambiguous,Ambiguous,Supported,True,True,False,False,True,False,False,False,False,True,True,31,True
SA-000054,judge_5,Ambiguous,Ambiguous,Supported,True,True,False,False,True,False,False,False,False,True,True,35,True
SA-000055,judge_1,Supported,Supported,Supported,False,False,False,False,False,False,False,False,False,False,False,6,False
SA-000055,judge_2,Supported,Supported,Supported,False,False,False,False,False,False,False,False,False,False,False,2,False
SA-000055,judge_3,Supported,Supported,Supported,False,False,False,False,False,False,False,False,False,False,False,4,False
SA-000055,judge_4,Supported,Supported,Supported,False,False,False,False,False,False,False,False,False,False,False,1,False
SA-000055,judge_5,Supported,Supported,Supported,False,False,False,False,False,False,False,False,False,False,False,8,False
SA-000056,judge_1,Ambiguous,Ambiguous,Refuted,True,True,False,False,True,False,False,False,False,True,True,25,True
SA-000056,judge_2,Ambiguous,Ambiguous,Ambiguous,True,True,True,False,False,True,False,False,False,False,False,2,False
SA-000056,judge_3,Refuted,Ambiguous,Ambiguous,False,True,True,False,False,True,False,False,True,False,True,-28,False
SA-000056,judge_4,Ambiguous,Ambiguous,Refuted,True,True,False,False,True,False,False,False,False,True,True,26,True
SA-000056,judge_5,Refuted,Ambiguous,Refuted,False,True,False,False,True,False,False,False,True,True,False,-4,False
SA-000057,judge_1,Refuted,Refuted,Refuted,False,False,False,False,False,False,False,False,False,False,False,1,False
SA-000057,judge_2,Refuted,Refuted,Refuted,False,False,False,False,False,False,False,False,False,False,False,-1,False
SA-000057,judge_3,Refuted,Refuted,Refuted,False,False,False,False,False,False,False,False,False,False,False,-1,False
SA-000057,judge_4,Refuted,Refuted,Refuted,False,False,False,False,False,False,False,False,False,False,False,1,False
SA-000057,judge_5,Refuted,Refuted,Refuted,False,False,False,False,False,False,False,False,False,False,False,3,False
SA-000058,judge_1,Supported,Ambiguous,Ambiguous,False,True,True,False,False,True,False,False,True,False,True,-9,False
SA-000058,judge_2,Supported,Ambiguous,Supported,False,True,False,False,True,False,False,False,True,True,False,2,False
SA-000058,judge_3,Supported,Ambiguous,Ambiguous,False,True,True,False,False,True,False,False,True,False,True,-18,False
SA-000058,judge_4,Supported,Ambiguous,Ambiguous,False,True,True,False,False,True,False,False,True,False,True,-21,False
SA-000058,judge_5,Supported,Ambiguous,Ambiguous,False,True,True,False,False,True,False,False,True,False,True,-18,False
SA-000059,judge_1,Ambiguous,Ambiguous,Ambiguous,True,True,True,False,False,True,False,False,False,False,False,11,False
SA-000059,judge_2,Ambiguous,Ambiguous,Ambiguous,True,True,True,False,False,True,False,False,False,False,False,4,False
SA-000059,judge_3,Ambiguous,Ambiguous,Ambiguous,True,True,True,False,False,True,False,False,False,False,False,0,False
SA-000059,judge_4,Ambiguous,Ambiguous,Ambiguous,True,True,True,False,False,True,False,False,False,False,False,12,False
SA-000059,judge_5,Ambiguous,Ambiguous,Ambiguous,True,True,True,False,False,True,False,False,False,False,False,6,False
SA-000060,judge_1,Refuted,Refuted,Refuted,False,False,False,False,False,False,False,False,False,False,False,4,True
SA-000060,judge_2,Refuted,Refuted,Refuted,False,False,False,False,False,False,False,False,False,False,False,0,False
SA-000060,judge_3,Refuted,Refuted,Refuted,False,False,False,False,False,False,False,False,False,False,False,4,True
SA-000060,judge_4,Refuted,Refuted,Refuted,False,False,False,False,False,False,False,False,False,False,False,0,False
SA-000060,judge_5,Refuted,Refuted,Refuted,False,False,False,False,False,False,False,False,False,False,False,0,False
SA-000061,judge_1,Refuted,Refuted,Refuted,False,False,False,False,False,False,False,False,False,False,False,-1,False
SA-000061,judge_2,Refuted,Refuted,Refuted,False,False,False,False,False,False,False,False,False,False,False,-1,False
SA-000061,judge_3,Refuted,Refuted,Refuted,False,False,False,False,False,False,False,False,False,False,False,1,False
SA-000061,judge_4,Refuted,Refuted,Refuted,False,False,False,False,False,False,False,False,False,False,False,-3,False
SA-000061,judge_5,Refuted,Refuted,Refuted,False,False,False,False,False,False,False,False,False,False,False,1,False
SA-000062,judge_1,Ambiguous,Ambiguous,Ambiguous,True,True,True,False,False,True,False,False,False,False,False,18,False
SA-000062,judge_2,Ambiguous,Ambiguous,Supported,True,True,False,False,True,False,False,False,False,True,True,34,True
SA-000062,judge_3,Ambiguous,Ambiguous,Supported,True,True,False,False,True,False,False,False,False,True,True,41,True
SA-000062,judge_4,Ambiguous,Ambiguous,Supported,True,True,False,False,True,False,False,False,False,True,True,30,True
SA-000062,judge_5,Ambiguous,Ambiguous,Supported,True,True,False,False,True,False,False,False,False,True,True,28,True
SA-000063,judge_1,Supported,Supported,Supported,False,False,False,False,False,False,False,False,False,False,False,6,True
SA-000063,judge_2,Supported,Supported,Supported,False,False,False,False,False,False,False,False,False,False,False,4,True
SA-000063,judge_3,Supported,Supported,Supported,False,False,False,False,False,False,False,False,False,False,False,6,True
SA-000063,judge_4,Supported,Supported,Supported,False,False,False,False,False,False,False,False,False,False,False,10,True
SA-000063,judge_5,Supported,Supported,Supported,False,False,False,False,False,False,False,False,False,False,False,11,True
SA-000064,judge_1,Ambiguous,Ambiguous,Ambiguous,True,True,True,False,False,True,False,False,False,False,False,17,True
SA-000064,judge_2,Ambiguous,Ambiguous,Ambiguous,True,True,True,False,False,True,False,False,False,False,False,15,False
SA-000064,judge_3,Ambiguous,Ambiguous,Ambiguous,True,True,True,False,False,True,False,False,False,False,False,8,True
SA-000064,judge_4,Ambiguous,Ambiguous,Ambiguous,True,True,True,False,False,True,False,False,False,False,False,16,True
SA-000064,judge_5,Ambiguous,Ambiguous,Ambiguous,True,True,True,False,False,True,False,False,False,False,False,6,False
SA-000065,judge_1,Supported,Supported,Supported,False,False,False,False,False,False,False,False,False,False,False,22,True
SA-000065,judge_2,Supported,Supported,Supported,False,False,False,False,False,False,False,False,False,False,False,13,True
SA-000065,judge_3,Supported,Supported,Supported,False,False,False,False,False,False,False,False,False,False,False,24,True
SA-000065,judge_4,Supported,Supported,Supported,False,False,False,False,False,False,False,False,False,False,False,21,True
SA-000065,judge_5,Ambiguous,Supported,Supported,True,False,False,True,False,False,False,False,True,False,True,58,True
SA-000066,judge_1,Supported,Supported,Supported,False,False,False,False,False,False,False,False,False,False,False,3,False
SA-000066,judge_2,Supported,Supported,Supported,False,False,False,False,False,False,False,False,False,False,False,-2,False
SA-000066,judge_3,Supported,Supported,Supported,False,False,False,False,False,False,False,False,False,False,False,2,False
SA-000066,judge_4,Supported,Supported,Supported,False,False,False,False,False,False,False,False,False,False,False,-4,False
SA-000066,judge_5,Supported,Supported,Supported,False,False,False,False,False,False,False,False,False,False,False,-2,False
SA-000067,judge_1,Refuted,Refuted,Refuted,False,False,False,False,False,False,False,False,False,False,False,0,False
SA-000067,judge_2,Refuted,Refuted,Refuted,False,False,False,False,False,False,False,False,False,False,False,0,False
SA-000067,judge_3,Refuted,Refuted,Refuted,False,False,False,False,False,False,False,False,False,False,False,3,False
SA-000067,judge_4,Refuted,Refuted,Refuted,False,False,False,False,False,False,False,False,False,False,False,0,False
SA-000067,judge_5,Refuted,Refuted,Refuted,False,False,False,False,False,False,False,False,False,False,False,2,False
SA-000068,judge_1,Supported,Supported,Supported,False,False,False,False,False,False,False,False,False,False,False,10,True
SA-000068,judge_2,Supported,Supported,Supported,False,False,False,False,False,False,False,False,False,False,False,6,True
SA-000068,judge_3,Supported,Supported,Supported,False,False,False,False,False,False,False,False,False,False,False,10,True
SA-000068,judge_4,Supported,Supported,Supported,False,False,False,False,False,False,False,False,False,False,False,11,True
SA-000068,judge_5,Supported,Supported,Supported,False,False,False,False,False,False,False,False,False,False,False,16,True
SA-000069,judge_1,Refuted,Refuted,Refuted,False,False,False,False,False,False,False,False,False,False,False,-1,False
SA-000069,judge_2,Refuted,Refuted,Refuted,False,False,False,False,False,False,False,False,False,False,False,-1,False
SA-000069,judge_3,Refuted,Refuted,Refuted,False,False,False,False,False,False,False,False,False,False,False,1,False
SA-000069,judge_4,Refuted,Refuted,Refuted,False,False,False,False,False,False,False,False,False,False,False,-2,False
SA-000069,judge_5,Refuted,Refuted,Refuted,False,False,False,False,False,False,False,False,False,False,False,3,False
SA-000070,judge_1,Refuted,Refuted,Refuted,False,False,False,False,False,False,False,False,False,False,False,1,False
SA-000070,judge_2,Refuted,Refuted,Refuted,False,False,False,False,False,False,False,False,False,False,False,-3,False
SA-000070,judge_3,Refuted,Refuted,Refuted,False,False,False,False,False,False,False,False,False,False,False,1,False
SA-000070,judge_4,Refuted,Refuted,Refuted,False,False,False,False,False,False,False,False,False,False,False,0,False
SA-000070,judge_5,Refuted,Refuted,Refuted,False,False,False,False,False,False,False,False,False,False,False,5,False
SA-000071,judge_1,Refuted,Refuted,Refuted,False,False,False,False,False,False,False,False,False,False,False,1,False
SA-000071,judge_2,Refuted,Refuted,Refuted,False,False,False,False,False,False,False,False,False,False,False,-3,False
SA-000071,judge_3,Refuted,Refuted,Refuted,False,False,False,False,False,False,False,False,False,False,False,2,False
SA-000071,judge_4,Refuted,Refuted,Refuted,False,False,False,False,False,False,False,False,False,False,False,-1,False
SA-000071,judge_5,Refuted,Refuted,Refuted,False,False,False,False,False,False,False,False,False,False,False,1,False
SA-000072,judge_1,Refuted,Refuted,Refuted,False,False,False,False,False,False,False,False,False,False,False,-4,False
SA-000072,judge_2,Refuted,Refuted,Refuted,False,False,False,False,False,False,False,False,False,False,False,-6,False
SA-000072,judge_3,Refuted,Refuted,Refuted,False,False,False,False,False,False,False,False,False,False,False,4,False
SA-000072,judge_4,Refuted,Refuted,Ambiguous,False,False,True,False,False,True,False,False,False,True,True,-31,False
SA-000072,judge_5,Refuted,Ambiguous,Refuted,False,True,False,False,True,False,False,False,True,True,False,2,False
SA-000073,judge_1,Refuted,Refuted,Refuted,False,False,False,False,False,False,False,False,False,False,False,7,True
SA-000073,judge_2,Refuted,Refuted,Refuted,False,False,False,False,False,False,False,False,False,False,False,-1,False
SA-000073,judge_3,Refuted,Refuted,Refuted,False,False,False,False,False,False,False,False,False,False,False,3,False
SA-000073,judge_4,Refuted,Refuted,Refuted,False,False,False,False,False,False,False,False,False,False,False,1,False
SA-000073,judge_5,Refuted,Refuted,Refuted,False,False,False,False,False,False,False,False,False,False,False,3,False
SA-000074,judge_1,Ambiguous,Ambiguous,Ambiguous,True,True,True,False,False,True,False,False,False,False,False,12,False
SA-000074,judge_2,Ambiguous,Ambiguous,Ambiguous,True,True,True,False,False,True,False,False,False,False,False,4,False
SA-000074,judge_3,Ambiguous,Ambiguous,Ambiguous,True,True,True,False,False,True,False,False,False,False,False,0,False
SA-000074,judge_4,Ambiguous,Ambiguous,Ambiguous,True,True,True,False,False,True,False,False,False,False,False,3,False
SA-000074,judge_5,Ambiguous,Ambiguous,Ambiguous,True,True,True,False,False,True,False,False,False,False,False,-3,False
SA-000075,judge_1,Supported,Supported,Supported,False,False,False,False,False,False,False,False,False,False,False,-3,False
SA-000075,judge_2,Supported,Supported,Supported,False,False,False,False,False,False,False,False,False,False,False,-2,False
SA-000075,judge_3,Supported,Supported,Supported,False,False,False,False,False,False,False,False,False,False,False,2,False
SA-000075,judge_4,Supported,Supported,Supported,False,False,False,False,False,False,False,False,False,False,False,0,False
SA-000075,judge_5,Supported,Supported,Supported,False,False,False,False,False,False,False,False,False,False,False,4,False
SA-000076,judge_1,Supported,Supported,Supported,False,False,False,False,False,False,False,False,False,False,False,7,True
SA-000076,judge_2,Supported,Supported,Supported,False,False,False,False,False,False,False,False,False,False,False,2,False
SA-000076,judge_3,Supported,Supported,Supported,False,False,False,False,False,False,False,False,False,False,False,2,False
SA-000076,judge_4,Supported,Supported,Supported,False,False,False,False,False,False,False,False,False,False,False,4,False
SA-000076,judge_5,Supported,Supported,Supported,False,False,False,False,False,False,False,False,False,False,False,6,False
SA-000077,judge_1,Refuted,Refuted,Refuted,False,False,False,False,False,False,False,False,False,False,False,9,True
SA-000077,judge_2,Refuted,Refuted,Refuted,False,False,False,False,False,False,False,False,False,False,False,2,True
SA-000077,judge_3,Refuted,Refuted,Refuted,False,False,False,False,False,False,False,False,False,False,False,3,False
SA-000077,judge_4,Refuted,Refuted,Refuted,False,False,False,False,False,False,False,False,False,False,False,0,False
SA-000077,judge_5,Refuted,Refuted,Refuted,False,False,False,False,False,False,False,False,False,False,False,10,True
SA-000078,judge_1,Ambiguous,Ambiguous,Ambiguous,True,True,True,False,False,True,False,False,False,False,False,10,False
SA-000078,judge_2,Ambiguous,Ambiguous,Ambiguous,True,True,True,False,False,True,False,False,False,False,False,8,False
SA-000078,judge_3,Ambiguous,Ambiguous,Ambiguous,True,True,True,False,False,True,False,False,False,False,False,2,False
SA-000078,judge_4,Ambiguous,Ambiguous,Ambiguous,True,True,True,False,False,True,False,False,False,False,False,16,False
SA-000078,judge_5,Ambiguous,Ambiguous,Ambiguous,True,True,True,False,False,True,False,False,False,False,False,7,False
SA-000079,judge_1,Ambiguous,Ambiguous,Supported,True,True,False,False,True,False,False,False,False,True,True,32,True
SA-000079,judge_2,Ambiguous,Ambiguous,Supported,True,True,False,False,True,False,False,False,False,True,True,55,True
SA-000079,judge_3,Ambiguous,Ambiguous,Supported,True,True,False,False,True,False,False,False,False,True,True,60,True
SA-000079,judge_4,Ambiguous,Ambiguous,Supported,True,True,False,False,True,False,False,False,False,True,True,56,True
SA-000079,judge_5,Ambiguous,Ambiguous,Supported,True,True,False,False,True,False,False,False,False,True,True,55,True
SA-000080,judge_1,Supported,Supported,Supported,False,False,False,False,False,False,False,False,False,False,False,7,False
SA-000080,judge_2,Supported,Supported,Supported,False,False,False,False,False,False,False,False,False,False,False,0,False
SA-000080,judge_3,Supported,Supported,Supported,False,False,False,False,False,False,False,False,False,False,False,6,False
SA-000080,judge_4,Supported,Supported,Supported,False,False,False,False,False,False,False,False,False,False,False,2,False
SA-000080,judge_5,Supported,Supported,Supported,False,False,False,False,False,False,False,False,False,False,False,6,False
SA-000081,judge_1,Supported,Supported,Supported,False,False,False,False,False,False,False,False,False,False,False,8,False
SA-000081,judge_2,Supported,Supported,Supported,False,False,False,False,False,False,False,False,False,False,False,7,False
SA-000081,judge_3,Supported,Supported,Supported,False,False,False,False,False,False,False,False,False,False,False,19,True
SA-000081,judge_4,Supported,Supported,Supported,False,False,False,False,False,False,False,False,False,False,False,8,False
SA-000081,judge_5,Supported,Supported,Supported,False,False,False,False,False,False,False,False,False,False,False,11,False
SA-000082,judge_1,Refuted,Refuted,Refuted,False,False,False,False,False,False,False,False,False,False,False,0,False
SA-000082,judge_2,Refuted,Refuted,Refuted,False,False,False,False,False,False,False,False,False,False,False,-2,False
SA-000082,judge_3,Refuted,Refuted,Refuted,False,False,False,False,False,False,False,False,False,False,False,2,False
SA-000082,judge_4,Refuted,Refuted,Refuted,False,False,False,False,False,False,False,False,False,False,False,-4,False
SA-000082,judge_5,Refuted,Refuted,Refuted,False,False,False,False,False,False,False,False,False,False,False,0,False
SA-000083,judge_1,Refuted,Refuted,Refuted,False,False,False,False,False,False,False,False,False,False,False,-4,False
SA-000083,judge_2,Refuted,Refuted,Refuted,False,False,False,False,False,False,False,False,False,False,False,0,True
SA-000083,judge_3,Refuted,Refuted,Refuted,False,False,False,False,False,False,False,False,False,False,False,-3,False
SA-000083,judge_4,Refuted,Refuted,Refuted,False,False,False,False,False,False,False,False,False,False,False,-3,False
SA-000083,judge_5,Refuted,Refuted,Refuted,False,False,False,False,False,False,False,False,False,False,False,5,True
SA-000084,judge_1,Supported,Supported,Supported,False,False,False,False,False,False,False,False,False,False,False,4,False
SA-000084,judge_2,Supported,Supported,Supported,False,False,False,False,False,False,False,False,False,False,False,0,False
SA-000084,judge_3,Supported,Supported,Supported,False,False,False,False,False,False,False,False,False,False,False,8,True
SA-000084,judge_4,Supported,Supported,Supported,False,False,False,False,False,False,False,False,False,False,False,0,False
SA-000084,judge_5,Supported,Supported,Supported,False,False,False,False,False,False,False,False,False,False,False,2,False
SA-000085,judge_1,Supported,Supported,Supported,False,False,False,False,False,False,False,False,False,False,False,-2,False
SA-000085,judge_2,Supported,Supported,Supported,False,False,False,False,False,False,False,False,False,False,False,0,False
SA-000085,judge_3,Supported,Supported,Supported,False,False,False,False,False,False,False,False,False,False,False,1,False
SA-000085,judge_4,Supported,Supported,Supported,False,False,False,False,False,False,False,False,False,False,False,-1,False
SA-000085,judge_5,Supported,Supported,Supported,False,False,False,False,False,False,False,False,False,False,False,1,False
SA-000086,judge_1,Supported,Supported,Supported,False,False,False,False,False,False,False,False,False,False,False,4,True
SA-000086,judge_2,Supported,Supported,Supported,False,False,False,False,False,False,False,False,False,False,False,-1,False
SA-000086,judge_3,Supported,Supported,Supported,False,False,False,False,False,False,False,False,False,False,False,5,True
SA-000086,judge_4,Supported,Supported,Supported,False,False,False,False,False,False,False,False,False,False,False,-1,False
SA-000086,judge_5,Supported,Supported,Supported,False,False,False,False,False,False,False,False,False,False,False,1,False
SA-000087,judge_1,Ambiguous,Ambiguous,Supported,True,True,False,False,True,False,False,False,False,True,True,16,True
SA-000087,judge_2,Ambiguous,Ambiguous,Supported,True,True,False,False,True,False,False,False,False,True,True,72,True
SA-000087,judge_3,Ambiguous,Ambiguous,Supported,True,True,False,False,True,False,False,False,False,True,True,72,True
SA-000087,judge_4,Ambiguous,Ambiguous,Supported,True,True,False,False,True,False,False,False,False,True,True,73,True
SA-000087,judge_5,Ambiguous,Ambiguous,Supported,True,True,False,False,True,False,False,False,False,True,True,73,True
SA-000088,judge_1,Supported,Supported,Supported,False,False,False,False,False,False,False,False,False,False,False,18,True
SA-000088,judge_2,Supported,Supported,Supported,False,False,False,False,False,False,False,False,False,False,False,7,True
SA-000088,judge_3,Supported,Supported,Supported,False,False,False,False,False,False,False,False,False,False,False,18,True
SA-000088,judge_4,Supported,Supported,Supported,False,False,False,False,False,False,False,False,False,False,False,15,True
SA-000088,judge_5,Supported,Supported,Supported,False,False,False,False,False,False,False,False,False,False,False,17,True
SA-000089,judge_1,Supported,Supported,Supported,False,False,False,False,False,False,False,False,False,False,False,20,True
SA-000089,judge_2,Supported,Supported,Supported,False,False,False,False,False,False,False,False,False,False,False,12,True
SA-000089,judge_3,Supported,Supported,Supported,False,False,False,False,False,False,False,False,False,False,False,21,True
SA-000089,judge_4,Supported,Supported,Supported,False,False,False,False,False,False,False,False,False,False,False,26,True
SA-000089,judge_5,Supported,Supported,Supported,False,False,False,False,False,False,False,False,False,False,False,12,True
SA-000090,judge_1,Refuted,Refuted,Refuted,False,False,False,False,False,False,False,False,False,False,False,-2,False
SA-000090,judge_2,Refuted,Refuted,Refuted,False,False,False,False,False,False,False,False,False,False,False,0,False
SA-000090,judge_3,Refuted,Refuted,Refuted,False,False,False,False,False,False,False,False,False,False,False,1,False
SA-000090,judge_4,Refuted,Refuted,Refuted,False,False,False,False,False,False,False,False,False,False,False,0,False
SA-000090,judge_5,Refuted,Refuted,Refuted,False,False,False,False,False,False,False,False,False,False,False,4,False
SA-000091,judge_1,Refuted,Refuted,Refuted,False,False,False,False,False,False,False,False,False,False,False,-1,False
SA-000091,judge_2,Refuted,Refuted,Refuted,False,False,False,False,False,False,False,False,False,False,False,-1,False
SA-000091,judge_3,Refuted,Refuted,Refuted,False,False,False,False,False,False,False,False,False,False,False,1,False
SA-000091,judge_4,Refuted,Refuted,Refuted,False,False,False,False,False,False,False,False,False,False,False,-1,False
SA-000091,judge_5,Refuted,Refuted,Refuted,False,False,False,False,False,False,False,False,False,False,False,3,False
SA-000092,judge_1,Refuted,Refuted,Refuted,False,False,False,False,False,False,False,False,False,False,False,4,True
SA-000092,judge_2,Refuted,Refuted,Refuted,False,False,False,False,False,False,False,False,False,False,False,-1,False
SA-000092,judge_3,Refuted,Refuted,Refuted,False,False,False,False,False,False,False,False,False,False,False,0,False
SA-000092,judge_4,Refuted,Refuted,Refuted,False,False,False,False,False,False,False,False,False,False,False,0,False
SA-000092,judge_5,Refuted,Refuted,Refuted,False,False,False,False,False,False,False,False,False,False,False,3,False
SA-000093,judge_1,Ambiguous,Ambiguous,Ambiguous,True,True,True,False,False,True,False,False,False,False,False,-8,False
SA-000093,judge_2,Ambiguous,Ambiguous,Ambiguous,True,True,True,False,False,True,False,False,False,False,False,18,False
SA-000093,judge_3,Ambiguous,Ambiguous,Ambiguous,True,True,True,False,False,True,False,False,False,False,False,4,False
SA-000093,judge_4,Ambiguous,Ambiguous,Ambiguous,True,True,True,False,False,True,False,False,False,False,False,52,False
SA-000093,judge_5,Ambiguous,Ambiguous,Ambiguous,True,True,True,False,False,True,False,False,False,False,False,13,False
SA-000094,judge_1,Ambiguous,Ambiguous,Ambiguous,True,True,True,False,False,True,False,False,False,False,False,10,False
SA-000094,judge_2,Ambiguous,Ambiguous,Ambiguous,True,True,True,False,False,True,False,False,False,False,False,7,False
SA-000094,judge_3,Ambiguous,Ambiguous,Ambiguous,True,True,True,False,False,True,False,False,False,False,False,4,False
SA-000094,judge_4,Ambiguous,Ambiguous,Ambiguous,True,True,True,False,False,True,False,False,False,False,False,8,False
SA-000094,judge_5,Ambiguous,Ambiguous,Ambiguous,True,True,True,False,False,True,False,False,False,False,False,4,False
SA-000095,judge_1,Refuted,Refuted,Refuted,False,False,False,False,False,False,False,False,False,False,False,1,False
SA-000095,judge_2,Refuted,Refuted,Refuted,False,False,False,False,False,False,False,False,False,False,False,-1,False
SA-000095,judge_3,Refuted,Refuted,Refuted,False,False,False,False,False,False,False,False,False,False,False,1,False
SA-000095,judge_4,Refuted,Refuted,Refuted,False,False,False,False,False,False,False,False,False,False,False,2,False
SA-000095,judge_5,Refuted,Refuted,Refuted,False,False,False,False,False,False,False,False,False,False,False,3,False
SA-000096,judge_1,Refuted,Refuted,Refuted,False,False,False,False,False,False,False,False,False,False,False,-2,False
SA-000096,judge_2,Refuted,Refuted,Refuted,False,False,False,False,False,False,False,False,False,False,False,1,False
SA-000096,judge_3,Refuted,Refuted,Refuted,False,False,False,False,False,False,False,False,False,False,False,2,False
SA-000096,judge_4,Refuted,Refuted,Refuted,False,False,False,False,False,False,False,False,False,False,False,-2,False
SA-000096,judge_5,Refuted,Refuted,Refuted,False,False,False,False,False,False,False,False,False,False,False,2,False
SA-000097,judge_1,Refuted,Refuted,Refuted,False,False,False,False,False,False,False,False,False,False,False,0,False
SA-000097,judge_2,Refuted,Refuted,Refuted,False,False,False,False,False,False,False,False,False,False,False,-2,False
SA-000097,judge_3,Refuted,Refuted,Refuted,False,False,False,False,False,False,False,False,False,False,False,2,False
SA-000097,judge_4,Refuted,Refuted,Refuted,False,False,False,False,False,False,False,False,False,False,False,-2,False
SA-000097,judge_5,Refuted,Refuted,Refuted,False,False,False,False,False,False,False,False,False,False,False,2,False
SA-000098,judge_1,Refuted,Refuted,Refuted,False,False,False,False,False,False,False,False,False,False,False,9,True
SA-000098,judge_2,Refuted,Refuted,Refuted,False,False,False,False,False,False,False,False,False,False,False,2,True
SA-000098,judge_3,Refuted,Refuted,Refuted,False,False,False,False,False,False,False,False,False,False,False,4,False
SA-000098,judge_4,Refuted,Refuted,Refuted,False,False,False,False,False,False,False,False,False,False,False,1,False
SA-000098,judge_5,Refuted,Refuted,Refuted,False,False,False,False,False,False,False,False,False,False,False,3,False
SA-000099,judge_1,Ambiguous,Ambiguous,Ambiguous,True,True,True,False,False,True,False,False,False,False,False,16,False
SA-000099,judge_2,Ambiguous,Ambiguous,Ambiguous,True,True,True,False,False,True,False,False,False,False,False,2,False
SA-000099,judge_3,Ambiguous,Ambiguous,Ambiguous,True,True,True,False,False,True,False,False,False,False,False,8,False
SA-000099,judge_4,Ambiguous,Ambiguous,Ambiguous,True,True,True,False,False,True,False,False,False,False,False,12,False
SA-000099,judge_5,Ambiguous,Ambiguous,Ambiguous,True,True,True,False,False,True,False,False,False,False,False,7,False
SA-000100,judge_1,Ambiguous,Supported,Supported,True,False,False,True,False,False,False,False,True,False,True,34,True
SA-000100,judge_2,Ambiguous,Supported,Supported,True,False,False,True,False,False,False,False,True,False,True,39,True
SA-000100,judge_3,Supported,Supported,Supported,False,False,False,False,False,False,False,False,False,False,False,16,False
SA-000100,judge_4,Ambiguous,Supported,Supported,True,False,False,True,False,False,False,False,True,False,True,40,True
SA-000100,judge_5,Supported,Supported,Supported,False,False,False,False,False,False,False,False,False,False,False,14,False
SA-000101,judge_1,Refuted,Refuted,Refuted,False,False,False,False,False,False,False,False,False,False,False,0,False
SA-000101,judge_2,Refuted,Refuted,Refuted,False,False,False,False,False,False,False,False,False,False,False,9,True
SA-000101,judge_3,Refuted,Refuted,Refuted,False,False,False,False,False,False,False,False,False,False,False,9,True
SA-000101,judge_4,Refuted,Refuted,Refuted,False,False,False,False,False,False,False,False,False,False,False,10,True
SA-000101,judge_5,Refuted,Refuted,Refuted,False,False,False,False,False,False,False,False,False,False,False,9,True
SA-000102,judge_1,Refuted,Refuted,Refuted,False,False,False,False,False,False,False,False,False,False,False,-2,False
SA-000102,judge_2,Refuted,Refuted,Refuted,False,False,False,False,False,False,False,False,False,False,False,8,True
SA-000102,judge_3,Refuted,Refuted,Refuted,False,False,False,False,False,False,False,False,False,False,False,8,True
SA-000102,judge_4,Refuted,Refuted,Refuted,False,False,False,False,False,False,False,False,False,False,False,0,False
SA-000102,judge_5,Refuted,Refuted,Refuted,False,False,False,False,False,False,False,False,False,False,False,10,False
SA-000103,judge_1,Ambiguous,Ambiguous,Ambiguous,True,True,True,False,False,True,False,False,False,False,False,2,False
SA-000103,judge_2,Ambiguous,Ambiguous,Ambiguous,True,True,True,False,False,True,False,False,False,False,False,4,False
SA-000103,judge_3,Ambiguous,Ambiguous,Ambiguous,True,True,True,False,False,True,False,False,False,False,False,4,False
SA-000103,judge_4,Ambiguous,Ambiguous,Refuted,True,True,False,False,True,False,False,False,False,True,True,0,True
SA-000103,judge_5,Ambiguous,Ambiguous,Ambiguous,True,True,True,False,False,True,False,False,False,False,False,-12,False
SA-000104,judge_1,Refuted,Refuted,Ambiguous,False,False,True,False,False,True,False,False,False,True,True,-24,False
SA-000104,judge_2,Refuted,Refuted,Refuted,False,False,False,False,False,False,False,False,False,False,False,4,True
SA-000104,judge_3,Refuted,Refuted,Refuted,False,False,False,False,False,False,False,False,False,False,False,2,False
SA-000104,judge_4,Refuted,Refuted,Refuted,False,False,False,False,False,False,False,False,False,False,False,-2,False
SA-000104,judge_5,Refuted,Refuted,Refuted,False,False,False,False,False,False,False,False,False,False,False,-4,False
SA-000105,judge_1,Supported,Supported,Supported,False,False,False,False,False,False,False,False,False,False,False,0,False
SA-000105,judge_2,Supported,Supported,Supported,False,False,False,False,False,False,False,False,False,False,False,-1,False
SA-000105,judge_3,Supported,Supported,Supported,False,False,False,False,False,False,False,False,False,False,False,0,False
SA-000105,judge_4,Supported,Supported,Supported,False,False,False,False,False,False,False,False,False,False,False,0,False
SA-000105,judge_5,Supported,Supported,Supported,False,False,False,False,False,False,False,False,False,False,False,0,False
SA-000106,judge_1,Supported,Supported,Supported,False,False,False,False,False,False,False,False,False,False,False,-1,False
SA-000106,judge_2,Supported,Supported,Supported,False,False,False,False,False,False,False,False,False,False,False,-1,False
SA-000106,judge_3,Supported,Supported,Supported,False,False,False,False,False,False,False,False,False,False,False,1,False
SA-000106,judge_4,Supported,Supported,Supported,False,False,False,False,False,False,False,False,False,False,False,2,True
SA-000106,judge_5,Supported,Supported,Supported,False,False,False,False,False,False,False,False,False,False,False,0,False
SA-000107,judge_1,Ambiguous,Ambiguous,Ambiguous,True,True,True,False,False,True,False,False,False,False,False,6,False
SA-000107,judge_2,Refuted,Refuted,Refuted,False,False,False,False,False,False,False,False,False,False,False,-2,False
SA-000107,judge_3,Refuted,Refuted,Refuted,False,False,False,False,False,False,False,False,False,False,False,0,False
SA-000107,judge_4,Ambiguous,Refuted,Ambiguous,True,False,True,True,False,True,False,False,True,True,False,-4,False
SA-000107,judge_5,Refuted,Ambiguous,Refuted,False,True,False,False,True,False,False,False,True,True,False,2,False
SA-000108,judge_1,Refuted,Refuted,Refuted,False,False,False,False,False,False,False,False,False,False,False,-4,False
SA-000108,judge_2,Refuted,Refuted,Refuted,False,False,False,False,False,False,False,False,False,False,False,-1,False
SA-000108,judge_3,Refuted,Refuted,Refuted,False,False,False,False,False,False,False,False,False,False,False,-1,False
SA-000108,judge_4,Refuted,Refuted,Refuted,False,False,False,False,False,False,False,False,False,False,False,-1,False
SA-000108,judge_5,Refuted,Refuted,Refuted,False,False,False,False,False,False,False,False,False,False,False,0,False
SA-000109,judge_1,Ambiguous,Ambiguous,Ambiguous,True,True,True,False,False,True,False,False,False,False,False,18,False
SA-000109,judge_2,Ambiguous,Ambiguous,Ambiguous,True,True,True,False,False,True,False,False,False,False,False,-4,False
SA-000109,judge_3,Ambiguous,Ambiguous,Ambiguous,True,True,True,False,False,True,False,False,False,False,False,16,False
SA-000109,judge_4,Ambiguous,Ambiguous,Ambiguous,True,True,True,False,False,True,False,False,False,False,False,0,False
SA-000109,judge_5,Ambiguous,Ambiguous,Ambiguous,True,True,True,False,False,True,False,False,False,False,False,-18,False
SA-000110,judge_1,Refuted,Refuted,Refuted,False,False,False,False,False,False,False,False,False,False,False,6,True
SA-000110,judge_2,Refuted,Refuted,Refuted,False,False,False,False,False,False,False,False,False,False,False,4,True
SA-000110,judge_3,Refuted,Refuted,Refuted,False,False,False,False,False,False,False,False,False,False,False,7,True
SA-000110,judge_4,Refuted,Refuted,Refuted,False,False,False,False,False,False,False,False,False,False,False,6,True
SA-000110,judge_5,Refuted,Refuted,Refuted,False,False,False,False,False,False,False,False,False,False,False,7,True
SA-000111,judge_1,Supported,Supported,Supported,False,False,False,False,False,False,False,False,False,False,False,9,True
SA-000111,judge_2,Supported,Supported,Supported,False,False,False,False,False,False,False,False,False,False,False,4,True
SA-000111,judge_3,Supported,Supported,Supported,False,False,False,False,False,False,False,False,False,False,False,10,True
SA-000111,judge_4,Supported,Supported,Supported,False,False,False,False,False,False,False,False,False,False,False,-4,False
SA-000111,judge_5,Supported,Supported,Supported,False,False,False,False,False,False,False,False,False,False,False,7,True
SA-000112,judge_1,Supported,Supported,Supported,False,False,False,False,False,False,False,False,False,False,False,-3,False
SA-000112,judge_2,Supported,Supported,Supported,False,False,False,False,False,False,False,False,False,False,False,0,True
SA-000112,judge_3,Supported,Supported,Supported,False,False,False,False,False,False,False,False,False,False,False,2,True
SA-000112,judge_4,Supported,Supported,Supported,False,False,False,False,False,False,False,False,False,False,False,2,True
SA-000112,judge_5,Supported,Supported,Supported,False,False,False,False,False,False,False,False,False,False,False,4,True
SA-000113,judge_1,Ambiguous,Ambiguous,Ambiguous,True,True,True,False,False,True,False,False,False,False,False,25,False
SA-000113,judge_2,Ambiguous,Ambiguous,Ambiguous,True,True,True,False,False,True,False,False,False,False,False,-4,False
SA-000113,judge_3,Ambiguous,Ambiguous,Ambiguous,True,True,True,False,False,True,False,False,False,False,False,22,False
SA-000113,judge_4,Ambiguous,Ambiguous,Ambiguous,True,True,True,False,False,True,False,False,False,False,False,-1,False
SA-000113,judge_5,Ambiguous,Ambiguous,Ambiguous,True,True,True,False,False,True,False,False,False,False,False,-27,False
SA-000114,judge_1,Refuted,Refuted,Refuted,False,False,False,False,False,False,False,False,False,False,False,11,True
SA-000114,judge_2,Refuted,Refuted,Refuted,False,False,False,False,False,False,False,False,False,False,False,12,True
SA-000114,judge_3,Refuted,Refuted,Refuted,False,False,False,False,False,False,False,False,False,False,False,10,True
SA-000114,judge_4,Refuted,Refuted,Refuted,False,False,False,False,False,False,False,False,False,False,False,18,True
SA-000114,judge_5,Refuted,Refuted,Refuted,False,False,False,False,False,False,False,False,False,False,False,12,True
SA-000115,judge_1,Ambiguous,Ambiguous,Ambiguous,True,True,True,False,False,True,False,False,False,False,False,19,False
SA-000115,judge_2,Ambiguous,Ambiguous,Ambiguous,True,True,True,False,False,True,False,False,False,False,False,0,False
SA-000115,judge_3,Ambiguous,Ambiguous,Ambiguous,True,True,True,False,False,True,False,False,False,False,False,21,False
SA-000115,judge_4,Ambiguous,Ambiguous,Ambiguous,True,True,True,False,False,True,False,False,False,False,False,6,False
SA-000115,judge_5,Ambiguous,Ambiguous,Ambiguous,True,True,True,False,False,True,False,False,False,False,False,-18,False
SA-000116,judge_1,Supported,Supported,Supported,False,False,False,False,False,False,False,False,False,False,False,4,False
SA-000116,judge_2,Supported,Supported,Supported,False,False,False,False,False,False,False,False,False,False,False,3,False
SA-000116,judge_3,Supported,Supported,Supported,False,False,False,False,False,False,False,False,False,False,False,6,True
SA-000116,judge_4,Supported,Supported,Supported,False,False,False,False,False,False,False,False,False,False,False,4,False
SA-000116,judge_5,Supported,Supported,Supported,False,False,False,False,False,False,False,False,False,False,False,4,False
SA-000117,judge_1,Ambiguous,Ambiguous,Ambiguous,True,True,True,False,False,True,False,False,False,False,False,6,False
SA-000117,judge_2,Ambiguous,Ambiguous,Supported,True,True,False,False,True,False,False,False,False,True,True,20,True
SA-000117,judge_3,Ambiguous,Ambiguous,Ambiguous,True,True,True,False,False,True,False,False,False,False,False,10,False
SA-000117,judge_4,Ambiguous,Ambiguous,Ambiguous,True,True,True,False,False,True,False,False,False,False,False,-6,False
SA-000117,judge_5,Ambiguous,Ambiguous,Ambiguous,True,True,True,False,False,True,False,False,False,False,False,-12,False
SA-000118,judge_1,Supported,Supported,Supported,False,False,False,False,False,False,False,False,False,False,False,0,False
SA-000118,judge_2,Supported,Supported,Supported,False,False,False,False,False,False,False,False,False,False,False,5,True
SA-000118,judge_3,Supported,Supported,Supported,False,False,False,False,False,False,False,False,False,False,False,8,True
SA-000118,judge_4,Supported,Supported,Supported,False,False,False,False,False,False,False,False,False,False,False,10,True
SA-000118,judge_5,Supported,Supported,Supported,False,False,False,False,False,False,False,False,False,False,False,8,True
SA-000119,judge_1,Supported,Supported,Supported,False,False,False,False,False,False,False,False,False,False,False,-4,False
SA-000119,judge_2,Supported,Supported,Supported,False,False,False,False,False,False,False,False,False,False,False,4,False
SA-000119,judge_3,Supported,Supported,Supported,False,False,False,False,False,False,False,False,False,False,False,2,False
SA-000119,judge_4,Supported,Supported,Supported,False,False,False,False,False,False,False,False,False,False,False,-9,False
SA-000119,judge_5,Supported,Supported,Supported,False,False,False,False,False,False,False,False,False,False,False,4,False
SA-000120,judge_1,Refuted,Refuted,Refuted,False,False,False,False,False,False,False,False,False,False,False,-2,False
SA-000120,judge_2,Refuted,Refuted,Refuted,False,False,False,False,False,False,False,False,False,False,False,4,True
SA-000120,judge_3,Refuted,Refuted,Refuted,False,False,False,False,False,False,False,False,False,False,False,4,True
SA-000120,judge_4,Refuted,Refuted,Refuted,False,False,False,False,False,False,False,False,False,False,False,3,True
SA-000120,judge_5,Refuted,Refuted,Refuted,False,False,False,False,False,False,False,False,False,False,False,-1,False
SA-000121,judge_1,Supported,Supported,Supported,False,False,False,False,False,False,False,False,False,False,False,10,True
SA-000121,judge_2,Supported,Supported,Supported,False,False,False,False,False,False,False,False,False,False,False,8,True
SA-000121,judge_3,Supported,Supported,Supported,False,False,False,False,False,False,False,False,False,False,False,13,True
SA-000121,judge_4,Supported,Supported,Supported,False,False,False,False,False,False,False,False,False,False,False,11,True
SA-000121,judge_5,Supported,Supported,Supported,False,False,False,False,False,False,False,False,False,False,False,13,True
SA-000122,judge_1,Refuted,Refuted,Refuted,False,False,False,False,False,False,False,False,False,False,False,3,False
SA-000122,judge_2,Refuted,Refuted,Refuted,False,False,False,False,False,False,False,False,False,False,False,3,True
SA-000122,judge_3,Refuted,Refuted,Refuted,False,False,False,False,False,False,False,False,False,False,False,5,True
SA-000122,judge_4,Refuted,Refuted,Refuted,False,False,False,False,False,False,False,False,False,False,False,4,False
SA-000122,judge_5,Refuted,Refuted,Refuted,False,False,False,False,False,False,False,False,False,False,False,5,False
SA-000123,judge_1,Ambiguous,Refuted,Refuted,True,False,False,True,False,False,False,False,True,False,True,36,True
SA-000123,judge_2,Refuted,Refuted,Refuted,False,False,False,False,False,False,False,False,False,False,False,3,True
SA-000123,judge_3,Refuted,Refuted,Refuted,False,False,False,False,False,False,False,False,False,False,False,3,True
SA-000123,judge_4,Refuted,Ambiguous,Refuted,False,True,False,False,True,False,False,False,True,True,False,3,False
SA-000123,judge_5,Refuted,Refuted,Refuted,False,False,False,False,False,False,False,False,False,False,False,0,False
SA-000124,judge_1,Ambiguous,Ambiguous,Ambiguous,True,True,True,False,False,True,False,False,False,False,False,0,False
SA-000124,judge_2,Ambiguous,Ambiguous,Ambiguous,True,True,True,False,False,True,False,False,False,False,False,0,False
SA-000124,judge_3,Ambiguous,Ambiguous,Ambiguous,True,True,True,False,False,True,False,False,False,False,False,9,False
SA-000124,judge_4,Ambiguous,Ambiguous,Ambiguous,True,True,True,False,False,True,False,False,False,False,False,-8,False
SA-000124,judge_5,Ambiguous,Ambiguous,Ambiguous,True,True,True,False,False,True,False,False,False,False,False,-14,False
SA-000125,judge_1,Ambiguous,Ambiguous,Ambiguous,True,True,True,False,False,True,False,False,False,False,False,6,False
SA-000125,judge_2,Ambiguous,Refuted,Refuted,True,False,False,True,False,False,False,False,True,False,True,28,True
SA-000125,judge_3,Ambiguous,Ambiguous,Refuted,True,True,False,False,True,False,False,False,False,True,True,28,True
SA-000125,judge_4,Ambiguous,Refuted,Refuted,True,False,False,True,False,False,False,False,True,False,True,7,True
SA-000125,judge_5,Ambiguous,Ambiguous,Ambiguous,True,True,True,False,False,True,False,False,False,False,False,-22,False
SA-000126,judge_1,Ambiguous,Refuted,Ambiguous,True,False,True,True,False,True,False,False,True,True,False,7,False
SA-000126,judge_2,Ambiguous,Refuted,Ambiguous,True,False,True,True,False,True,False,False,True,True,False,3,False
SA-000126,judge_3,Ambiguous,Ambiguous,Refuted,True,True,False,False,True,False,False,False,False,True,True,22,True
SA-000126,judge_4,Ambiguous,Ambiguous,Refuted,True,True,False,False,True,False,False,False,False,True,True,9,True
SA-000126,judge_5,Ambiguous,Ambiguous,Ambiguous,True,True,True,False,False,True,False,False,False,False,False,-12,False
SA-000127,judge_1,Refuted,Refuted,Refuted,False,False,False,False,False,False,False,False,False,False,False,0,False
SA-000127,judge_2,Refuted,Refuted,Refuted,False,False,False,False,False,False,False,False,False,False,False,-1,False
SA-000127,judge_3,Refuted,Refuted,Refuted,False,False,False,False,False,False,False,False,False,False,False,1,False
SA-000127,judge_4,Refuted,Refuted,Refuted,False,False,False,False,False,False,False,False,False,False,False,0,False
SA-000127,judge_5,Refuted,Refuted,Refuted,False,False,False,False,False,False,False,False,False,False,False,0,False
SA-000128,judge_1,Ambiguous,Ambiguous,Ambiguous,True,True,True,False,False,True,False,False,False,False,False,8,False
SA-000128,judge_2,Refuted,Refuted,Refuted,False,False,False,False,False,False,False,False,False,False,False,0,False
SA-000128,judge_3,Ambiguous,Ambiguous,Refuted,True,True,False,False,True,False,False,False,False,True,True,36,True
SA-000128,judge_4,Ambiguous,Ambiguous,Ambiguous,True,True,True,False,False,True,False,False,False,False,False,6,False
SA-000128,judge_5,Refuted,Ambiguous,Ambiguous,False,True,True,False,False,True,False,False,True,False,True,-24,False
SA-000129,judge_1,Ambiguous,Refuted,Refuted,True,False,False,True,False,False,False,False,True,False,True,43,True
SA-000129,judge_2,Refuted,Refuted,Refuted,False,False,False,False,False,False,False,False,False,False,False,5,True
SA-000129,judge_3,Refuted,Refuted,Refuted,False,False,False,False,False,False,False,False,False,False,False,9,True
SA-000129,judge_4,Refuted,Refuted,Refuted,False,False,False,False,False,False,False,False,False,False,False,1,False
SA-000129,judge_5,Refuted,Refuted,Refuted,False,False,False,False,False,False,False,False,False,False,False,11,True
SA-000130,judge_1,Supported,Supported,Supported,False,False,False,False,False,False,False,False,False,False,False,-2,False
SA-000130,judge_2,Supported,Supported,Supported,False,False,False,False,False,False,False,False,False,False,False,-1,False
SA-000130,judge_3,Supported,Supported,Supported,False,False,False,False,False,False,False,False,False,False,False,0,False
SA-000130,judge_4,Supported,Supported,Supported,False,False,False,False,False,False,False,False,False,False,False,-1,False
SA-000130,judge_5,Supported,Supported,Supported,False,False,False,False,False,False,False,False,False,False,False,0,False
SA-000131,judge_1,Ambiguous,Refuted,Ambiguous,True,False,True,True,False,True,False,False,True,True,False,25,False
SA-000131,judge_2,Refuted,Ambiguous,Ambiguous,False,True,True,False,False,True,False,False,True,False,True,-39,False
SA-000131,judge_3,Ambiguous,Ambiguous,Ambiguous,True,True,True,False,False,True,False,False,False,False,False,15,False
SA-000131,judge_4,Ambiguous,Refuted,Refuted,True,False,False,True,False,False,False,False,True,False,True,33,True
SA-000131,judge_5,Ambiguous,Ambiguous,Ambiguous,True,True,True,False,False,True,False,False,False,False,False,-20,False
SA-000132,judge_1,Ambiguous,Ambiguous,Ambiguous,True,True,True,False,False,True,False,False,False,False,False,22,False
SA-000132,judge_2,Ambiguous,Ambiguous,Ambiguous,True,True,True,False,False,True,False,False,False,False,False,0,False
SA-000132,judge_3,Ambiguous,Ambiguous,Ambiguous,True,True,True,False,False,True,False,False,False,False,False,20,False
SA-000132,judge_4,Ambiguous,Ambiguous,Ambiguous,True,True,True,False,False,True,False,False,False,False,False,1,False
SA-000132,judge_5,Ambiguous,Ambiguous,Ambiguous,True,True,True,False,False,True,False,False,False,False,False,-26,False
SA-000133,judge_1,Refuted,Refuted,Refuted,False,False,False,False,False,False,False,False,False,False,False,-1,False
SA-000133,judge_2,Refuted,Refuted,Refuted,False,False,False,False,False,False,False,False,False,False,False,-1,False
SA-000133,judge_3,Refuted,Refuted,Refuted,False,False,False,False,False,False,False,False,False,False,False,0,False
SA-000133,judge_4,Refuted,Refuted,Refuted,False,False,False,False,False,False,False,False,False,False,False,0,False
SA-000133,judge_5,Refuted,Refuted,Refuted,False,False,False,False,False,False,False,False,False,False,False,0,False
SA-000134,judge_1,Ambiguous,Ambiguous,Ambiguous,True,True,True,False,False,True,False,False,False,False,False,4,False
SA-000134,judge_2,Ambiguous,Ambiguous,Ambiguous,True,True,True,False,False,True,False,False,False,False,False,-2,False
SA-000134,judge_3,Ambiguous,Ambiguous,Ambiguous,True,True,True,False,False,True,False,False,False,False,False,11,False
SA-000134,judge_4,Ambiguous,Ambiguous,Ambiguous,True,True,True,False,False,True,False,False,False,False,False,-9,False
SA-000134,judge_5,Ambiguous,Ambiguous,Ambiguous,True,True,True,False,False,True,False,False,False,False,False,-14,False
SA-000135,judge_1,Refuted,Refuted,Refuted,False,False,False,False,False,False,False,False,False,False,False,0,False
SA-000135,judge_2,Refuted,Refuted,Refuted,False,False,False,False,False,False,False,False,False,False,False,-1,False
SA-000135,judge_3,Refuted,Refuted,Refuted,False,False,False,False,False,False,False,False,False,False,False,0,False
SA-000135,judge_4,Refuted,Refuted,Refuted,False,False,False,False,False,False,False,False,False,False,False,0,False
SA-000135,judge_5,Refuted,Refuted,Refuted,False,False,False,False,False,False,False,False,False,False,False,0,False
SA-000136,judge_1,Ambiguous,Refuted,Refuted,True,False,False,True,False,False,False,False,True,False,True,32,True
SA-000136,judge_2,Refuted,Refuted,Refuted,False,False,False,False,False,False,False,False,False,False,False,3,True
SA-000136,judge_3,Refuted,Refuted,Refuted,False,False,False,False,False,False,False,False,False,False,False,6,True
SA-000136,judge_4,Refuted,Refuted,Refuted,False,False,False,False,False,False,False,False,False,False,False,8,True
SA-000136,judge_5,Refuted,Ambiguous,Refuted,False,True,False,False,True,False,False,False,True,True,False,6,True
SA-000137,judge_1,Refuted,Refuted,Refuted,False,False,False,False,False,False,False,False,False,False,False,0,False
SA-000137,judge_2,Refuted,Refuted,Refuted,False,False,False,False,False,False,False,False,False,False,False,0,False
SA-000137,judge_3,Refuted,Refuted,Refuted,False,False,False,False,False,False,False,False,False,False,False,-1,False
SA-000137,judge_4,Refuted,Refuted,Refuted,False,False,False,False,False,False,False,False,False,False,False,-1,False
SA-000137,judge_5,Refuted,Refuted,Refuted,False,False,False,False,False,False,False,False,False,False,False,1,False
SA-000138,judge_1,Refuted,Refuted,Refuted,False,False,False,False,False,False,False,False,False,False,False,0,False
SA-000138,judge_2,Refuted,Refuted,Refuted,False,False,False,False,False,False,False,False,False,False,False,1,False
SA-000138,judge_3,Refuted,Refuted,Refuted,False,False,False,False,False,False,False,False,False,False,False,5,True
SA-000138,judge_4,Refuted,Refuted,Refuted,False,False,False,False,False,False,False,False,False,False,False,2,False
SA-000138,judge_5,Refuted,Refuted,Refuted,False,False,False,False,False,False,False,False,False,False,False,3,False
SA-000139,judge_1,Ambiguous,Ambiguous,Supported,True,True,False,False,True,False,False,False,False,True,True,14,True
SA-000139,judge_2,Ambiguous,Ambiguous,Supported,True,True,False,False,True,False,False,False,False,True,True,28,True
SA-000139,judge_3,Ambiguous,Ambiguous,Supported,True,True,False,False,True,False,False,False,False,True,True,30,True
SA-000139,judge_4,Ambiguous,Ambiguous,Ambiguous,True,True,True,False,False,True,False,False,False,False,False,-8,False
SA-000139,judge_5,Supported,Ambiguous,Supported,False,True,False,False,True,False,False,False,True,True,False,2,False
SA-000140,judge_1,Ambiguous,Refuted,Ambiguous,True,False,True,True,False,True,False,False,True,True,False,14,False
SA-000140,judge_2,Refuted,Ambiguous,Refuted,False,True,False,False,True,False,False,False,True,True,False,2,False
SA-000140,judge_3,Ambiguous,Refuted,Refuted,True,False,False,True,False,False,False,False,True,False,True,22,True
SA-000140,judge_4,Ambiguous,Ambiguous,Refuted,True,True,False,False,True,False,False,False,False,True,True,10,True
SA-000140,judge_5,Ambiguous,Ambiguous,Refuted,True,True,False,False,True,False,False,False,False,True,True,8,True
SA-000141,judge_1,Refuted,Refuted,Refuted,False,False,False,False,False,False,False,False,False,False,False,0,False
SA-000141,judge_2,Refuted,Refuted,Refuted,False,False,False,False,False,False,False,False,False,False,False,0,False
SA-000141,judge_3,Refuted,Refuted,Refuted,False,False,False,False,False,False,False,False,False,False,False,2,False
SA-000141,judge_4,Refuted,Refuted,Refuted,False,False,False,False,False,False,False,False,False,False,False,1,False
SA-000141,judge_5,Refuted,Refuted,Refuted,False,False,False,False,False,False,False,False,False,False,False,1,False
SA-000142,judge_1,Refuted,Refuted,Refuted,False,False,False,False,False,False,False,False,False,False,False,0,False
SA-000142,judge_2,Refuted,Refuted,Refuted,False,False,False,False,False,False,False,False,False,False,False,0,False
SA-000142,judge_3,Refuted,Refuted,Refuted,False,False,False,False,False,False,False,False,False,False,False,0,False
SA-000142,judge_4,Refuted,Refuted,Refuted,False,False,False,False,False,False,False,False,False,False,False,0,False
SA-000142,judge_5,Refuted,Refuted,Refuted,False,False,False,False,False,False,False,False,False,False,False,0,False
SA-000143,judge_1,Supported,Supported,Supported,False,False,False,False,False,False,False,False,False,False,False,-3,False
SA-000143,judge_2,Supported,Supported,Supported,False,False,False,False,False,False,False,False,False,False,False,2,False
SA-000143,judge_3,Supported,Supported,Supported,False,False,False,False,False,False,False,False,False,False,False,4,False
SA-000143,judge_4,Supported,Supported,Supported,False,False,False,False,False,False,False,False,False,False,False,4,False
SA-000143,judge_5,Supported,Supported,Supported,False,False,False,False,False,False,False,False,False,False,False,2,False
SA-000144,judge_1,Supported,Supported,Supported,False,False,False,False,False,False,False,False,False,False,False,-1,False
SA-000144,judge_2,Supported,Supported,Supported,False,False,False,False,False,False,False,False,False,False,False,-1,False
SA-000144,judge_3,Supported,Supported,Supported,False,False,False,False,False,False,False,False,False,False,False,-1,False
SA-000144,judge_4,Supported,Supported,Supported,False,False,False,False,False,False,False,False,False,False,False,-1,False
SA-000144,judge_5,Supported,Supported,Supported,False,False,False,False,False,False,False,False,False,False,False,1,False
SA-000145,judge_1,Ambiguous,Ambiguous,Supported,True,True,False,False,True,False,False,False,False,True,True,39,True
SA-000145,judge_2,Ambiguous,Ambiguous,Supported,True,True,False,False,True,False,False,False,False,True,True,40,True
SA-000145,judge_3,Ambiguous,Ambiguous,Supported,True,True,False,False,True,False,False,False,False,True,True,48,True
SA-000145,judge_4,Ambiguous,Ambiguous,Supported,True,True,False,False,True,False,False,False,False,True,True,35,True
SA-000145,judge_5,Ambiguous,Ambiguous,Supported,True,True,False,False,True,False,False,False,False,True,True,23,True
SA-000146,judge_1,Refuted,Refuted,Refuted,False,False,False,False,False,False,False,False,False,False,False,-1,False
SA-000146,judge_2,Refuted,Refuted,Refuted,False,False,False,False,False,False,False,False,False,False,False,1,False
SA-000146,judge_3,Refuted,Refuted,Refuted,False,False,False,False,False,False,False,False,False,False,False,2,False
SA-000146,judge_4,Refuted,Refuted,Refuted,False,False,False,False,False,False,False,False,False,False,False,1,False
SA-000146,judge_5,Refuted,Refuted,Refuted,False,False,False,False,False,False,False,False,False,False,False,1,False
SA-000147,judge_1,Refuted,Refuted,Refuted,False,False,False,False,False,False,False,False,False,False,False,7,True
SA-000147,judge_2,Refuted,Refuted,Refuted,False,False,False,False,False,False,False,False,False,False,False,4,True
SA-000147,judge_3,Refuted,Refuted,Refuted,False,False,False,False,False,False,False,False,False,False,False,7,True
SA-000147,judge_4,Refuted,Refuted,Refuted,False,False,False,False,False,False,False,False,False,False,False,7,True
SA-000147,judge_5,Refuted,Refuted,Refuted,False,False,False,False,False,False,False,False,False,False,False,5,True
SA-000148,judge_1,Refuted,Refuted,Refuted,False,False,False,False,False,False,False,False,False,False,False,-1,False
SA-000148,judge_2,Refuted,Refuted,Refuted,False,False,False,False,False,False,False,False,False,False,False,3,True
SA-000148,judge_3,Refuted,Refuted,Refuted,False,False,False,False,False,False,False,False,False,False,False,6,True
SA-000148,judge_4,Refuted,Refuted,Refuted,False,False,False,False,False,False,False,False,False,False,False,6,True
SA-000148,judge_5,Refuted,Refuted,Refuted,False,False,False,False,False,False,False,False,False,False,False,5,True
SA-000149,judge_1,Refuted,Refuted,Refuted,False,False,False,False,False,False,False,False,False,False,False,-2,False
SA-000149,judge_2,Refuted,Refuted,Refuted,False,False,False,False,False,False,False,False,False,False,False,-2,False
SA-000149,judge_3,Refuted,Refuted,Refuted,False,False,False,False,False,False,False,False,False,False,False,0,False
SA-000149,judge_4,Refuted,Refuted,Refuted,False,False,False,False,False,False,False,False,False,False,False,-3,False
SA-000149,judge_5,Refuted,Refuted,Refuted,False,False,False,False,False,False,False,False,False,False,False,1,False
SA-000150,judge_1,Refuted,Refuted,Refuted,False,False,False,False,False,False,False,False,False,False,False,2,True
SA-000150,judge_2,Refuted,Refuted,Refuted,False,False,False,False,False,False,False,False,False,False,False,4,True
SA-000150,judge_3,Refuted,Refuted,Refuted,False,False,False,False,False,False,False,False,False,False,False,4,True
SA-000150,judge_4,Refuted,Refuted,Refuted,False,False,False,False,False,False,False,False,False,False,False,7,True
SA-000150,judge_5,Refuted,Refuted,Refuted,False,False,False,False,False,False,False,False,False,False,False,2,False
SA-000151,judge_1,Supported,Supported,Supported,False,False,False,False,False,False,False,False,False,False,False,7,True
SA-000151,judge_2,Supported,Supported,Supported,False,False,False,False,False,False,False,False,False,False,False,6,True
SA-000151,judge_3,Supported,Supported,Supported,False,False,False,False,False,False,False,False,False,False,False,8,True
SA-000151,judge_4,Supported,Supported,Supported,False,False,False,False,False,False,False,False,False,False,False,4,False
SA-000151,judge_5,Supported,Supported,Supported,False,False,False,False,False,False,False,False,False,False,False,9,True
SA-000152,judge_1,Supported,Supported,Supported,False,False,False,False,False,False,False,False,False,False,False,0,False
SA-000152,judge_2,Supported,Supported,Supported,False,False,False,False,False,False,False,False,False,False,False,-1,False
SA-000152,judge_3,Supported,Supported,Supported,False,False,False,False,False,False,False,False,False,False,False,0,False
SA-000152,judge_4,Supported,Supported,Supported,False,False,False,False,False,False,False,False,False,False,False,0,False
SA-000152,judge_5,Supported,Supported,Supported,False,False,False,False,False,False,False,False,False,False,False,0,False
SA-000153,judge_1,Refuted,Refuted,Refuted,False,False,False,False,False,False,False,False,False,False,False,-6,False
SA-000153,judge_2,Refuted,Refuted,Refuted,False,False,False,False,False,False,False,False,False,False,False,-2,False
SA-000153,judge_3,Refuted,Refuted,Refuted,False,False,False,False,False,False,False,False,False,False,False,-1,False
SA-000153,judge_4,Refuted,Refuted,Refuted,False,False,False,False,False,False,False,False,False,False,False,-1,False
SA-000153,judge_5,Refuted,Ambiguous,Refuted,False,True,False,False,True,False,False,False,True,True,False,-3,False
SA-000154,judge_1,Ambiguous,Ambiguous,Supported,True,True,False,False,True,False,False,False,False,True,True,16,True
SA-000154,judge_2,Ambiguous,Supported,Supported,True,False,False,True,False,False,False,False,True,False,True,20,True
SA-000154,judge_3,Supported,Ambiguous,Supported,False,True,False,False,True,False,False,False,True,True,False,0,False
SA-000154,judge_4,Ambiguous,Supported,Supported,True,False,False,True,False,False,False,False,True,False,True,10,True
SA-000154,judge_5,Supported,Supported,Supported,False,False,False,False,False,False,False,False,False,False,False,0,False
SA-000155,judge_1,Ambiguous,Ambiguous,Ambiguous,True,True,True,False,False,True,False,False,False,False,False,28,False
SA-000155,judge_2,Ambiguous,Ambiguous,Ambiguous,True,True,True,False,False,True,False,False,False,False,False,6,False
SA-000155,judge_3,Ambiguous,Ambiguous,Ambiguous,True,True,True,False,False,True,False,False,False,False,False,16,False
SA-000155,judge_4,Ambiguous,Ambiguous,Ambiguous,True,True,True,False,False,True,False,False,False,False,False,-10,False
SA-000155,judge_5,Ambiguous,Ambiguous,Ambiguous,True,True,True,False,False,True,False,False,False,False,False,-24,True
SA-000156,judge_1,Refuted,Refuted,Refuted,False,False,False,False,False,False,False,False,False,False,False,0,False
SA-000156,judge_2,Refuted,Refuted,Refuted,False,False,False,False,False,False,False,False,False,False,False,0,False
SA-000156,judge_3,Refuted,Refuted,Refuted,False,False,False,False,False,False,False,False,False,False,False,1,False
SA-000156,judge_4,Refuted,Refuted,Refuted,False,False,False,False,False,False,False,False,False,False,False,1,False
SA-000156,judge_5,Refuted,Refuted,Refuted,False,False,False,False,False,False,False,False,False,False,False,2,False
SA-000157,judge_1,Refuted,Refuted,Refuted,False,False,False,False,False,False,False,False,False,False,False,-3,False
SA-000157,judge_2,Refuted,Refuted,Refuted,False,False,False,False,False,False,False,False,False,False,False,0,False
SA-000157,judge_3,Refuted,Refuted,Refuted,False,False,False,False,False,False,False,False,False,False,False,2,False
SA-000157,judge_4,Refuted,Refuted,Refuted,False,False,False,False,False,False,False,False,False,False,False,-2,False
SA-000157,judge_5,Refuted,Refuted,Refuted,False,False,False,False,False,False,False,False,False,False,False,0,False
SA-000158,judge_1,Ambiguous,Ambiguous,Ambiguous,True,True,True,False,False,True,False,False,False,False,False,19,False
SA-000158,judge_2,Ambiguous,Ambiguous,Ambiguous,True,True,True,False,False,True,False,False,False,False,False,1,False
SA-000158,judge_3,Ambiguous,Ambiguous,Ambiguous,True,True,True,False,False,True,False,False,False,False,False,20,False
SA-000158,judge_4,Ambiguous,Ambiguous,Ambiguous,True,True,True,False,False,True,False,False,False,False,False,5,False
SA-000158,judge_5,Ambiguous,Ambiguous,Ambiguous,True,True,True,False,False,True,False,False,False,False,False,-23,False
SA-000159,judge_1,Refuted,Refuted,Refuted,False,False,False,False,False,False,False,False,False,False,False,-1,False
SA-000159,judge_2,Refuted,Refuted,Refuted,False,False,False,False,False,False,False,False,False,False,False,-2,False
SA-000159,judge_3,Refuted,Refuted,Refuted,False,False,False,False,False,False,False,False,False,False,False,0,False
SA-000159,judge_4,Refuted,Refuted,Refuted,False,False,False,False,False,False,False,False,False,False,False,-2,False
SA-000159,judge_5,Refuted,Refuted,Refuted,False,False,False,False,False,False,False,False,False,False,False,0,False
SA-000160,judge_1,Ambiguous,Ambiguous,Ambiguous,True,True,True,False,False,True,False,False,False,False,False,5,False
SA-000160,judge_2,Ambiguous,Ambiguous,Ambiguous,True,True,True,False,False,True,False,False,False,False,False,0,False
SA-000160,judge_3,Ambiguous,Ambiguous,Ambiguous,True,True,True,False,False,True,False,False,False,False,False,12,False
SA-000160,judge_4,Ambiguous,Ambiguous,Ambiguous,True,True,True,False,False,True,False,False,False,False,False,-5,False
SA-000160,judge_5,Ambiguous,Ambiguous,Ambiguous,True,True,True,False,False,True,False,False,False,False,False,-16,False
SA-000161,judge_1,Refuted,Refuted,Refuted,False,False,False,False,False,False,False,False,False,False,False,10,True
SA-000161,judge_2,Refuted,Refuted,Refuted,False,False,False,False,False,False,False,False,False,False,False,7,True
SA-000161,judge_3,Refuted,Refuted,Refuted,False,False,False,False,False,False,False,False,False,False,False,10,True
SA-000161,judge_4,Refuted,Refuted,Refuted,False,False,False,False,False,False,False,False,False,False,False,14,True
SA-000161,judge_5,Refuted,Refuted,Refuted,False,False,False,False,False,False,False,False,False,False,False,10,True
SA-000162,judge_1,Refuted,Refuted,Refuted,False,False,False,False,False,False,False,False,False,False,False,5,True
SA-000162,judge_2,Refuted,Refuted,Refuted,False,False,False,False,False,False,False,False,False,False,False,6,True
SA-000162,judge_3,Refuted,Refuted,Refuted,False,False,False,False,False,False,False,False,False,False,False,6,True
SA-000162,judge_4,Refuted,Refuted,Refuted,False,False,False,False,False,False,False,False,False,False,False,9,True
SA-000162,judge_5,Refuted,Refuted,Refuted,False,False,False,False,False,False,False,False,False,False,False,5,True
SA-000163,judge_1,Refuted,Refuted,Ambiguous,False,False,True,False,False,True,False,False,False,True,True,-10,False
SA-000163,judge_2,Refuted,Refuted,Refuted,False,False,False,False,False,False,False,False,False,False,False,-3,False
SA-000163,judge_3,Refuted,Refuted,Refuted,False,False,False,False,False,False,False,False,False,False,False,0,False
SA-000163,judge_4,Refuted,Refuted,Refuted,False,False,False,False,False,False,False,False,False,False,False,-10,False
SA-000163,judge_5,Refuted,Ambiguous,Refuted,False,True,False,False,True,False,False,False,True,True,False,0,False
SA-000164,judge_1,Supported,Supported,Supported,False,False,False,False,False,False,False,False,False,False,False,-1,False
SA-000164,judge_2,Supported,Supported,Supported,False,False,False,False,False,False,False,False,False,False,False,2,True
SA-000164,judge_3,Supported,Supported,Supported,False,False,False,False,False,False,False,False,False,False,False,4,True
SA-000164,judge_4,Supported,Supported,Supported,False,False,False,False,False,False,False,False,False,False,False,-1,False
SA-000164,judge_5,Supported,Supported,Supported,False,False,False,False,False,False,False,False,False,False,False,1,False
SA-000165,judge_1,Ambiguous,Ambiguous,Ambiguous,True,True,True,False,False,True,False,False,False,False,False,25,False
SA-000165,judge_2,Ambiguous,Ambiguous,Ambiguous,True,True,True,False,False,True,False,False,False,False,False,4,False
SA-000165,judge_3,Ambiguous,Ambiguous,Ambiguous,True,True,True,False,False,True,False,False,False,False,False,18,False
SA-000165,judge_4,Ambiguous,Ambiguous,Ambiguous,True,True,True,False,False,True,False,False,False,False,False,-8,True
SA-000165,judge_5,Ambiguous,Ambiguous,Ambiguous,True,True,True,False,False,True,False,False,False,False,False,-29,False
SA-000166,judge_1,Supported,Supported,Supported,False,False,False,False,False,False,False,False,False,False,False,8,True
SA-000166,judge_2,Supported,Supported,Supported,False,False,False,False,False,False,False,False,False,False,False,6,True
SA-000166,judge_3,Supported,Supported,Supported,False,False,False,False,False,False,False,False,False,False,False,8,True
SA-000166,judge_4,Supported,Supported,Supported,False,False,False,False,False,False,False,False,False,False,False,9,True
SA-000166,judge_5,Supported,Supported,Supported,False,False,False,False,False,False,False,False,False,False,False,8,True
SA-000167,judge_1,Refuted,Refuted,Refuted,False,False,False,False,False,False,False,False,False,False,False,2,True
SA-000167,judge_2,Refuted,Refuted,Refuted,False,False,False,False,False,False,False,False,False,False,False,2,True
SA-000167,judge_3,Refuted,Refuted,Refuted,False,False,False,False,False,False,False,False,False,False,False,5,True
SA-000167,judge_4,Refuted,Refuted,Refuted,False,False,False,False,False,False,False,False,False,False,False,4,True
SA-000167,judge_5,Refuted,Refuted,Refuted,False,False,False,False,False,False,False,False,False,False,False,5,True
SA-000168,judge_1,Refuted,Refuted,Refuted,False,False,False,False,False,False,False,False,False,False,False,0,False
SA-000168,judge_2,Refuted,Refuted,Refuted,False,False,False,False,False,False,False,False,False,False,False,-1,False
SA-000168,judge_3,Refuted,Refuted,Refuted,False,False,False,False,False,False,False,False,False,False,False,0,False
SA-000168,judge_4,Refuted,Refuted,Refuted,False,False,False,False,False,False,False,False,False,False,False,0,False
SA-000168,judge_5,Refuted,Refuted,Refuted,False,False,False,False,False,False,False,False,False,False,False,-1,False
SA-000169,judge_1,Refuted,Refuted,Refuted,False,False,False,False,False,False,False,False,False,False,False,1,True
SA-000169,judge_2,Refuted,Refuted,Refuted,False,False,False,False,False,False,False,False,False,False,False,3,True
SA-000169,judge_3,Refuted,Refuted,Refuted,False,False,False,False,False,False,False,False,False,False,False,5,True
SA-000169,judge_4,Refuted,Refuted,Refuted,False,False,False,False,False,False,False,False,False,False,False,-1,False
SA-000169,judge_5,Refuted,Refuted,Refuted,False,False,False,False,False,False,False,False,False,False,False,4,True
SA-000170,judge_1,Supported,Supported,Supported,False,False,False,False,False,False,False,False,False,False,False,1,False
SA-000170,judge_2,Supported,Supported,Supported,False,False,False,False,False,False,False,False,False,False,False,0,False
SA-000170,judge_3,Supported,Supported,Supported,False,False,False,False,False,False,False,False,False,False,False,3,False
SA-000170,judge_4,Supported,Supported,Supported,False,False,False,False,False,False,False,False,False,False,False,3,False
SA-000170,judge_5,Supported,Supported,Supported,False,False,False,False,False,False,False,False,False,False,False,0,False
SA-000171,judge_1,Refuted,Refuted,Refuted,False,False,False,False,False,False,False,False,False,False,False,5,True
SA-000171,judge_2,Refuted,Refuted,Refuted,False,False,False,False,False,False,False,False,False,False,False,2,True
SA-000171,judge_3,Refuted,Refuted,Refuted,False,False,False,False,False,False,False,False,False,False,False,2,False
SA-000171,judge_4,Refuted,Refuted,Refuted,False,False,False,False,False,False,False,False,False,False,False,3,False
SA-000171,judge_5,Refuted,Refuted,Refuted,False,False,False,False,False,False,False,False,False,False,False,5,True
SA-000172,judge_1,Refuted,Refuted,Refuted,False,False,False,False,False,False,False,False,False,False,False,-4,False
SA-000172,judge_2,Refuted,Refuted,Refuted,False,False,False,False,False,False,False,False,False,False,False,-1,False
SA-000172,judge_3,Refuted,Refuted,Refuted,False,False,False,False,False,False,False,False,False,False,False,0,False
SA-000172,judge_4,Refuted,Refuted,Refuted,False,False,False,False,False,False,False,False,False,False,False,-1,False
SA-000172,judge_5,Refuted,Refuted,Refuted,False,False,False,False,False,False,False,False,False,False,False,0,False
SA-000173,judge_1,Supported,Supported,Supported,False,False,False,False,False,False,False,False,False,False,False,2,False
SA-000173,judge_2,Supported,Supported,Supported,False,False,False,False,False,False,False,False,False,False,False,4,True
SA-000173,judge_3,Supported,Supported,Supported,False,False,False,False,False,False,False,False,False,False,False,5,True
SA-000173,judge_4,Supported,Supported,Supported,False,False,False,False,False,False,False,False,False,False,False,8,True
SA-000173,judge_5,Supported,Supported,Supported,False,False,False,False,False,False,False,False,False,False,False,4,True
SA-000174,judge_1,Refuted,Refuted,Refuted,False,False,False,False,False,False,False,False,False,False,False,0,False
SA-000174,judge_2,Refuted,Refuted,Refuted,False,False,False,False,False,False,False,False,False,False,False,0,False
SA-000174,judge_3,Refuted,Refuted,Refuted,False,False,False,False,False,False,False,False,False,False,False,4,True
SA-000174,judge_4,Refuted,Refuted,Refuted,False,False,False,False,False,False,False,False,False,False,False,1,False
SA-000174,judge_5,Refuted,Refuted,Refuted,False,False,False,False,False,False,False,False,False,False,False,0,False
SA-000175,judge_1,Refuted,Refuted,Refuted,False,False,False,False,False,False,False,False,False,False,False,3,False
SA-000175,judge_2,Refuted,Refuted,Refuted,False,False,False,False,False,False,False,False,False,False,False,6,True
SA-000175,judge_3,Refuted,Refuted,Refuted,False,False,False,False,False,False,False,False,False,False,False,6,True
SA-000175,judge_4,Refuted,Refuted,Refuted,False,False,False,False,False,False,False,False,False,False,False,8,True
SA-000175,judge_5,Refuted,Refuted,Refuted,False,False,False,False,False,False,False,False,False,False,False,6,True
SA-000176,judge_1,Supported,Supported,Supported,False,False,False,False,False,False,False,False,False,False,False,-2,False
SA-000176,judge_2,Supported,Supported,Supported,False,False,False,False,False,False,False,False,False,False,False,0,False
SA-000176,judge_3,Supported,Supported,Supported,False,False,False,False,False,False,False,False,False,False,False,4,False
SA-000176,judge_4,Supported,Supported,Supported,False,False,False,False,False,False,False,False,False,False,False,-4,False
SA-000176,judge_5,Supported,Supported,Supported,False,False,False,False,False,False,False,False,False,False,False,0,False
SA-000177,judge_1,Supported,Ambiguous,Ambiguous,False,True,True,False,False,True,False,False,True,False,True,-18,False
SA-000177,judge_2,Supported,Ambiguous,Ambiguous,False,True,True,False,False,True,False,False,True,False,True,-32,False
SA-000177,judge_3,Supported,Ambiguous,Ambiguous,False,True,True,False,False,True,False,False,True,False,True,-28,False
SA-000177,judge_4,Ambiguous,Ambiguous,Ambiguous,True,True,True,False,False,True,False,False,False,False,False,-7,True
SA-000177,judge_5,Supported,Ambiguous,Ambiguous,False,True,True,False,False,True,False,False,True,False,True,-34,False
SA-000178,judge_1,Refuted,Refuted,Refuted,False,False,False,False,False,False,False,False,False,False,False,0,True
SA-000178,judge_2,Refuted,Refuted,Refuted,False,False,False,False,False,False,False,False,False,False,False,2,True
SA-000178,judge_3,Refuted,Refuted,Refuted,False,False,False,False,False,False,False,False,False,False,False,4,True
SA-000178,judge_4,Refuted,Refuted,Refuted,False,False,False,False,False,False,False,False,False,False,False,-2,False
SA-000178,judge_5,Refuted,Refuted,Refuted,False,False,False,False,False,False,False,False,False,False,False,0,False
SA-000179,judge_1,Refuted,Refuted,Refuted,False,False,False,False,False,False,False,False,False,False,False,0,False
SA-000179,judge_2,Refuted,Refuted,Refuted,False,False,False,False,False,False,False,False,False,False,False,4,True
SA-000179,judge_3,Refuted,Refuted,Refuted,False,False,False,False,False,False,False,False,False,False,False,5,True
SA-000179,judge_4,Refuted,Refuted,Refuted,False,False,False,False,False,False,False,False,False,False,False,1,False
SA-000179,judge_5,Refuted,Refuted,Refuted,False,False,False,False,False,False,False,False,False,False,False,6,True
SA-000180,judge_1,Supported,Supported,Supported,False,False,False,False,False,False,False,False,False,False,False,-2,False
SA-000180,judge_2,Supported,Supported,Supported,False,False,False,False,False,False,False,False,False,False,False,-2,False
SA-000180,judge_3,Supported,Supported,Supported,False,False,False,False,False,False,False,False,False,False,False,-1,False
SA-000180,judge_4,Supported,Supported,Supported,False,False,False,False,False,False,False,False,False,False,False,-4,False
SA-000180,judge_5,Supported,Supported,Supported,False,False,False,False,False,False,False,False,False,False,False,0,False
SA-000181,judge_1,Refuted,Refuted,Refuted,False,False,False,False,False,False,False,False,False,False,False,2,True
SA-000181,judge_2,Refuted,Refuted,Refuted,False,False,False,False,False,False,False,False,False,False,False,4,True
SA-000181,judge_3,Refuted,Refuted,Refuted,False,False,False,False,False,False,False,False,False,False,False,6,True
SA-000181,judge_4,Refuted,Refuted,Refuted,False,False,False,False,False,False,False,False,False,False,False,5,True
SA-000181,judge_5,Refuted,Refuted,Refuted,False,False,False,False,False,False,False,False,False,False,False,6,True
SA-000182,judge_1,Ambiguous,Ambiguous,Ambiguous,True,True,True,False,False,True,False,False,False,False,False,14,True
SA-000182,judge_2,Ambiguous,Ambiguous,Ambiguous,True,True,True,False,False,True,False,False,False,False,False,4,False
SA-000182,judge_3,Ambiguous,Ambiguous,Ambiguous,True,True,True,False,False,True,False,False,False,False,False,20,True
SA-000182,judge_4,Ambiguous,Ambiguous,Ambiguous,True,True,True,False,False,True,False,False,False,False,False,-2,True
SA-000182,judge_5,Ambiguous,Ambiguous,Ambiguous,True,True,True,False,False,True,False,False,False,False,False,-17,False
SA-000183,judge_1,Refuted,Refuted,Refuted,False,False,False,False,False,False,False,False,False,False,False,5,True
SA-000183,judge_2,Refuted,Refuted,Refuted,False,False,False,False,False,False,False,False,False,False,False,4,True
SA-000183,judge_3,Refuted,Refuted,Refuted,False,False,False,False,False,False,False,False,False,False,False,5,True
SA-000183,judge_4,Refuted,Refuted,Refuted,False,False,False,False,False,False,False,False,False,False,False,2,False
SA-000183,judge_5,Refuted,Refuted,Refuted,False,False,False,False,False,False,False,False,False,False,False,5,True
SA-000184,judge_1,Supported,Supported,Supported,False,False,False,False,False,False,False,False,False,False,False,-3,False
SA-000184,judge_2,Supported,Supported,Supported,False,False,False,False,False,False,False,False,False,False,False,3,True
SA-000184,judge_3,Supported,Supported,Supported,False,False,False,False,False,False,False,False,False,False,False,5,True
SA-000184,judge_4,Supported,Supported,Supported,False,False,False,False,False,False,False,False,False,False,False,1,False
SA-000184,judge_5,Supported,Supported,Supported,False,False,False,False,False,False,False,False,False,False,False,0,False
SA-000185,judge_1,Refuted,Refuted,Refuted,False,False,False,False,False,False,False,False,False,False,False,9,True
SA-000185,judge_2,Refuted,Refuted,Refuted,False,False,False,False,False,False,False,False,False,False,False,5,True
SA-000185,judge_3,Refuted,Refuted,Refuted,False,False,False,False,False,False,False,False,False,False,False,6,True
SA-000185,judge_4,Refuted,Refuted,Refuted,False,False,False,False,False,False,False,False,False,False,False,15,True
SA-000185,judge_5,Refuted,Refuted,Refuted,False,False,False,False,False,False,False,False,False,False,False,2,False
SA-000186,judge_1,Refuted,Refuted,Refuted,False,False,False,False,False,False,False,False,False,False,False,0,False
SA-000186,judge_2,Refuted,Refuted,Refuted,False,False,False,False,False,False,False,False,False,False,False,0,False
SA-000186,judge_3,Refuted,Refuted,Refuted,False,False,False,False,False,False,False,False,False,False,False,1,False
SA-000186,judge_4,Refuted,Refuted,Refuted,False,False,False,False,False,False,False,False,False,False,False,1,False
SA-000186,judge_5,Refuted,Refuted,Refuted,False,False,False,False,False,False,False,False,False,False,False,0,False
SA-000187,judge_1,Supported,Supported,Supported,False,False,False,False,False,False,False,False,False,False,False,14,True
SA-000187,judge_2,Supported,Supported,Supported,False,False,False,False,False,False,False,False,False,False,False,8,False
SA-000187,judge_3,Supported,Supported,Supported,False,False,False,False,False,False,False,False,False,False,False,0,False
SA-000187,judge_4,Supported,Supported,Supported,False,False,False,False,False,False,False,False,False,False,False,10,False
SA-000187,judge_5,Supported,Supported,Supported,False,False,False,False,False,False,False,False,False,False,False,12,True
SA-000188,judge_1,Supported,Supported,Supported,False,False,False,False,False,False,False,False,False,False,False,2,False
SA-000188,judge_2,Supported,Supported,Supported,False,False,False,False,False,False,False,False,False,False,False,-1,False
SA-000188,judge_3,Supported,Supported,Supported,False,False,False,False,False,False,False,False,False,False,False,3,False
SA-000188,judge_4,Supported,Supported,Supported,False,False,False,False,False,False,False,False,False,False,False,-4,False
SA-000188,judge_5,Supported,Supported,Supported,False,False,False,False,False,False,False,False,False,False,False,0,False
SA-000189,judge_1,Ambiguous,Ambiguous,Ambiguous,True,True,True,False,False,True,False,False,False,False,False,11,False
SA-000189,judge_2,Ambiguous,Supported,Supported,True,False,False,True,False,False,False,False,True,False,True,20,True
SA-000189,judge_3,Ambiguous,Ambiguous,Ambiguous,True,True,True,False,False,True,False,False,False,False,False,16,False
SA-000189,judge_4,Ambiguous,Ambiguous,Ambiguous,True,True,True,False,False,True,False,False,False,False,False,-6,False
SA-000189,judge_5,Ambiguous,Ambiguous,Ambiguous,True,True,True,False,False,True,False,False,False,False,False,-14,False
SA-000190,judge_1,Refuted,Refuted,Refuted,False,False,False,False,False,False,False,False,False,False,False,5,True
SA-000190,judge_2,Refuted,Refuted,Refuted,False,False,False,False,False,False,False,False,False,False,False,4,True
SA-000190,judge_3,Refuted,Refuted,Refuted,False,False,False,False,False,False,False,False,False,False,False,8,True
SA-000190,judge_4,Refuted,Refuted,Refuted,False,False,False,False,False,False,False,False,False,False,False,8,True
SA-000190,judge_5,Refuted,Refuted,Refuted,False,False,False,False,False,False,False,False,False,False,False,8,True
SA-000191,judge_1,Refuted,Refuted,Refuted,False,False,False,False,False,False,False,False,False,False,False,3,False
SA-000191,judge_2,Refuted,Refuted,Refuted,False,False,False,False,False,False,False,False,False,False,False,4,False
SA-000191,judge_3,Refuted,Refuted,Refuted,False,False,False,False,False,False,False,False,False,False,False,2,False
SA-000191,judge_4,Refuted,Refuted,Refuted,False,False,False,False,False,False,False,False,False,False,False,3,False
SA-000191,judge_5,Ambiguous,Refuted,Refuted,True,False,False,True,False,False,False,False,True,False,True,12,True
SA-000192,judge_1,Ambiguous,Ambiguous,Supported,True,True,False,False,True,False,False,False,False,True,True,46,True
SA-000192,judge_2,Ambiguous,Ambiguous,Supported,True,True,False,False,True,False,False,False,False,True,True,44,True
SA-000192,judge_3,Ambiguous,Ambiguous,Supported,True,True,False,False,True,False,False,False,False,True,True,54,True
SA-000192,judge_4,Ambiguous,Ambiguous,Supported,True,True,False,False,True,False,False,False,False,True,True,42,True
SA-000192,judge_5,Ambiguous,Ambiguous,Supported,True,True,False,False,True,False,False,False,False,True,True,20,True
SA-000193,judge_1,Ambiguous,Ambiguous,Ambiguous,True,True,True,False,False,True,False,False,False,False,False,26,False
SA-000193,judge_2,Ambiguous,Ambiguous,Ambiguous,True,True,True,False,False,True,False,False,False,False,False,0,False
SA-000193,judge_3,Ambiguous,Ambiguous,Ambiguous,True,True,True,False,False,True,False,False,False,False,False,19,True
SA-000193,judge_4,Ambiguous,Ambiguous,Ambiguous,True,True,True,False,False,True,False,False,False,False,False,-8,False
SA-000193,judge_5,Ambiguous,Ambiguous,Ambiguous,True,True,True,False,False,True,False,False,False,False,False,-29,False
SA-000194,judge_1,Refuted,Refuted,Refuted,False,False,False,False,False,False,False,False,False,False,False,-3,False
SA-000194,judge_2,Refuted,Refuted,Refuted,False,False,False,False,False,False,False,False,False,False,False,-2,False
SA-000194,judge_3,Refuted,Refuted,Refuted,False,False,False,False,False,False,False,False,False,False,False,-1,False
SA-000194,judge_4,Refuted,Refuted,Refuted,False,False,False,False,False,False,False,False,False,False,False,-4,False
SA-000194,judge_5,Refuted,Refuted,Refuted,False,False,False,False,False,False,False,False,False,False,False,0,False
SA-000195,judge_1,Supported,Supported,Ambiguous,False,False,True,False,False,True,False,False,False,True,True,-20,False
SA-000195,judge_2,Supported,Ambiguous,Supported,False,True,False,False,True,False,False,False,True,True,False,0,False
SA-000195,judge_3,Supported,Ambiguous,Supported,False,True,False,False,True,False,False,False,True,True,False,-6,False
SA-000195,judge_4,Ambiguous,Ambiguous,Supported,True,True,False,False,True,False,False,False,False,True,True,16,True
SA-000195,judge_5,Ambiguous,Ambiguous,Supported,True,True,False,False,True,False,False,False,False,True,True,8,True
SA-000196,judge_1,Refuted,Refuted,Refuted,False,False,False,False,False,False,False,False,False,False,False,-2,False
SA-000196,judge_2,Refuted,Refuted,Refuted,False,False,False,False,False,False,False,False,False,False,False,-1,False
SA-000196,judge_3,Refuted,Refuted,Refuted,False,False,False,False,False,False,False,False,False,False,False,0,False
SA-000196,judge_4,Refuted,Refuted,Refuted,False,False,False,False,False,False,False,False,False,False,False,0,False
SA-000196,judge_5,Refuted,Refuted,Refuted,False,False,False,False,False,False,False,False,False,False,False,0,False
SA-000197,judge_1,Refuted,Refuted,Refuted,False,False,False,False,False,False,False,False,False,False,False,4,True
SA-000197,judge_2,Refuted,Refuted,Refuted,False,False,False,False,False,False,False,False,False,False,False,5,True
SA-000197,judge_3,Refuted,Refuted,Refuted,False,False,False,False,False,False,False,False,False,False,False,6,True
SA-000197,judge_4,Refuted,Refuted,Refuted,False,False,False,False,False,False,False,False,False,False,False,9,True
SA-000197,judge_5,Refuted,Refuted,Refuted,False,False,False,False,False,False,False,False,False,False,False,-3,False
SA-000198,judge_1,Refuted,Refuted,Refuted,False,False,False,False,False,False,False,False,False,False,False,4,True
SA-000198,judge_2,Refuted,Refuted,Refuted,False,False,False,False,False,False,False,False,False,False,False,-2,False
SA-000198,judge_3,Refuted,Refuted,Refuted,False,False,False,False,False,False,False,False,False,False,False,-2,False
SA-000198,judge_4,Refuted,Refuted,Refuted,False,False,False,False,False,False,False,False,False,False,False,0,False
SA-000198,judge_5,Refuted,Ambiguous,Refuted,False,True,False,False,True,False,False,False,True,True,False,-2,False
SA-000199,judge_1,Supported,Supported,Supported,False,False,False,False,False,False,False,False,False,False,False,2,False
SA-000199,judge_2,Supported,Supported,Supported,False,False,False,False,False,False,False,False,False,False,False,-2,False
SA-000199,judge_3,Supported,Supported,Supported,False,False,False,False,False,False,False,False,False,False,False,-2,False
SA-000199,judge_4,Supported,Supported,Supported,False,False,False,False,False,False,False,False,False,False,False,-3,False
SA-000199,judge_5,Supported,Supported,Supported,False,False,False,False,False,False,False,False,False,False,False,2,False
SA-000200,judge_1,Refuted,Refuted,Refuted,False,False,False,False,False,False,False,False,False,False,False,-2,False
SA-000200,judge_2,Refuted,Refuted,Refuted,False,False,False,False,False,False,False,False,False,False,False,-1,False
SA-000200,judge_3,Refuted,Refuted,Refuted,False,False,False,False,False,False,False,False,False,False,False,0,False
SA-000200,judge_4,Refuted,Refuted,Refuted,False,False,False,False,False,False,False,False,False,False,False,1,False
SA-000200,judge_5,Refuted,Refuted,Refuted,False,False,False,False,False,False,False,False,False,False,False,1,False
SA-000201,judge_1,Supported,Supported,Supported,False,False,False,False,False,False,False,False,False,False,False,0,False
SA-000201,judge_2,Supported,Supported,Supported,False,False,False,False,False,False,False,False,False,False,False,0,False
SA-000201,judge_3,Supported,Supported,Supported,False,False,False,False,False,False,False,False,False,False,False,7,True
SA-000201,judge_4,Supported,Supported,Supported,False,False,False,False,False,False,False,False,False,False,False,2,False
SA-000201,judge_5,Supported,Supported,Supported,False,False,False,False,False,False,False,False,False,False,False,0,False
SA-000202,judge_1,Ambiguous,Ambiguous,Ambiguous,True,True,True,False,False,True,False,False,False,False,False,0,False
SA-000202,judge_2,Ambiguous,Ambiguous,Ambiguous,True,True,True,False,False,True,False,False,False,False,False,-23,False
SA-000202,judge_3,Ambiguous,Ambiguous,Ambiguous,True,True,True,False,False,True,False,False,False,False,False,-2,False
SA-000202,judge_4,Ambiguous,Ambiguous,Ambiguous,True,True,True,False,False,True,False,False,False,False,False,7,False
SA-000202,judge_5,Ambiguous,Ambiguous,Ambiguous,True,True,True,False,False,True,False,False,False,False,False,28,True
SA-000203,judge_1,Ambiguous,Ambiguous,Ambiguous,True,True,True,False,False,True,False,False,False,False,False,-10,False
SA-000203,judge_2,Ambiguous,Ambiguous,Refuted,True,True,False,False,True,False,False,False,False,True,True,-2,True
SA-000203,judge_3,Ambiguous,Ambiguous,Ambiguous,True,True,True,False,False,True,False,False,False,False,False,-2,False
SA-000203,judge_4,Ambiguous,Ambiguous,Ambiguous,True,True,True,False,False,True,False,False,False,False,False,18,True
SA-000203,judge_5,Ambiguous,Ambiguous,Ambiguous,True,True,True,False,False,True,False,False,False,False,False,29,False
SA-000204,judge_1,Supported,Supported,Supported,False,False,False,False,False,False,False,False,False,False,False,4,False
SA-000204,judge_2,Supported,Supported,Supported,False,False,False,False,False,False,False,False,False,False,False,-1,False
SA-000204,judge_3,Supported,Supported,Supported,False,False,False,False,False,False,False,False,False,False,False,-2,False
SA-000204,judge_4,Supported,Supported,Supported,False,False,False,False,False,False,False,False,False,False,False,4,False
SA-000204,judge_5,Supported,Supported,Supported,False,False,False,False,False,False,False,False,False,False,False,4,False
SA-000205,judge_1,Refuted,Refuted,Refuted,False,False,False,False,False,False,False,False,False,False,False,0,False
SA-000205,judge_2,Refuted,Refuted,Refuted,False,False,False,False,False,False,False,False,False,False,False,1,False
SA-000205,judge_3,Refuted,Refuted,Refuted,False,False,False,False,False,False,False,False,False,False,False,0,False
SA-000205,judge_4,Refuted,Refuted,Refuted,False,False,False,False,False,False,False,False,False,False,False,-1,False
SA-000205,judge_5,Refuted,Refuted,Refuted,False,False,False,False,False,False,False,False,False,False,False,1,False
SA-000206,judge_1,Supported,Supported,Ambiguous,False,False,True,False,False,True,False,False,False,True,True,-12,False
SA-000206,judge_2,Ambiguous,Supported,Ambiguous,True,False,True,True,False,True,False,False,True,True,False,-14,False
SA-000206,judge_3,Supported,Supported,Supported,False,False,False,False,False,False,False,False,False,False,False,4,False
SA-000206,judge_4,Supported,Supported,Supported,False,False,False,False,False,False,False,False,False,False,False,4,False
SA-000206,judge_5,Supported,Supported,Supported,False,False,False,False,False,False,False,False,False,False,False,4,False
SA-000207,judge_1,Refuted,Refuted,Refuted,False,False,False,False,False,False,False,False,False,False,False,0,False
SA-000207,judge_2,Refuted,Refuted,Refuted,False,False,False,False,False,False,False,False,False,False,False,0,False
SA-000207,judge_3,Refuted,Refuted,Refuted,False,False,False,False,False,False,False,False,False,False,False,1,False
SA-000207,judge_4,Refuted,Refuted,Refuted,False,False,False,False,False,False,False,False,False,False,False,0,False
SA-000207,judge_5,Refuted,Refuted,Refuted,False,False,False,False,False,False,False,False,False,False,False,0,False
SA-000208,judge_1,Ambiguous,Refuted,Refuted,True,False,False,True,False,False,False,False,True,False,True,30,True
SA-000208,judge_2,Ambiguous,Refuted,Refuted,True,False,False,True,False,False,False,False,True,False,True,10,True
SA-000208,judge_3,Refuted,Refuted,Refuted,False,False,False,False,False,False,False,False,False,False,False,16,True
SA-000208,judge_4,Ambiguous,Refuted,Refuted,True,False,False,True,False,False,False,False,True,False,True,48,True
SA-000208,judge_5,Ambiguous,Refuted,Refuted,True,False,False,True,False,False,False,False,True,False,True,50,True
SA-000209,judge_1,Supported,Supported,Supported,False,False,False,False,False,False,False,False,False,False,False,6,True
SA-000209,judge_2,Supported,Supported,Supported,False,False,False,False,False,False,False,False,False,False,False,1,False
SA-000209,judge_3,Supported,Supported,Supported,False,False,False,False,False,False,False,False,False,False,False,2,False
SA-000209,judge_4,Supported,Supported,Supported,False,False,False,False,False,False,False,False,False,False,False,1,False
SA-000209,judge_5,Supported,Supported,Supported,False,False,False,False,False,False,False,False,False,False,False,1,False
SA-000210,judge_1,Ambiguous,Refuted,Refuted,True,False,False,True,False,False,False,False,True,False,True,27,True
SA-000210,judge_2,Ambiguous,Refuted,Refuted,True,False,False,True,False,False,False,False,True,False,True,11,True
SA-000210,judge_3,Refuted,Refuted,Refuted,False,False,False,False,False,False,False,False,False,False,False,13,True
SA-000210,judge_4,Ambiguous,Refuted,Refuted,True,False,False,True,False,False,False,False,True,False,True,52,True
SA-000210,judge_5,Ambiguous,Refuted,Refuted,True,False,False,True,False,False,False,False,True,False,True,54,True
SA-000211,judge_1,Ambiguous,Ambiguous,Ambiguous,True,True,True,False,False,True,False,False,False,False,False,-6,False
SA-000211,judge_2,Ambiguous,Ambiguous,Ambiguous,True,True,True,False,False,True,False,False,False,False,False,-16,False
SA-000211,judge_3,Ambiguous,Ambiguous,Ambiguous,True,True,True,False,False,True,False,False,False,False,False,-6,False
SA-000211,judge_4,Ambiguous,Ambiguous,Ambiguous,True,True,True,False,False,True,False,False,False,False,False,6,False
SA-000211,judge_5,Ambiguous,Ambiguous,Ambiguous,True,True,True,False,False,True,False,False,False,False,False,11,False
SA-000212,judge_1,Supported,Supported,Supported,False,False,False,False,False,False,False,False,False,False,False,0,False
SA-000212,judge_2,Supported,Supported,Supported,False,False,False,False,False,False,False,False,False,False,False,2,False
SA-000212,judge_3,Supported,Supported,Supported,False,False,False,False,False,False,False,False,False,False,False,1,False
SA-000212,judge_4,Supported,Supported,Supported,False,False,False,False,False,False,False,False,False,False,False,-1,False
SA-000212,judge_5,Supported,Supported,Supported,False,False,False,False,False,False,False,False,False,False,False,1,False
SA-000213,judge_1,Ambiguous,Refuted,Refuted,True,False,False,True,False,False,False,False,True,False,True,29,True
SA-000213,judge_2,Ambiguous,Refuted,Refuted,True,False,False,True,False,False,False,False,True,False,True,14,True
SA-000213,judge_3,Refuted,Refuted,Refuted,False,False,False,False,False,False,False,False,False,False,False,12,True
SA-000213,judge_4,Ambiguous,Refuted,Refuted,True,False,False,True,False,False,False,False,True,False,True,54,True
SA-000213,judge_5,Ambiguous,Refuted,Refuted,True,False,False,True,False,False,False,False,True,False,True,52,True
SA-000214,judge_1,Ambiguous,Supported,Supported,True,False,False,True,False,False,False,False,True,False,True,18,True
SA-000214,judge_2,Ambiguous,Supported,Supported,True,False,False,True,False,False,False,False,True,False,True,2,True
SA-000214,judge_3,Supported,Supported,Supported,False,False,False,False,False,False,False,False,False,False,False,-2,False
SA-000214,judge_4,Ambiguous,Supported,Supported,True,False,False,True,False,False,False,False,True,False,True,36,True
SA-000214,judge_5,Ambiguous,Supported,Supported,True,False,False,True,False,False,False,False,True,False,True,36,True
SA-000215,judge_1,Ambiguous,Refuted,Refuted,True,False,False,True,False,False,False,False,True,False,True,33,True
SA-000215,judge_2,Ambiguous,Refuted,Refuted,True,False,False,True,False,False,False,False,True,False,True,12,True
SA-000215,judge_3,Refuted,Refuted,Refuted,False,False,False,False,False,False,False,False,False,False,False,15,True
SA-000215,judge_4,Ambiguous,Refuted,Refuted,True,False,False,True,False,False,False,False,True,False,True,54,True
SA-000215,judge_5,Ambiguous,Refuted,Refuted,True,False,False,True,False,False,False,False,True,False,True,65,True
SA-000216,judge_1,Ambiguous,Supported,Supported,True,False,False,True,False,False,False,False,True,False,True,26,True
SA-000216,judge_2,Ambiguous,Supported,Supported,True,False,False,True,False,False,False,False,True,False,True,8,True
SA-000216,judge_3,Supported,Supported,Supported,False,False,False,False,False,False,False,False,False,False,False,12,True
SA-000216,judge_4,Ambiguous,Supported,Supported,True,False,False,True,False,False,False,False,True,False,True,43,True
SA-000216,judge_5,Ambiguous,Supported,Supported,True,False,False,True,False,False,False,False,True,False,True,49,True
SA-000217,judge_1,Supported,Supported,Supported,False,False,False,False,False,False,False,False,False,False,False,8,True
SA-000217,judge_2,Supported,Supported,Supported,False,False,False,False,False,False,False,False,False,False,False,2,False
SA-000217,judge_3,Supported,Ambiguous,Supported,False,True,False,False,True,False,False,False,True,True,False,14,True
SA-000217,judge_4,Supported,Supported,Supported,False,False,False,False,False,False,False,False,False,False,False,10,True
SA-000217,judge_5,Supported,Supported,Supported,False,False,False,False,False,False,False,False,False,False,False,21,True
SA-000218,judge_1,Ambiguous,Ambiguous,Ambiguous,True,True,True,False,False,True,False,False,False,False,False,-3,False
SA-000218,judge_2,Ambiguous,Ambiguous,Ambiguous,True,True,True,False,False,True,False,False,False,False,False,-22,False
SA-000218,judge_3,Ambiguous,Ambiguous,Ambiguous,True,True,True,False,False,True,False,False,False,False,False,-6,False
SA-000218,judge_4,Ambiguous,Ambiguous,Ambiguous,True,True,True,False,False,True,False,False,False,False,False,18,False
SA-000218,judge_5,Ambiguous,Ambiguous,Ambiguous,True,True,True,False,False,True,False,False,False,False,False,22,False
SA-000219,judge_1,Ambiguous,Refuted,Refuted,True,False,False,True,False,False,False,False,True,False,True,31,True
SA-000219,judge_2,Ambiguous,Refuted,Refuted,True,False,False,True,False,False,False,False,True,False,True,12,True
SA-000219,judge_3,Refuted,Refuted,Refuted,False,False,False,False,False,False,False,False,False,False,False,9,True
SA-000219,judge_4,Ambiguous,Refuted,Refuted,True,False,False,True,False,False,False,False,True,False,True,46,True
SA-000219,judge_5,Ambiguous,Refuted,Refuted,True,False,False,True,False,False,False,False,True,False,True,54,True
SA-000220,judge_1,Ambiguous,Ambiguous,Ambiguous,True,True,True,False,False,True,False,False,False,False,False,0,False
SA-000220,judge_2,Ambiguous,Ambiguous,Ambiguous,True,True,True,False,False,True,False,False,False,False,False,-16,False
SA-000220,judge_3,Ambiguous,Ambiguous,Ambiguous,True,True,True,False,False,True,False,False,False,False,False,-15,False
SA-000220,judge_4,Ambiguous,Ambiguous,Ambiguous,True,True,True,False,False,True,False,False,False,False,False,15,True
SA-000220,judge_5,Ambiguous,Ambiguous,Ambiguous,True,True,True,False,False,True,False,False,False,False,False,34,False
SA-000221,judge_1,Refuted,Refuted,Refuted,False,False,False,False,False,False,False,False,False,False,False,-1,False
SA-000221,judge_2,Refuted,Refuted,Refuted,False,False,False,False,False,False,False,False,False,False,False,-3,False
SA-000221,judge_3,Refuted,Refuted,Refuted,False,False,False,False,False,False,False,False,False,False,False,4,False
SA-000221,judge_4,Refuted,Refuted,Refuted,False,False,False,False,False,False,False,False,False,False,False,3,False
SA-000221,judge_5,Refuted,Refuted,Refuted,False,False,False,False,False,False,False,False,False,False,False,7,False
SA-000222,judge_1,Ambiguous,Refuted,Refuted,True,False,False,True,False,False,False,False,True,False,True,37,True
SA-000222,judge_2,Ambiguous,Refuted,Refuted,True,False,False,True,False,False,False,False,True,False,True,16,True
SA-000222,judge_3,Refuted,Refuted,Refuted,False,False,False,False,False,False,False,False,False,False,False,8,True
SA-000222,judge_4,Ambiguous,Refuted,Refuted,True,False,False,True,False,False,False,False,True,False,True,46,True
SA-000222,judge_5,Ambiguous,Refuted,Refuted,True,False,False,True,False,False,False,False,True,False,True,57,True
SA-000223,judge_1,Ambiguous,Supported,Supported,True,False,False,True,False,False,False,False,True,False,True,26,True
SA-000223,judge_2,Ambiguous,Supported,Supported,True,False,False,True,False,False,False,False,True,False,True,6,True
SA-000223,judge_3,Supported,Supported,Supported,False,False,False,False,False,False,False,False,False,False,False,15,True
SA-000223,judge_4,Ambiguous,Supported,Supported,True,False,False,True,False,False,False,False,True,False,True,48,True
SA-000223,judge_5,Ambiguous,Supported,Supported,True,False,False,True,False,False,False,False,True,False,True,53,True
SA-000224,judge_1,Ambiguous,Ambiguous,Ambiguous,True,True,True,False,False,True,False,False,False,False,False,-4,False
SA-000224,judge_2,Ambiguous,Ambiguous,Ambiguous,True,True,True,False,False,True,False,False,False,False,False,-28,False
SA-000224,judge_3,Ambiguous,Ambiguous,Ambiguous,True,True,True,False,False,True,False,False,False,False,False,-5,False
SA-000224,judge_4,Ambiguous,Ambiguous,Ambiguous,True,True,True,False,False,True,False,False,False,False,False,0,False
SA-000224,judge_5,Ambiguous,Ambiguous,Ambiguous,True,True,True,False,False,True,False,False,False,False,False,33,False
SA-000225,judge_1,Supported,Supported,Supported,False,False,False,False,False,False,False,False,False,False,False,1,False
SA-000225,judge_2,Supported,Supported,Supported,False,False,False,False,False,False,False,False,False,False,False,-4,False
SA-000225,judge_3,Supported,Supported,Supported,False,False,False,False,False,False,False,False,False,False,False,0,False
SA-000225,judge_4,Supported,Supported,Supported,False,False,False,False,False,False,False,False,False,False,False,4,False
SA-000225,judge_5,Supported,Supported,Supported,False,False,False,False,False,False,False,False,False,False,False,8,False
SA-000226,judge_1,Ambiguous,Supported,Supported,True,False,False,True,False,False,False,False,True,False,True,32,True
SA-000226,judge_2,Ambiguous,Supported,Supported,True,False,False,True,False,False,False,False,True,False,True,12,True
SA-000226,judge_3,Supported,Supported,Supported,False,False,False,False,False,False,False,False,False,False,False,13,True
SA-000226,judge_4,Ambiguous,Supported,Supported,True,False,False,True,False,False,False,False,True,False,True,52,True
SA-000226,judge_5,Ambiguous,Supported,Supported,True,False,False,True,False,False,False,False,True,False,True,56,True
SA-000227,judge_1,Supported,Supported,Supported,False,False,False,False,False,False,False,False,False,False,False,-8,False
SA-000227,judge_2,Supported,Supported,Supported,False,False,False,False,False,False,False,False,False,False,False,-2,False
SA-000227,judge_3,Supported,Supported,Supported,False,False,False,False,False,False,False,False,False,False,False,1,False
SA-000227,judge_4,Supported,Supported,Supported,False,False,False,False,False,False,False,False,False,False,False,1,False
SA-000227,judge_5,Supported,Supported,Supported,False,False,False,False,False,False,False,False,False,False,False,0,False
SA-000228,judge_1,Ambiguous,Supported,Supported,True,False,False,True,False,False,False,False,True,False,True,31,True
SA-000228,judge_2,Ambiguous,Supported,Supported,True,False,False,True,False,False,False,False,True,False,True,13,True
SA-000228,judge_3,Supported,Supported,Supported,False,False,False,False,False,False,False,False,False,False,False,2,False
SA-000228,judge_4,Ambiguous,Supported,Supported,True,False,False,True,False,False,False,False,True,False,True,45,True
SA-000228,judge_5,Ambiguous,Supported,Supported,True,False,False,True,False,False,False,False,True,False,True,48,True
SA-000229,judge_1,Ambiguous,Ambiguous,Ambiguous,True,True,True,False,False,True,False,False,False,False,False,10,False
SA-000229,judge_2,Ambiguous,Ambiguous,Ambiguous,True,True,True,False,False,True,False,False,False,False,False,-22,False
SA-000229,judge_3,Ambiguous,Ambiguous,Ambiguous,True,True,True,False,False,True,False,False,False,False,False,-7,False
SA-000229,judge_4,Ambiguous,Ambiguous,Ambiguous,True,True,True,False,False,True,False,False,False,False,False,17,False
SA-000229,judge_5,Ambiguous,Ambiguous,Ambiguous,True,True,True,False,False,True,False,False,False,False,False,30,False
SA-000230,judge_1,Ambiguous,Ambiguous,Ambiguous,True,True,True,False,False,True,False,False,False,False,False,0,False
SA-000230,judge_2,Ambiguous,Ambiguous,Ambiguous,True,True,True,False,False,True,False,False,False,False,False,-34,False
SA-000230,judge_3,Ambiguous,Ambiguous,Ambiguous,True,True,True,False,False,True,False,False,False,False,False,-30,False
SA-000230,judge_4,Ambiguous,Ambiguous,Ambiguous,True,True,True,False,False,True,False,False,False,False,False,13,False
SA-000230,judge_5,Ambiguous,Ambiguous,Ambiguous,True,True,True,False,False,True,False,False,False,False,False,46,True
SA-000231,judge_1,Ambiguous,Ambiguous,Ambiguous,True,True,True,False,False,True,False,False,False,False,False,-8,False
SA-000231,judge_2,Ambiguous,Ambiguous,Ambiguous,True,True,True,False,False,True,False,False,False,False,False,-10,False
SA-000231,judge_3,Ambiguous,Ambiguous,Ambiguous,True,True,True,False,False,True,False,False,False,False,False,1,False
SA-000231,judge_4,Ambiguous,Ambiguous,Ambiguous,True,True,True,False,False,True,False,False,False,False,False,6,False
SA-000231,judge_5,Ambiguous,Ambiguous,Ambiguous,True,True,True,False,False,True,False,False,False,False,False,13,False
SA-000232,judge_1,Supported,Supported,Supported,False,False,False,False,False,False,False,False,False,False,False,-1,False
SA-000232,judge_2,Supported,Supported,Supported,False,False,False,False,False,False,False,False,False,False,False,0,False
SA-000232,judge_3,Supported,Supported,Supported,False,False,False,False,False,False,False,False,False,False,False,0,False
SA-000232,judge_4,Supported,Supported,Supported,False,False,False,False,False,False,False,False,False,False,False,0,False
SA-000232,judge_5,Supported,Supported,Supported,False,False,False,False,False,False,False,False,False,False,False,-1,False
SA-000233,judge_1,Supported,Supported,Supported,False,False,False,False,False,False,False,False,False,False,False,-1,False
SA-000233,judge_2,Supported,Supported,Supported,False,False,False,False,False,False,False,False,False,False,False,1,False
SA-000233,judge_3,Supported,Supported,Supported,False,False,False,False,False,False,False,False,False,False,False,-1,False
SA-000233,judge_4,Supported,Supported,Supported,False,False,False,False,False,False,False,False,False,False,False,-1,False
SA-000233,judge_5,Supported,Supported,Supported,False,False,False,False,False,False,False,False,False,False,False,-1,False
SA-000234,judge_1,Ambiguous,Refuted,Refuted,True,False,False,True,False,False,False,False,True,False,True,27,True
SA-000234,judge_2,Ambiguous,Refuted,Refuted,True,False,False,True,False,False,False,False,True,False,True,11,True
SA-000234,judge_3,Refuted,Refuted,Refuted,False,False,False,False,False,False,False,False,False,False,False,9,True
SA-000234,judge_4,Ambiguous,Refuted,Refuted,True,False,False,True,False,False,False,False,True,False,True,48,True
SA-000234,judge_5,Ambiguous,Refuted,Refuted,True,False,False,True,False,False,False,False,True,False,True,55,True
SA-000235,judge_1,Refuted,Refuted,Refuted,False,False,False,False,False,False,False,False,False,False,False,1,False
SA-000235,judge_2,Refuted,Refuted,Refuted,False,False,False,False,False,False,False,False,False,False,False,0,False
SA-000235,judge_3,Refuted,Refuted,Refuted,False,False,False,False,False,False,False,False,False,False,False,1,False
SA-000235,judge_4,Refuted,Refuted,Refuted,False,False,False,False,False,False,False,False,False,False,False,0,False
SA-000235,judge_5,Refuted,Refuted,Refuted,False,False,False,False,False,False,False,False,False,False,False,2,False
SA-000236,judge_1,Ambiguous,Ambiguous,Ambiguous,True,True,True,False,False,True,False,False,False,False,False,2,False
SA-000236,judge_2,Ambiguous,Supported,Ambiguous,True,False,True,True,False,True,False,False,True,True,False,-20,False
SA-000236,judge_3,Ambiguous,Ambiguous,Ambiguous,True,True,True,False,False,True,False,False,False,False,False,-1,False
SA-000236,judge_4,Ambiguous,Ambiguous,Ambiguous,True,True,True,False,False,True,False,False,False,False,False,0,False
SA-000236,judge_5,Ambiguous,Ambiguous,Ambiguous,True,True,True,False,False,True,False,False,False,False,False,11,False
SA-000237,judge_1,Ambiguous,Refuted,Refuted,True,False,False,True,False,False,False,False,True,False,True,30,True
SA-000237,judge_2,Ambiguous,Refuted,Refuted,True,False,False,True,False,False,False,False,True,False,True,15,True
SA-000237,judge_3,Refuted,Refuted,Refuted,False,False,False,False,False,False,False,False,False,False,False,1,False
SA-000237,judge_4,Ambiguous,Refuted,Refuted,True,False,False,True,False,False,False,False,True,False,True,47,True
SA-000237,judge_5,Ambiguous,Refuted,Refuted,True,False,False,True,False,False,False,False,True,False,True,51,True
SA-000238,judge_1,Refuted,Refuted,Refuted,False,False,False,False,False,False,False,False,False,False,False,-14,False
SA-000238,judge_2,Ambiguous,Ambiguous,Supported,True,True,False,False,True,False,False,False,False,True,True,0,True
SA-000238,judge_3,Ambiguous,Ambiguous,Refuted,True,True,False,False,True,False,False,False,False,True,True,20,True
SA-000238,judge_4,Ambiguous,Ambiguous,Ambiguous,True,True,True,False,False,True,False,False,False,False,False,1,False
SA-000238,judge_5,Refuted,Refuted,Refuted,False,False,False,False,False,False,False,False,False,False,False,14,True
SA-000239,judge_1,Ambiguous,Ambiguous,Ambiguous,True,True,True,False,False,True,False,False,False,False,False,-6,False
SA-000239,judge_2,Ambiguous,Ambiguous,Ambiguous,True,True,True,False,False,True,False,False,False,False,False,-22,False
SA-000239,judge_3,Refuted,Ambiguous,Ambiguous,False,True,True,False,False,True,False,False,True,False,True,-15,False
SA-000239,judge_4,Refuted,Ambiguous,Refuted,False,True,False,False,True,False,False,False,True,True,False,4,False
SA-000239,judge_5,Ambiguous,Ambiguous,Refuted,True,True,False,False,True,False,False,False,False,True,True,29,True
SA-000240,judge_1,Ambiguous,Ambiguous,Ambiguous,True,True,True,False,False,True,False,False,False,False,False,4,False
SA-000240,judge_2,Ambiguous,Ambiguous,Ambiguous,True,True,True,False,False,True,False,False,False,False,False,-28,False
SA-000240,judge_3,Ambiguous,Ambiguous,Ambiguous,True,True,True,False,False,True,False,False,False,False,False,-12,False
SA-000240,judge_4,Ambiguous,Ambiguous,Ambiguous,True,True,True,False,False,True,False,False,False,False,False,6,False
SA-000240,judge_5,Ambiguous,Ambiguous,Ambiguous,True,True,True,False,False,True,False,False,False,False,False,21,False
SA-000241,judge_1,Ambiguous,Refuted,Refuted,True,False,False,True,False,False,False,False,True,False,True,34,True
SA-000241,judge_2,Ambiguous,Refuted,Refuted,True,False,False,True,False,False,False,False,True,False,True,13,True
SA-000241,judge_3,Refuted,Refuted,Refuted,False,False,False,False,False,False,False,False,False,False,False,6,True
SA-000241,judge_4,Refuted,Refuted,Refuted,False,False,False,False,False,False,False,False,False,False,False,2,False
SA-000241,judge_5,Refuted,Refuted,Refuted,False,False,False,False,False,False,False,False,False,False,False,16,True
SA-000242,judge_1,Supported,Supported,Supported,False,False,False,False,False,False,False,False,False,False,False,14,True
SA-000242,judge_2,Ambiguous,Supported,Supported,True,False,False,True,False,False,False,False,True,False,True,16,True
SA-000242,judge_3,Supported,Supported,Supported,False,False,False,False,False,False,False,False,False,False,False,15,True
SA-000242,judge_4,Supported,Supported,Supported,False,False,False,False,False,False,False,False,False,False,False,13,True
SA-000242,judge_5,Supported,Supported,Supported,False,False,False,False,False,False,False,False,False,False,False,20,True
SA-000243,judge_1,Ambiguous,Refuted,Refuted,True,False,False,True,False,False,False,False,True,False,True,30,True
SA-000243,judge_2,Ambiguous,Refuted,Refuted,True,False,False,True,False,False,False,False,True,False,True,17,True
SA-000243,judge_3,Refuted,Refuted,Refuted,False,False,False,False,False,False,False,False,False,False,False,3,False
SA-000243,judge_4,Ambiguous,Refuted,Refuted,True,False,False,True,False,False,False,False,True,False,True,50,True
SA-000243,judge_5,Ambiguous,Refuted,Refuted,True,False,False,True,False,False,False,False,True,False,True,55,True
SA-000244,judge_1,Supported,Supported,Supported,False,False,False,False,False,False,False,False,False,False,False,-1,False
SA-000244,judge_2,Supported,Supported,Supported,False,False,False,False,False,False,False,False,False,False,False,1,False
SA-000244,judge_3,Supported,Supported,Supported,False,False,False,False,False,False,False,False,False,False,False,-1,False
SA-000244,judge_4,Supported,Supported,Supported,False,False,False,False,False,False,False,False,False,False,False,-1,False
SA-000244,judge_5,Supported,Supported,Supported,False,False,False,False,False,False,False,False,False,False,False,-1,False
SA-000245,judge_1,Refuted,Refuted,Refuted,False,False,False,False,False,False,False,False,False,False,False,0,False
SA-000245,judge_2,Refuted,Refuted,Refuted,False,False,False,False,False,False,False,False,False,False,False,0,False
SA-000245,judge_3,Refuted,Refuted,Refuted,False,False,False,False,False,False,False,False,False,False,False,1,False
SA-000245,judge_4,Refuted,Refuted,Refuted,False,False,False,False,False,False,False,False,False,False,False,-1,False
SA-000245,judge_5,Refuted,Refuted,Refuted,False,False,False,False,False,False,False,False,False,False,False,1,False
SA-000246,judge_1,Ambiguous,Refuted,Refuted,True,False,False,True,False,False,False,False,True,False,True,22,True
SA-000246,judge_2,Ambiguous,Refuted,Refuted,True,False,False,True,False,False,False,False,True,False,True,4,True
SA-000246,judge_3,Refuted,Refuted,Refuted,False,False,False,False,False,False,False,False,False,False,False,0,False
SA-000246,judge_4,Ambiguous,Refuted,Refuted,True,False,False,True,False,False,False,False,True,False,True,42,True
SA-000246,judge_5,Ambiguous,Refuted,Refuted,True,False,False,True,False,False,False,False,True,False,True,48,True
SA-000247,judge_1,Supported,Supported,Supported,False,False,False,False,False,False,False,False,False,False,False,-1,False
SA-000247,judge_2,Supported,Supported,Supported,False,False,False,False,False,False,False,False,False,False,False,2,False
SA-000247,judge_3,Supported,Supported,Supported,False,False,False,False,False,False,False,False,False,False,False,0,False
SA-000247,judge_4,Supported,Supported,Supported,False,False,False,False,False,False,False,False,False,False,False,-1,False
SA-000247,judge_5,Supported,Supported,Supported,False,False,False,False,False,False,False,False,False,False,False,-1,False
SA-000248,judge_1,Ambiguous,Ambiguous,Ambiguous,True,True,True,False,False,True,False,False,False,False,False,-2,False
SA-000248,judge_2,Ambiguous,Ambiguous,Ambiguous,True,True,True,False,False,True,False,False,False,False,False,-30,False
SA-000248,judge_3,Ambiguous,Ambiguous,Ambiguous,True,True,True,False,False,True,False,False,False,False,False,-12,False
SA-000248,judge_4,Ambiguous,Ambiguous,Ambiguous,True,True,True,False,False,True,False,False,False,False,False,5,False
SA-000248,judge_5,Ambiguous,Ambiguous,Ambiguous,True,True,True,False,False,True,False,False,False,False,False,9,False
SA-000249,judge_1,Ambiguous,Supported,Supported,True,False,False,True,False,False,False,False,True,False,True,26,True
SA-000249,judge_2,Ambiguous,Supported,Supported,True,False,False,True,False,False,False,False,True,False,True,6,True
SA-000249,judge_3,Supported,Supported,Supported,False,False,False,False,False,False,False,False,False,False,False,10,True
SA-000249,judge_4,Ambiguous,Supported,Supported,True,False,False,True,False,False,False,False,True,False,True,53,True
SA-000249,judge_5,Ambiguous,Supported,Supported,True,False,False,True,False,False,False,False,True,False,True,53,True
SA-000250,judge_1,Refuted,Refuted,Refuted,False,False,False,False,False,False,False,False,False,False,False,10,True
SA-000250,judge_2,Ambiguous,Refuted,Refuted,True,False,False,True,False,False,False,False,True,False,True,14,True
SA-000250,judge_3,Refuted,Refuted,Refuted,False,False,False,False,False,False,False,False,False,False,False,6,True
SA-000250,judge_4,Refuted,Refuted,Refuted,False,False,False,False,False,False,False,False,False,False,False,14,True
SA-000250,judge_5,Refuted,Refuted,Refuted,False,False,False,False,False,False,False,False,False,False,False,17,True
SA-000251,judge_1,Refuted,Refuted,Refuted,False,False,False,False,False,False,False,False,False,False,False,1,False
SA-000251,judge_2,Refuted,Refuted,Refuted,False,False,False,False,False,False,False,False,False,False,False,2,False
SA-000251,judge_3,Refuted,Refuted,Refuted,False,False,False,False,False,False,False,False,False,False,False,0,False
SA-000251,judge_4,Refuted,Refuted,Refuted,False,False,False,False,False,False,False,False,False,False,False,-1,False
SA-000251,judge_5,Refuted,Refuted,Refuted,False,False,False,False,False,False,False,False,False,False,False,1,False
SA-000252,judge_1,Ambiguous,Refuted,Refuted,True,False,False,True,False,False,False,False,True,False,True,35,True
SA-000252,judge_2,Ambiguous,Refuted,Refuted,True,False,False,True,False,False,False,False,True,False,True,19,True
SA-000252,judge_3,Refuted,Refuted,Refuted,False,False,False,False,False,False,False,False,False,False,False,3,False
SA-000252,judge_4,Ambiguous,Refuted,Refuted,True,False,False,True,False,False,False,False,True,False,True,56,True
SA-000252,judge_5,Ambiguous,Refuted,Refuted,True,False,False,True,False,False,False,False,True,False,True,57,True
SA-000253,judge_1,Supported,Supported,Supported,False,False,False,False,False,False,False,False,False,False,False,8,True
SA-000253,judge_2,Ambiguous,Supported,Supported,True,False,False,True,False,False,False,False,True,False,True,18,True
SA-000253,judge_3,Supported,Supported,Supported,False,False,False,False,False,False,False,False,False,False,False,1,False
SA-000253,judge_4,Supported,Supported,Supported,False,False,False,False,False,False,False,False,False,False,False,10,True
SA-000253,judge_5,Supported,Supported,Supported,False,False,False,False,False,False,False,False,False,False,False,14,True
SA-000254,judge_1,Refuted,Refuted,Refuted,False,False,False,False,False,False,False,False,False,False,False,-2,False
SA-000254,judge_2,Refuted,Refuted,Refuted,False,False,False,False,False,False,False,False,False,False,False,-4,False
SA-000254,judge_3,Refuted,Refuted,Refuted,False,False,False,False,False,False,False,False,False,False,False,0,False
SA-000254,judge_4,Refuted,Refuted,Refuted,False,False,False,False,False,False,False,False,False,False,False,2,False
SA-000254,judge_5,Refuted,Refuted,Refuted,False,False,False,False,False,False,False,False,False,False,False,5,False
SA-000255,judge_1,Ambiguous,Ambiguous,Ambiguous,True,True,True,False,False,True,False,False,False,False,False,-2,False
SA-000255,judge_2,Ambiguous,Ambiguous,Supported,True,True,False,False,True,False,False,False,False,True,True,2,True
SA-000255,judge_3,Ambiguous,Ambiguous,Ambiguous,True,True,True,False,False,True,False,False,False,False,False,-4,False
SA-000255,judge_4,Ambiguous,Ambiguous,Ambiguous,True,True,True,False,False,True,False,False,False,False,False,-6,False
SA-000255,judge_5,Ambiguous,Ambiguous,Ambiguous,True,True,True,False,False,True,False,False,False,False,False,10,False
SA-000256,judge_1,Ambiguous,Ambiguous,Ambiguous,True,True,True,False,False,True,False,False,False,False,False,-30,True
SA-000256,judge_2,Ambiguous,Ambiguous,Ambiguous,True,True,True,False,False,True,False,False,False,False,False,-40,True
SA-000256,judge_3,Ambiguous,Ambiguous,Ambiguous,True,True,True,False,False,True,False,False,False,False,False,-28,True
SA-000256,judge_4,Ambiguous,Ambiguous,Ambiguous,True,True,True,False,False,True,False,False,False,False,False,25,True
SA-000256,judge_5,Ambiguous,Ambiguous,Ambiguous,True,True,True,False,False,True,False,False,False,False,False,33,True
SA-000257,judge_1,Refuted,Refuted,Refuted,False,False,False,False,False,False,False,False,False,False,False,0,False
SA-000257,judge_2,Refuted,Refuted,Refuted,False,False,False,False,False,False,False,False,False,False,False,-4,False
SA-000257,judge_3,Refuted,Refuted,Refuted,False,False,False,False,False,False,False,False,False,False,False,5,True
SA-000257,judge_4,Refuted,Refuted,Refuted,False,False,False,False,False,False,False,False,False,False,False,4,False
SA-000257,judge_5,Refuted,Refuted,Refuted,False,False,False,False,False,False,False,False,False,False,False,8,True
SA-000258,judge_1,Supported,Supported,Supported,False,False,False,False,False,False,False,False,False,False,False,-2,False
SA-000258,judge_2,Supported,Supported,Supported,False,False,False,False,False,False,False,False,False,False,False,-5,False
SA-000258,judge_3,Supported,Supported,Supported,False,False,False,False,False,False,False,False,False,False,False,-2,False
SA-000258,judge_4,Supported,Supported,Supported,False,False,False,False,False,False,False,False,False,False,False,-2,False
SA-000258,judge_5,Supported,Supported,Supported,False,False,False,False,False,False,False,False,False,False,False,0,False
SA-000259,judge_1,Refuted,Refuted,Refuted,False,False,False,False,False,False,False,False,False,False,False,-1,False
SA-000259,judge_2,Refuted,Refuted,Refuted,False,False,False,False,False,False,False,False,False,False,False,-1,False
SA-000259,judge_3,Refuted,Refuted,Refuted,False,False,False,False,False,False,False,False,False,False,False,2,False
SA-000259,judge_4,Refuted,Refuted,Refuted,False,False,False,False,False,False,False,False,False,False,False,1,False
SA-000259,judge_5,Refuted,Refuted,Refuted,False,False,False,False,False,False,False,False,False,False,False,1,False
SA-000260,judge_1,Ambiguous,Refuted,Refuted,True,False,False,True,False,False,False,False,True,False,True,24,True
SA-000260,judge_2,Ambiguous,Refuted,Refuted,True,False,False,True,False,False,False,False,True,False,True,2,True
SA-000260,judge_3,Refuted,Refuted,Refuted,False,False,False,False,False,False,False,False,False,False,False,3,False
SA-000260,judge_4,Ambiguous,Refuted,Refuted,True,False,False,True,False,False,False,False,True,False,True,47,True
SA-000260,judge_5,Ambiguous,Refuted,Refuted,True,False,False,True,False,False,False,False,True,False,True,54,True
SA-000261,judge_1,Supported,Supported,Supported,False,False,False,False,False,False,False,False,False,False,False,1,False
SA-000261,judge_2,Supported,Supported,Supported,False,False,False,False,False,False,False,False,False,False,False,2,False
SA-000261,judge_3,Supported,Supported,Supported,False,False,False,False,False,False,False,False,False,False,False,3,False
SA-000261,judge_4,Supported,Supported,Supported,False,False,False,False,False,False,False,False,False,False,False,1,False
SA-000261,judge_5,Supported,Supported,Supported,False,False,False,False,False,False,False,False,False,False,False,7,True
SA-000262,judge_1,Ambiguous,Ambiguous,Ambiguous,True,True,True,False,False,True,False,False,False,False,False,-23,True
SA-000262,judge_2,Ambiguous,Ambiguous,Supported,True,True,False,False,True,False,False,False,False,True,True,-6,True
SA-000262,judge_3,Ambiguous,Ambiguous,Ambiguous,True,True,True,False,False,True,False,False,False,False,False,-10,True
SA-000262,judge_4,Ambiguous,Ambiguous,Ambiguous,True,True,True,False,False,True,False,False,False,False,False,23,True
SA-000262,judge_5,Ambiguous,Ambiguous,Supported,True,True,False,False,True,False,False,False,False,True,True,50,True
SA-000263,judge_1,Refuted,Refuted,Refuted,False,False,False,False,False,False,False,False,False,False,False,-1,False
SA-000263,judge_2,Refuted,Refuted,Refuted,False,False,False,False,False,False,False,False,False,False,False,-1,False
SA-000263,judge_3,Refuted,Refuted,Refuted,False,False,False,False,False,False,False,False,False,False,False,1,False
SA-000263,judge_4,Refuted,Refuted,Refuted,False,False,False,False,False,False,False,False,False,False,False,0,False
SA-000263,judge_5,Refuted,Refuted,Refuted,False,False,False,False,False,False,False,False,False,False,False,-1,False
SA-000264,judge_1,Ambiguous,Supported,Supported,True,False,False,True,False,False,False,False,True,False,True,16,True
SA-000264,judge_2,Ambiguous,Supported,Supported,True,False,False,True,False,False,False,False,True,False,True,2,True
SA-000264,judge_3,Ambiguous,Ambiguous,Supported,True,True,False,False,True,False,False,False,False,True,True,14,True
SA-000264,judge_4,Supported,Supported,Supported,False,False,False,False,False,False,False,False,False,False,False,4,False
SA-000264,judge_5,Supported,Supported,Supported,False,False,False,False,False,False,False,False,False,False,False,14,False
SA-000265,judge_1,Supported,Supported,Supported,False,False,False,False,False,False,False,False,False,False,False,-4,False
SA-000265,judge_2,Supported,Supported,Supported,False,False,False,False,False,False,False,False,False,False,False,-3,False
SA-000265,judge_3,Supported,Supported,Supported,False,False,False,False,False,False,False,False,False,False,False,-2,False
SA-000265,judge_4,Supported,Supported,Supported,False,False,False,False,False,False,False,False,False,False,False,-2,False
SA-000265,judge_5,Supported,Supported,Supported,False,False,False,False,False,False,False,False,False,False,False,3,False
SA-000266,judge_1,Ambiguous,Refuted,Refuted,True,False,False,True,False,False,False,False,True,False,True,29,True
SA-000266,judge_2,Ambiguous,Refuted,Refuted,True,False,False,True,False,False,False,False,True,False,True,12,True
SA-000266,judge_3,Refuted,Refuted,Refuted,False,False,False,False,False,False,False,False,False,False,False,9,True
SA-000266,judge_4,Ambiguous,Refuted,Refuted,True,False,False,True,False,False,False,False,True,False,True,52,True
SA-000266,judge_5,Ambiguous,Refuted,Refuted,True,False,False,True,False,False,False,False,True,False,True,53,True
SA-000267,judge_1,Supported,Supported,Supported,False,False,False,False,False,False,False,False,False,False,False,3,True
SA-000267,judge_2,Supported,Supported,Supported,False,False,False,False,False,False,False,False,False,False,False,1,False
SA-000267,judge_3,Supported,Supported,Supported,False,False,False,False,False,False,False,False,False,False,False,4,False
SA-000267,judge_4,Supported,Supported,Supported,False,False,False,False,False,False,False,False,False,False,False,1,False
SA-000267,judge_5,Supported,Supported,Supported,False,False,False,False,False,False,False,False,False,False,False,6,True
SA-000268,judge_1,Supported,Supported,Supported,False,False,False,False,False,False,False,False,False,False,False,-1,False
SA-000268,judge_2,Supported,Supported,Supported,False,False,False,False,False,False,False,False,False,False,False,-2,False
SA-000268,judge_3,Supported,Supported,Supported,False,False,False,False,False,False,False,False,False,False,False,2,False
SA-000268,judge_4,Supported,Supported,Supported,False,False,False,False,False,False,False,False,False,False,False,1,False
SA-000268,judge_5,Supported,Supported,Supported,False,False,False,False,False,False,False,False,False,False,False,1,False
SA-000269,judge_1,Supported,Supported,Supported,False,False,False,False,False,False,False,False,False,False,False,-2,False
SA-000269,judge_2,Supported,Supported,Supported,False,False,False,False,False,False,False,False,False,False,False,-4,False
SA-000269,judge_3,Supported,Supported,Supported,False,False,False,False,False,False,False,False,False,False,False,3,False
SA-000269,judge_4,Supported,Supported,Supported,False,False,False,False,False,False,False,False,False,False,False,0,False
SA-000269,judge_5,Supported,Supported,Supported,False,False,False,False,False,False,False,False,False,False,False,2,False
SA-000270,judge_1,Refuted,Refuted,Refuted,False,False,False,False,False,False,False,False,False,False,False,0,False
SA-000270,judge_2,Refuted,Refuted,Refuted,False,False,False,False,False,False,False,False,False,False,False,1,False
SA-000270,judge_3,Refuted,Refuted,Refuted,False,False,False,False,False,False,False,False,False,False,False,1,False
SA-000270,judge_4,Refuted,Refuted,Refuted,False,False,False,False,False,False,False,False,False,False,False,0,False
SA-000270,judge_5,Refuted,Refuted,Refuted,False,False,False,False,False,False,False,False,False,False,False,1,False
SA-000271,judge_1,Refuted,Refuted,Refuted,False,False,False,False,False,False,False,False,False,False,False,-3,False
SA-000271,judge_2,Refuted,Refuted,Refuted,False,False,False,False,False,False,False,False,False,False,False,-2,False
SA-000271,judge_3,Refuted,Refuted,Refuted,False,False,False,False,False,False,False,False,False,False,False,0,False
SA-000271,judge_4,Refuted,Refuted,Refuted,False,False,False,False,False,False,False,False,False,False,False,-4,False
SA-000271,judge_5,Refuted,Refuted,Refuted,False,False,False,False,False,False,False,False,False,False,False,1,False
SA-000272,judge_1,Supported,Supported,Supported,False,False,False,False,False,False,False,False,False,False,False,0,False
SA-000272,judge_2,Supported,Supported,Supported,False,False,False,False,False,False,False,False,False,False,False,0,False
SA-000272,judge_3,Supported,Supported,Supported,False,False,False,False,False,False,False,False,False,False,False,-1,False
SA-000272,judge_4,Supported,Supported,Supported,False,False,False,False,False,False,False,False,False,False,False,1,False
SA-000272,judge_5,Supported,Supported,Supported,False,False,False,False,False,False,False,False,False,False,False,0,False
SA-000273,judge_1,Refuted,Refuted,Refuted,False,False,False,False,False,False,False,False,False,False,False,1,False
SA-000273,judge_2,Ambiguous,Refuted,Refuted,True,False,False,True,False,False,False,False,True,False,True,10,True
SA-000273,judge_3,Refuted,Refuted,Refuted,False,False,False,False,False,False,False,False,False,False,False,5,True
SA-000273,judge_4,Refuted,Refuted,Refuted,False,False,False,False,False,False,False,False,False,False,False,9,True
SA-000273,judge_5,Refuted,Refuted,Refuted,False,False,False,False,False,False,False,False,False,False,False,14,True
SA-000274,judge_1,Refuted,Ambiguous,Refuted,False,True,False,False,True,False,False,False,True,True,False,-6,False
SA-000274,judge_2,Refuted,Ambiguous,Refuted,False,True,False,False,True,False,False,False,True,True,False,-13,False
SA-000274,judge_3,Refuted,Ambiguous,Refuted,False,True,False,False,True,False,False,False,True,True,False,-6,False
SA-000274,judge_4,Ambiguous,Ambiguous,Refuted,True,True,False,False,True,False,False,False,False,True,True,54,True
SA-000274,judge_5,Refuted,Refuted,Refuted,False,False,False,False,False,False,False,False,False,False,False,5,False
SA-000275,judge_1,Ambiguous,Supported,Supported,True,False,False,True,False,False,False,False,True,False,True,29,True
SA-000275,judge_2,Ambiguous,Supported,Supported,True,False,False,True,False,False,False,False,True,False,True,8,True
SA-000275,judge_3,Supported,Supported,Supported,False,False,False,False,False,False,False,False,False,False,False,15,True
SA-000275,judge_4,Ambiguous,Supported,Supported,True,False,False,True,False,False,False,False,True,False,True,49,True
SA-000275,judge_5,Ambiguous,Supported,Supported,True,False,False,True,False,False,False,False,True,False,True,50,True
SA-000276,judge_1,Ambiguous,Refuted,Refuted,True,False,False,True,False,False,False,False,True,False,True,1,True
SA-000276,judge_2,Ambiguous,Refuted,Refuted,True,False,False,True,False,False,False,False,True,False,True,8,True
SA-000276,judge_3,Ambiguous,Ambiguous,Refuted,True,True,False,False,True,False,False,False,False,True,True,16,True
SA-000276,judge_4,Ambiguous,Ambiguous,Refuted,True,True,False,False,True,False,False,False,False,True,True,56,True
SA-000276,judge_5,Ambiguous,Refuted,Refuted,True,False,False,True,False,False,False,False,True,False,True,64,True
SA-000277,judge_1,Refuted,Refuted,Refuted,False,False,False,False,False,False,False,False,False,False,False,5,True
SA-000277,judge_2,Refuted,Refuted,Refuted,False,False,False,False,False,False,False,False,False,False,False,6,True
SA-000277,judge_3,Refuted,Refuted,Refuted,False,False,False,False,False,False,False,False,False,False,False,-1,False
SA-000277,judge_4,Refuted,Refuted,Refuted,False,False,False,False,False,False,False,False,False,False,False,1,False
SA-000277,judge_5,Refuted,Refuted,Refuted,False,False,False,False,False,False,False,False,False,False,False,0,False
SA-000278,judge_1,Ambiguous,Ambiguous,Ambiguous,True,True,True,False,False,True,False,False,False,False,False,2,False
SA-000278,judge_2,Ambiguous,Ambiguous,Ambiguous,True,True,True,False,False,True,False,False,False,False,False,-28,False
SA-000278,judge_3,Ambiguous,Ambiguous,Ambiguous,True,True,True,False,False,True,False,False,False,False,False,-8,False
SA-000278,judge_4,Ambiguous,Ambiguous,Ambiguous,True,True,True,False,False,True,False,False,False,False,False,24,False
SA-000278,judge_5,Ambiguous,Ambiguous,Ambiguous,True,True,True,False,False,True,False,False,False,False,False,27,False
SA-000279,judge_1,Supported,Supported,Supported,False,False,False,False,False,False,False,False,False,False,False,-1,False
SA-000279,judge_2,Supported,Supported,Supported,False,False,False,False,False,False,False,False,False,False,False,0,False
SA-000279,judge_3,Supported,Supported,Supported,False,False,False,False,False,False,False,False,False,False,False,0,False
SA-000279,judge_4,Supported,Supported,Supported,False,False,False,False,False,False,False,False,False,False,False,0,False
SA-000279,judge_5,Supported,Supported,Supported,False,False,False,False,False,False,False,False,False,False,False,1,False
SA-000280,judge_1,Ambiguous,Ambiguous,Ambiguous,True,True,True,False,False,True,False,False,False,False,False,-8,False
SA-000280,judge_2,Ambiguous,Ambiguous,Ambiguous,True,True,True,False,False,True,False,False,False,False,False,-25,False
SA-000280,judge_3,Ambiguous,Ambiguous,Ambiguous,True,True,True,False,False,True,False,False,False,False,False,-8,False
SA-000280,judge_4,Ambiguous,Ambiguous,Ambiguous,True,True,True,False,False,True,False,False,False,False,False,4,False
SA-000280,judge_5,Ambiguous,Ambiguous,Ambiguous,True,True,True,False,False,True,False,False,False,False,False,10,False
SA-000281,judge_1,Ambiguous,Refuted,Refuted,True,False,False,True,False,False,False,False,True,False,True,30,True
SA-000281,judge_2,Ambiguous,Refuted,Refuted,True,False,False,True,False,False,False,False,True,False,True,2,True
SA-000281,judge_3,Refuted,Refuted,Refuted,False,False,False,False,False,False,False,False,False,False,False,6,True
SA-000281,judge_4,Ambiguous,Refuted,Refuted,True,False,False,True,False,False,False,False,True,False,True,48,True
SA-000281,judge_5,Refuted,Refuted,Refuted,False,False,False,False,False,False,False,False,False,False,False,16,True
SA-000282,judge_1,Refuted,Refuted,Refuted,False,False,False,False,False,False,False,False,False,False,False,-5,False
SA-000282,judge_2,Refuted,Refuted,Refuted,False,False,False,False,False,False,False,False,False,False,False,-6,False
SA-000282,judge_3,Refuted,Refuted,Refuted,False,False,False,False,False,False,False,False,False,False,False,3,True
SA-000282,judge_4,Refuted,Refuted,Refuted,False,False,False,False,False,False,False,False,False,False,False,-3,False
SA-000282,judge_5,Refuted,Refuted,Refuted,False,False,False,False,False,False,False,False,False,False,False,4,False
SA-000283,judge_1,Refuted,Refuted,Refuted,False,False,False,False,False,False,False,False,False,False,False,6,False
SA-000283,judge_2,Ambiguous,Ambiguous,Refuted,True,True,False,False,True,False,False,False,False,True,True,8,True
SA-000283,judge_3,Refuted,Ambiguous,Refuted,False,True,False,False,True,False,False,False,True,True,False,0,False
SA-000283,judge_4,Refuted,Ambiguous,Refuted,False,True,False,False,True,False,False,False,True,True,False,2,False
SA-000283,judge_5,Ambiguous,Refuted,Refuted,True,False,False,True,False,False,False,False,True,False,True,36,True
SA-000284,judge_1,Ambiguous,Supported,Supported,True,False,False,True,False,False,False,False,True,False,True,30,True
SA-000284,judge_2,Ambiguous,Supported,Supported,True,False,False,True,False,False,False,False,True,False,True,17,True
SA-000284,judge_3,Supported,Supported,Supported,False,False,False,False,False,False,False,False,False,False,False,1,False
SA-000284,judge_4,Ambiguous,Supported,Supported,True,False,False,True,False,False,False,False,True,False,True,46,True
SA-000284,judge_5,Supported,Supported,Supported,False,False,False,False,False,False,False,False,False,False,False,18,True
SA-000285,judge_1,Ambiguous,Ambiguous,Ambiguous,True,True,True,False,False,True,False,False,False,False,False,-4,False
SA-000285,judge_2,Ambiguous,Ambiguous,Ambiguous,True,True,True,False,False,True,False,False,False,False,False,-44,False
SA-000285,judge_3,Ambiguous,Ambiguous,Ambiguous,True,True,True,False,False,True,False,False,False,False,False,-30,False
SA-000285,judge_4,Ambiguous,Ambiguous,Ambiguous,True,True,True,False,False,True,False,False,False,False,False,14,False
SA-000285,judge_5,Ambiguous,Ambiguous,Ambiguous,True,True,True,False,False,True,False,False,False,False,False,45,False
SA-000286,judge_1,Ambiguous,Ambiguous,Ambiguous,True,True,True,False,False,True,False,False,False,False,False,-1,False
SA-000286,judge_2,Ambiguous,Ambiguous,Ambiguous,True,True,True,False,False,True,False,False,False,False,False,-22,False
SA-000286,judge_3,Ambiguous,Ambiguous,Supported,True,True,False,False,True,False,False,False,False,True,True,16,True
SA-000286,judge_4,Ambiguous,Supported,Ambiguous,True,False,True,True,False,True,False,False,True,True,False,7,False
SA-000286,judge_5,Ambiguous,Ambiguous,Supported,True,True,False,False,True,False,False,False,False,True,True,30,True
SA-000287,judge_1,Ambiguous,Refuted,Refuted,True,False,False,True,False,False,False,False,True,False,True,21,True
SA-000287,judge_2,Ambiguous,Refuted,Refuted,True,False,False,True,False,False,False,False,True,False,True,8,True
SA-000287,judge_3,Refuted,Refuted,Refuted,False,False,False,False,False,False,False,False,False,False,False,14,True
SA-000287,judge_4,Ambiguous,Refuted,Refuted,True,False,False,True,False,False,False,False,True,False,True,64,True
SA-000287,judge_5,Refuted,Refuted,Refuted,False,False,False,False,False,False,False,False,False,False,False,19,True
SA-000288,judge_1,Refuted,Refuted,Refuted,False,False,False,False,False,False,False,False,False,False,False,-1,False
SA-000288,judge_2,Refuted,Refuted,Refuted,False,False,False,False,False,False,False,False,False,False,False,-2,False
SA-000288,judge_3,Refuted,Refuted,Refuted,False,False,False,False,False,False,False,False,False,False,False,2,False
SA-000288,judge_4,Refuted,Refuted,Refuted,False,False,False,False,False,False,False,False,False,False,False,1,False
SA-000288,judge_5,Refuted,Refuted,Refuted,False,False,False,False,False,False,False,False,False,False,False,1,False
SA-000289,judge_1,Supported,Supported,Supported,False,False,False,False,False,False,False,False,False,False,False,-1,False
SA-000289,judge_2,Supported,Supported,Supported,False,False,False,False,False,False,False,False,False,False,False,1,False
SA-000289,judge_3,Supported,Supported,Supported,False,False,False,False,False,False,False,False,False,False,False,0,False
SA-000289,judge_4,Supported,Supported,Supported,False,False,False,False,False,False,False,False,False,False,False,-1,False
SA-000289,judge_5,Supported,Supported,Supported,False,False,False,False,False,False,False,False,False,False,False,-1,False
SA-000290,judge_1,Ambiguous,Supported,Supported,True,False,False,True,False,False,False,False,True,False,True,28,True
SA-000290,judge_2,Ambiguous,Supported,Supported,True,False,False,True,False,False,False,False,True,False,True,8,True
SA-000290,judge_3,Supported,Supported,Supported,False,False,False,False,False,False,False,False,False,False,False,12,True
SA-000290,judge_4,Ambiguous,Supported,Supported,True,False,False,True,False,False,False,False,True,False,True,52,True
SA-000290,judge_5,Ambiguous,Supported,Supported,True,False,False,True,False,False,False,False,True,False,True,48,True
SA-000291,judge_1,Supported,Supported,Supported,False,False,False,False,False,False,False,False,False,False,False,6,True
SA-000291,judge_2,Ambiguous,Supported,Supported,True,False,False,True,False,False,False,False,True,False,True,14,True
SA-000291,judge_3,Supported,Supported,Supported,False,False,False,False,False,False,False,False,False,False,False,3,False
SA-000291,judge_4,Supported,Supported,Supported,False,False,False,False,False,False,False,False,False,False,False,2,False
SA-000291,judge_5,Supported,Supported,Supported,False,False,False,False,False,False,False,False,False,False,False,3,False
SA-000292,judge_1,Refuted,Refuted,Refuted,False,False,False,False,False,False,False,False,False,False,False,-2,False
SA-000292,judge_2,Refuted,Refuted,Refuted,False,False,False,False,False,False,False,False,False,False,False,-4,False
SA-000292,judge_3,Refuted,Refuted,Refuted,False,False,False,False,False,False,False,False,False,False,False,3,False
SA-000292,judge_4,Refuted,Refuted,Refuted,False,False,False,False,False,False,False,False,False,False,False,2,False
SA-000292,judge_5,Refuted,Refuted,Refuted,False,False,False,False,False,False,False,False,False,False,False,4,False
SA-000293,judge_1,Ambiguous,Ambiguous,Ambiguous,True,True,True,False,False,True,False,False,False,False,False,-7,False
SA-000293,judge_2,Ambiguous,Ambiguous,Refuted,True,True,False,False,True,False,False,False,False,True,True,0,True
SA-000293,judge_3,Ambiguous,Ambiguous,Ambiguous,True,True,True,False,False,True,False,False,False,False,False,-6,False
SA-000293,judge_4,Ambiguous,Ambiguous,Refuted,True,True,False,False,True,False,False,False,False,True,True,32,True
SA-000293,judge_5,Ambiguous,Refuted,Refuted,True,False,False,True,False,False,False,False,True,False,True,40,True
SA-000294,judge_1,Ambiguous,Ambiguous,Supported,True,True,False,False,True,False,False,False,False,True,True,-4,True
SA-000294,judge_2,Ambiguous,Ambiguous,Supported,True,True,False,False,True,False,False,False,False,True,True,10,True
SA-000294,judge_3,Ambiguous,Ambiguous,Supported,True,True,False,False,True,False,False,False,False,True,True,18,True
SA-000294,judge_4,Ambiguous,Ambiguous,Supported,True,True,False,False,True,False,False,False,False,True,True,62,True
SA-000294,judge_5,Ambiguous,Ambiguous,Supported,True,True,False,False,True,False,False,False,False,True,True,65,True
SA-000295,judge_1,Refuted,Ambiguous,Refuted,False,True,False,False,True,False,False,False,True,True,False,0,False
SA-000295,judge_2,Refuted,Ambiguous,Refuted,False,True,False,False,True,False,False,False,True,True,False,-6,False
SA-000295,judge_3,Refuted,Refuted,Refuted,False,False,False,False,False,False,False,False,False,False,False,-3,False
SA-000295,judge_4,Refuted,Refuted,Refuted,False,False,False,False,False,False,False,False,False,False,False,4,False
SA-000295,judge_5,Refuted,Refuted,Refuted,False,False,False,False,False,False,False,False,False,False,False,8,False
SA-000296,judge_1,Ambiguous,Refuted,Refuted,True,False,False,True,False,False,False,False,True,False,True,26,True
SA-000296,judge_2,Ambiguous,Refuted,Refuted,True,False,False,True,False,False,False,False,True,False,True,10,True
SA-000296,judge_3,Refuted,Refuted,Refuted,False,False,False,False,False,False,False,False,False,False,False,8,True
SA-000296,judge_4,Ambiguous,Refuted,Refuted,True,False,False,True,False,False,False,False,True,False,True,44,True
SA-000296,judge_5,Refuted,Refuted,Refuted,False,False,False,False,False,False,False,False,False,False,False,11,True
SA-000297,judge_1,Refuted,Refuted,Refuted,False,False,False,False,False,False,False,False,False,False,False,1,False
SA-000297,judge_2,Ambiguous,Refuted,Refuted,True,False,False,True,False,False,False,False,True,False,True,9,True
SA-000297,judge_3,Refuted,Refuted,Refuted,False,False,False,False,False,False,False,False,False,False,False,5,True
SA-000297,judge_4,Refuted,Refuted,Refuted,False,False,False,False,False,False,False,False,False,False,False,10,True
SA-000297,judge_5,Refuted,Refuted,Refuted,False,False,False,False,False,False,False,False,False,False,False,12,True
SA-000298,judge_1,Supported,Supported,Supported,False,False,False,False,False,False,False,False,False,False,False,4,True
SA-000298,judge_2,Supported,Supported,Supported,False,False,False,False,False,False,False,False,False,False,False,6,True
SA-000298,judge_3,Supported,Supported,Supported,False,False,False,False,False,False,False,False,False,False,False,3,False
SA-000298,judge_4,Supported,Supported,Supported,False,False,False,False,False,False,False,False,False,False,False,4,False
SA-000298,judge_5,Supported,Supported,Supported,False,False,False,False,False,False,False,False,False,False,False,5,False
SA-000299,judge_1,Refuted,Refuted,Refuted,False,False,False,False,False,False,False,False,False,False,False,-3,False
SA-000299,judge_2,Refuted,Refuted,Refuted,False,False,False,False,False,False,False,False,False,False,False,-8,False
SA-000299,judge_3,Refuted,Refuted,Refuted,False,False,False,False,False,False,False,False,False,False,False,4,True
SA-000299,judge_4,Refuted,Refuted,Refuted,False,False,False,False,False,False,False,False,False,False,False,-1,False
SA-000299,judge_5,Refuted,Refuted,Refuted,False,False,False,False,False,False,False,False,False,False,False,3,False
SA-000300,judge_1,Ambiguous,Supported,Supported,True,False,False,True,False,False,False,False,True,False,True,22,True
SA-000300,judge_2,Ambiguous,Supported,Supported,True,False,False,True,False,False,False,False,True,False,True,8,True
SA-000300,judge_3,Supported,Supported,Supported,False,False,False,False,False,False,False,False,False,False,False,13,True
SA-000300,judge_4,Ambiguous,Supported,Supported,True,False,False,True,False,False,False,False,True,False,True,46,True
SA-000300,judge_5,Ambiguous,Supported,Supported,True,False,False,True,False,False,False,False,True,False,True,53,True
SA-000301,judge_1,Refuted,Refuted,Refuted,False,False,False,False,False,False,False,False,False,False,False,2,False
SA-000301,judge_2,Refuted,Refuted,Refuted,False,False,False,False,False,False,False,False,False,False,False,0,False
SA-000301,judge_3,Refuted,Refuted,Refuted,False,False,False,False,False,False,False,False,False,False,False,6,True
SA-000301,judge_4,Refuted,Refuted,Refuted,False,False,False,False,False,False,False,False,False,False,False,0,False
SA-000301,judge_5,Refuted,Refuted,Refuted,False,False,False,False,False,False,False,False,False,False,False,3,False
SA-000302,judge_1,Refuted,Refuted,Refuted,False,False,False,False,False,False,False,False,False,False,False,6,True
SA-000302,judge_2,Ambiguous,Refuted,Refuted,True,False,False,True,False,False,False,False,True,False,True,20,True
SA-000302,judge_3,Refuted,Refuted,Refuted,False,False,False,False,False,False,False,False,False,False,False,4,True
SA-000302,judge_4,Refuted,Refuted,Refuted,False,False,False,False,False,False,False,False,False,False,False,10,True
SA-000302,judge_5,Refuted,Refuted,Refuted,False,False,False,False,False,False,False,False,False,False,False,14,True
SA-000303,judge_1,Ambiguous,Refuted,Refuted,True,False,False,True,False,False,False,False,True,False,True,38,True
SA-000303,judge_2,Ambiguous,Refuted,Refuted,True,False,False,True,False,False,False,False,True,False,True,34,True
SA-000303,judge_3,Ambiguous,Refuted,Refuted,True,False,False,True,False,False,False,False,True,False,True,33,True
SA-000303,judge_4,Refuted,Refuted,Refuted,False,False,False,False,False,False,False,False,False,False,False,16,True
SA-000303,judge_5,Refuted,Refuted,Refuted,False,False,False,False,False,False,False,False,False,False,False,21,True
SA-000304,judge_1,Supported,Supported,Supported,False,False,False,False,False,False,False,False,False,False,False,-5,False
SA-000304,judge_2,Supported,Supported,Supported,False,False,False,False,False,False,False,False,False,False,False,-6,False
SA-000304,judge_3,Supported,Supported,Supported,False,False,False,False,False,False,False,False,False,False,False,-10,False
SA-000304,judge_4,Supported,Supported,Supported,False,False,False,False,False,False,False,False,False,False,False,-3,False
SA-000304,judge_5,Supported,Supported,Supported,False,False,False,False,False,False,False,False,False,False,False,1,False
SA-000305,judge_1,Supported,Supported,Supported,False,False,False,False,False,False,False,False,False,False,False,0,False
SA-000305,judge_2,Supported,Supported,Supported,False,False,False,False,False,False,False,False,False,False,False,-15,False
SA-000305,judge_3,Supported,Supported,Supported,False,False,False,False,False,False,False,False,False,False,False,-13,False
SA-000305,judge_4,Supported,Supported,Supported,False,False,False,False,False,False,False,False,False,False,False,-4,False
SA-000305,judge_5,Supported,Supported,Supported,False,False,False,False,False,False,False,False,False,False,False,-10,False
SA-000306,judge_1,Refuted,Refuted,Refuted,False,False,False,False,False,False,False,False,False,False,False,1,False
SA-000306,judge_2,Refuted,Refuted,Refuted,False,False,False,False,False,False,False,False,False,False,False,-3,False
SA-000306,judge_3,Refuted,Refuted,Refuted,False,False,False,False,False,False,False,False,False,False,False,-1,False
SA-000306,judge_4,Refuted,Refuted,Refuted,False,False,False,False,False,False,False,False,False,False,False,-1,False
SA-000306,judge_5,Refuted,Refuted,Refuted,False,False,False,False,False,False,False,False,False,False,False,0,False
SA-000307,judge_1,Refuted,Refuted,Refuted,False,False,False,False,False,False,False,False,False,False,False,2,False
SA-000307,judge_2,Refuted,Refuted,Refuted,False,False,False,False,False,False,False,False,False,False,False,-6,False
SA-000307,judge_3,Refuted,Refuted,Refuted,False,False,False,False,False,False,False,False,False,False,False,0,False
SA-000307,judge_4,Refuted,Refuted,Refuted,False,False,False,False,False,False,False,False,False,False,False,-2,False
SA-000307,judge_5,Refuted,Refuted,Refuted,False,False,False,False,False,False,False,False,False,False,False,2,False
SA-000308,judge_1,Supported,Supported,Supported,False,False,False,False,False,False,False,False,False,False,False,2,False
SA-000308,judge_2,Supported,Supported,Supported,False,False,False,False,False,False,False,False,False,False,False,4,True
SA-000308,judge_3,Supported,Supported,Supported,False,False,False,False,False,False,False,False,False,False,False,2,True
SA-000308,judge_4,Supported,Supported,Supported,False,False,False,False,False,False,False,False,False,False,False,10,True
SA-000308,judge_5,Supported,Supported,Supported,False,False,False,False,False,False,False,False,False,False,False,-8,False
SA-000309,judge_1,Supported,Supported,Supported,False,False,False,False,False,False,False,False,False,False,False,4,False
SA-000309,judge_2,Supported,Ambiguous,Supported,False,True,False,False,True,False,False,False,True,True,False,4,False
SA-000309,judge_3,Supported,Ambiguous,Supported,False,True,False,False,True,False,False,False,True,True,False,4,False
SA-000309,judge_4,Ambiguous,Supported,Supported,True,False,False,True,False,False,False,False,True,False,True,14,True
SA-000309,judge_5,Supported,Ambiguous,Supported,False,True,False,False,True,False,False,False,True,True,False,10,False
SA-000310,judge_1,Supported,Supported,Supported,False,False,False,False,False,False,False,False,False,False,False,1,False
SA-000310,judge_2,Supported,Supported,Supported,False,False,False,False,False,False,False,False,False,False,False,-2,False
SA-000310,judge_3,Supported,Supported,Supported,False,False,False,False,False,False,False,False,False,False,False,-2,False
SA-000310,judge_4,Supported,Supported,Supported,False,False,False,False,False,False,False,False,False,False,False,3,False
SA-000310,judge_5,Supported,Supported,Supported,False,False,False,False,False,False,False,False,False,False,False,3,False
SA-000311,judge_1,Refuted,Refuted,Refuted,False,False,False,False,False,False,False,False,False,False,False,10,False
SA-000311,judge_2,Ambiguous,Refuted,Refuted,True,False,False,True,False,False,False,False,True,False,True,14,True
SA-000311,judge_3,Refuted,Refuted,Refuted,False,False,False,False,False,False,False,False,False,False,False,8,True
SA-000311,judge_4,Refuted,Refuted,Refuted,False,False,False,False,False,False,False,False,False,False,False,2,False
SA-000311,judge_5,Refuted,Refuted,Refuted,False,False,False,False,False,False,False,False,False,False,False,4,True
SA-000312,judge_1,Supported,Ambiguous,Supported,False,True,False,False,True,False,False,False,True,True,False,6,False
SA-000312,judge_2,Supported,Supported,Supported,False,False,False,False,False,False,False,False,False,False,False,-6,False
SA-000312,judge_3,Supported,Supported,Supported,False,False,False,False,False,False,False,False,False,False,False,-2,False
SA-000312,judge_4,Ambiguous,Supported,Supported,True,False,False,True,False,False,False,False,True,False,True,0,True
SA-000312,judge_5,Supported,Supported,Supported,False,False,False,False,False,False,False,False,False,False,False,-2,False
SA-000313,judge_1,Ambiguous,Ambiguous,Ambiguous,True,True,True,False,False,True,False,False,False,False,False,4,False
SA-000313,judge_2,Ambiguous,Ambiguous,Ambiguous,True,True,True,False,False,True,False,False,False,False,False,0,False
SA-000313,judge_3,Ambiguous,Ambiguous,Ambiguous,True,True,True,False,False,True,False,False,False,False,False,0,False
SA-000313,judge_4,Ambiguous,Ambiguous,Ambiguous,True,True,True,False,False,True,False,False,False,False,False,-16,False
SA-000313,judge_5,Ambiguous,Ambiguous,Ambiguous,True,True,True,False,False,True,False,False,False,False,False,-7,False
SA-000314,judge_1,Refuted,Refuted,Refuted,False,False,False,False,False,False,False,False,False,False,False,0,False
SA-000314,judge_2,Refuted,Refuted,Refuted,False,False,False,False,False,False,False,False,False,False,False,-2,False
SA-000314,judge_3,Refuted,Refuted,Refuted,False,False,False,False,False,False,False,False,False,False,False,-2,False
SA-000314,judge_4,Refuted,Refuted,Refuted,False,False,False,False,False,False,False,False,False,False,False,1,False
SA-000314,judge_5,Refuted,Refuted,Refuted,False,False,False,False,False,False,False,False,False,False,False,0,False
SA-000315,judge_1,Refuted,Refuted,Refuted,False,False,False,False,False,False,False,False,False,False,False,-5,False
SA-000315,judge_2,Refuted,Refuted,Refuted,False,False,False,False,False,False,False,False,False,False,False,-10,False
SA-000315,judge_3,Refuted,Refuted,Refuted,False,False,False,False,False,False,False,False,False,False,False,-4,False
SA-000315,judge_4,Refuted,Refuted,Refuted,False,False,False,False,False,False,False,False,False,False,False,-3,False
SA-000315,judge_5,Refuted,Refuted,Refuted,False,False,False,False,False,False,False,False,False,False,False,2,False
SA-000316,judge_1,Refuted,Refuted,Refuted,False,False,False,False,False,False,False,False,False,False,False,4,True
SA-000316,judge_2,Ambiguous,Refuted,Refuted,True,False,False,True,False,False,False,False,True,False,True,22,True
SA-000316,judge_3,Refuted,Refuted,Refuted,False,False,False,False,False,False,False,False,False,False,False,0,True
SA-000316,judge_4,Refuted,Refuted,Refuted,False,False,False,False,False,False,False,False,False,False,False,-6,False
SA-000316,judge_5,Refuted,Refuted,Refuted,False,False,False,False,False,False,False,False,False,False,False,0,False
SA-000317,judge_1,Refuted,Refuted,Refuted,False,False,False,False,False,False,False,False,False,False,False,0,False
SA-000317,judge_2,Refuted,Refuted,Refuted,False,False,False,False,False,False,False,False,False,False,False,-8,False
SA-000317,judge_3,Refuted,Refuted,Refuted,False,False,False,False,False,False,False,False,False,False,False,-4,True
SA-000317,judge_4,Refuted,Refuted,Refuted,False,False,False,False,False,False,False,False,False,False,False,3,True
SA-000317,judge_5,Refuted,Refuted,Refuted,False,False,False,False,False,False,False,False,False,False,False,0,False
SA-000318,judge_1,Supported,Supported,Supported,False,False,False,False,False,False,False,False,False,False,False,0,False
SA-000318,judge_2,Supported,Supported,Supported,False,False,False,False,False,False,False,False,False,False,False,-1,False
SA-000318,judge_3,Supported,Supported,Supported,False,False,False,False,False,False,False,False,False,False,False,-2,False
SA-000318,judge_4,Supported,Supported,Supported,False,False,False,False,False,False,False,False,False,False,False,1,False
SA-000318,judge_5,Supported,Supported,Supported,False,False,False,False,False,False,False,False,False,False,False,0,False
SA-000319,judge_1,Supported,Supported,Supported,False,False,False,False,False,False,False,False,False,False,False,-1,False
SA-000319,judge_2,Supported,Supported,Supported,False,False,False,False,False,False,False,False,False,False,False,-3,False
SA-000319,judge_3,Supported,Supported,Supported,False,False,False,False,False,False,False,False,False,False,False,0,False
SA-000319,judge_4,Supported,Supported,Supported,False,False,False,False,False,False,False,False,False,False,False,3,False
SA-000319,judge_5,Supported,Supported,Supported,False,False,False,False,False,False,False,False,False,False,False,2,False
SA-000320,judge_1,Refuted,Refuted,Refuted,False,False,False,False,False,False,False,False,False,False,False,1,False
SA-000320,judge_2,Refuted,Refuted,Refuted,False,False,False,False,False,False,False,False,False,False,False,6,True
SA-000320,judge_3,Refuted,Refuted,Refuted,False,False,False,False,False,False,False,False,False,False,False,9,True
SA-000320,judge_4,Refuted,Refuted,Refuted,False,False,False,False,False,False,False,False,False,False,False,6,False
SA-000320,judge_5,Refuted,Refuted,Refuted,False,False,False,False,False,False,False,False,False,False,False,9,True
SA-000321,judge_1,Refuted,Refuted,Refuted,False,False,False,False,False,False,False,False,False,False,False,-6,False
SA-000321,judge_2,Refuted,Refuted,Refuted,False,False,False,False,False,False,False,False,False,False,False,-12,False
SA-000321,judge_3,Refuted,Refuted,Refuted,False,False,False,False,False,False,False,False,False,False,False,-6,False
SA-000321,judge_4,Refuted,Refuted,Refuted,False,False,False,False,False,False,False,False,False,False,False,-2,False
SA-000321,judge_5,Refuted,Refuted,Refuted,False,False,False,False,False,False,False,False,False,False,False,-6,False
SA-000322,judge_1,Refuted,Refuted,Refuted,False,False,False,False,False,False,False,False,False,False,False,12,True
SA-000322,judge_2,Ambiguous,Refuted,Refuted,True,False,False,True,False,False,False,False,True,False,True,30,True
SA-000322,judge_3,Refuted,Refuted,Refuted,False,False,False,False,False,False,False,False,False,False,False,10,True
SA-000322,judge_4,Refuted,Refuted,Refuted,False,False,False,False,False,False,False,False,False,False,False,10,True
SA-000322,judge_5,Refuted,Refuted,Refuted,False,False,False,False,False,False,False,False,False,False,False,10,True
SA-000323,judge_1,Supported,Supported,Supported,False,False,False,False,False,False,False,False,False,False,False,1,False
SA-000323,judge_2,Supported,Supported,Supported,False,False,False,False,False,False,False,False,False,False,False,-3,False
SA-000323,judge_3,Supported,Supported,Supported,False,False,False,False,False,False,False,False,False,False,False,-2,False
SA-000323,judge_4,Supported,Supported,Supported,False,False,False,False,False,False,False,False,False,False,False,1,False
SA-000323,judge_5,Supported,Supported,Supported,False,False,False,False,False,False,False,False,False,False,False,2,False
SA-000324,judge_1,Supported,Supported,Supported,False,False,False,False,False,False,False,False,False,False,False,4,False
SA-000324,judge_2,Supported,Supported,Supported,False,False,False,False,False,False,False,False,False,False,False,0,False
SA-000324,judge_3,Supported,Supported,Supported,False,False,False,False,False,False,False,False,False,False,False,1,False
SA-000324,judge_4,Supported,Supported,Supported,False,False,False,False,False,False,False,False,False,False,False,4,False
SA-000324,judge_5,Supported,Supported,Supported,False,False,False,False,False,False,False,False,False,False,False,6,False
SA-000325,judge_1,Supported,Supported,Supported,False,False,False,False,False,False,False,False,False,False,False,2,False
SA-000325,judge_2,Supported,Supported,Supported,False,False,False,False,False,False,False,False,False,False,False,-4,False
SA-000325,judge_3,Supported,Supported,Supported,False,False,False,False,False,False,False,False,False,False,False,-4,False
SA-000325,judge_4,Supported,Supported,Supported,False,False,False,False,False,False,False,False,False,False,False,10,True
SA-000325,judge_5,Supported,Supported,Supported,False,False,False,False,False,False,False,False,False,False,False,5,False
SA-000326,judge_1,Supported,Supported,Supported,False,False,False,False,False,False,False,False,False,False,False,12,True
SA-000326,judge_2,Supported,Supported,Supported,False,False,False,False,False,False,False,False,False,False,False,6,True
SA-000326,judge_3,Supported,Supported,Supported,False,False,False,False,False,False,False,False,False,False,False,10,True
SA-000326,judge_4,Supported,Supported,Supported,False,False,False,False,False,False,False,False,False,False,False,13,True
SA-000326,judge_5,Supported,Supported,Supported,False,False,False,False,False,False,False,False,False,False,False,13,True
SA-000327,judge_1,Supported,Supported,Supported,False,False,False,False,False,False,False,False,False,False,False,5,True
SA-000327,judge_2,Supported,Supported,Supported,False,False,False,False,False,False,False,False,False,False,False,5,True
SA-000327,judge_3,Supported,Supported,Supported,False,False,False,False,False,False,False,False,False,False,False,7,True
SA-000327,judge_4,Supported,Supported,Supported,False,False,False,False,False,False,False,False,False,False,False,12,True
SA-000327,judge_5,Supported,Supported,Supported,False,False,False,False,False,False,False,False,False,False,False,13,True
SA-000328,judge_1,Refuted,Refuted,Refuted,False,False,False,False,False,False,False,False,False,False,False,0,False
SA-000328,judge_2,Refuted,Refuted,Refuted,False,False,False,False,False,False,False,False,False,False,False,2,True
SA-000328,judge_3,Ambiguous,Refuted,Refuted,True,False,False,True,False,False,False,False,True,False,True,22,True
SA-000328,judge_4,Ambiguous,Refuted,Refuted,True,False,False,True,False,False,False,False,True,False,True,6,True
SA-000328,judge_5,Refuted,Refuted,Refuted,False,False,False,False,False,False,False,False,False,False,False,8,True
SA-000329,judge_1,Supported,Supported,Supported,False,False,False,False,False,False,False,False,False,False,False,6,False
SA-000329,judge_2,Supported,Supported,Supported,False,False,False,False,False,False,False,False,False,False,False,-6,False
SA-000329,judge_3,Supported,Supported,Supported,False,False,False,False,False,False,False,False,False,False,False,-2,False
SA-000329,judge_4,Supported,Supported,Supported,False,False,False,False,False,False,False,False,False,False,False,2,False
SA-000329,judge_5,Supported,Supported,Supported,False,False,False,False,False,False,False,False,False,False,False,3,False
SA-000330,judge_1,Ambiguous,Ambiguous,Supported,True,True,False,False,True,False,False,False,False,True,True,36,True
SA-000330,judge_2,Ambiguous,Ambiguous,Supported,True,True,False,False,True,False,False,False,False,True,True,28,True
SA-000330,judge_3,Ambiguous,Ambiguous,Supported,True,True,False,False,True,False,False,False,False,True,True,31,True
SA-000330,judge_4,Ambiguous,Ambiguous,Supported,True,True,False,False,True,False,False,False,False,True,True,28,True
SA-000330,judge_5,Ambiguous,Ambiguous,Supported,True,True,False,False,True,False,False,False,False,True,True,48,True
SA-000331,judge_1,Supported,Supported,Supported,False,False,False,False,False,False,False,False,False,False,False,8,True
SA-000331,judge_2,Supported,Supported,Supported,False,False,False,False,False,False,False,False,False,False,False,5,True
SA-000331,judge_3,Supported,Supported,Supported,False,False,False,False,False,False,False,False,False,False,False,6,True
SA-000331,judge_4,Supported,Supported,Supported,False,False,False,False,False,False,False,False,False,False,False,7,True
SA-000331,judge_5,Supported,Supported,Supported,False,False,False,False,False,False,False,False,False,False,False,9,True
SA-000332,judge_1,Refuted,Refuted,Refuted,False,False,False,False,False,False,False,False,False,False,False,-1,False
SA-000332,judge_2,Refuted,Refuted,Refuted,False,False,False,False,False,False,False,False,False,False,False,-6,False
SA-000332,judge_3,Refuted,Refuted,Refuted,False,False,False,False,False,False,False,False,False,False,False,1,True
SA-000332,judge_4,Refuted,Ambiguous,Refuted,False,True,False,False,True,False,False,False,True,True,False,-4,False
SA-000332,judge_5,Refuted,Refuted,Refuted,False,False,False,False,False,False,False,False,False,False,False,-8,False
SA-000333,judge_1,Refuted,Refuted,Ambiguous,False,False,True,False,False,True,False,False,False,True,True,-14,False
SA-000333,judge_2,Refuted,Refuted,Refuted,False,False,False,False,False,False,False,False,False,False,False,-11,False
SA-000333,judge_3,Refuted,Refuted,Refuted,False,False,False,False,False,False,False,False,False,False,False,-2,False
SA-000333,judge_4,Refuted,Refuted,Refuted,False,False,False,False,False,False,False,False,False,False,False,-10,False
SA-000333,judge_5,Refuted,Refuted,Refuted,False,False,False,False,False,False,False,False,False,False,False,-8,False
SA-000334,judge_1,Refuted,Refuted,Refuted,False,False,False,False,False,False,False,False,False,False,False,0,False
SA-000334,judge_2,Refuted,Refuted,Refuted,False,False,False,False,False,False,False,False,False,False,False,-5,False
SA-000334,judge_3,Refuted,Refuted,Refuted,False,False,False,False,False,False,False,False,False,False,False,0,True
SA-000334,judge_4,Refuted,Refuted,Refuted,False,False,False,False,False,False,False,False,False,False,False,-5,False
SA-000334,judge_5,Refuted,Refuted,Refuted,False,False,False,False,False,False,False,False,False,False,False,4,True
SA-000335,judge_1,Supported,Ambiguous,Supported,False,True,False,False,True,False,False,False,True,True,False,4,False
SA-000335,judge_2,Supported,Ambiguous,Supported,False,True,False,False,True,False,False,False,True,True,False,-4,False
SA-000335,judge_3,Ambiguous,Supported,Supported,True,False,False,True,False,False,False,False,True,False,True,20,True
SA-000335,judge_4,Supported,Supported,Supported,False,False,False,False,False,False,False,False,False,False,False,-4,False
SA-000335,judge_5,Ambiguous,Supported,Supported,True,False,False,True,False,False,False,False,True,False,True,20,True
SA-000336,judge_1,Supported,Supported,Supported,False,False,False,False,False,False,False,False,False,False,False,18,True
SA-000336,judge_2,Supported,Supported,Supported,False,False,False,False,False,False,False,False,False,False,False,9,True
SA-000336,judge_3,Supported,Supported,Supported,False,False,False,False,False,False,False,False,False,False,False,13,True
SA-000336,judge_4,Supported,Supported,Supported,False,False,False,False,False,False,False,False,False,False,False,14,True
SA-000336,judge_5,Supported,Supported,Supported,False,False,False,False,False,False,False,False,False,False,False,17,True
SA-000337,judge_1,Refuted,Refuted,Ambiguous,False,False,True,False,False,True,False,False,False,True,True,-16,False
SA-000337,judge_2,Ambiguous,Ambiguous,Ambiguous,True,True,True,False,False,True,False,False,False,False,False,-20,False
SA-000337,judge_3,Ambiguous,Refuted,Refuted,True,False,False,True,False,False,False,False,True,False,True,19,True
SA-000337,judge_4,Ambiguous,Refuted,Refuted,True,False,False,True,False,False,False,False,True,False,True,2,True
SA-000337,judge_5,Ambiguous,Ambiguous,Ambiguous,True,True,True,False,False,True,False,False,False,False,False,-5,True
SA-000338,judge_1,Refuted,Refuted,Refuted,False,False,False,False,False,False,False,False,False,False,False,2,False
SA-000338,judge_2,Refuted,Refuted,Refuted,False,False,False,False,False,False,False,False,False,False,False,8,True
SA-000338,judge_3,Refuted,Refuted,Refuted,False,False,False,False,False,False,False,False,False,False,False,7,True
SA-000338,judge_4,Refuted,Refuted,Refuted,False,False,False,False,False,False,False,False,False,False,False,6,False
SA-000338,judge_5,Refuted,Refuted,Refuted,False,False,False,False,False,False,False,False,False,False,False,9,True
SA-000339,judge_1,Supported,Supported,Supported,False,False,False,False,False,False,False,False,False,False,False,10,True
SA-000339,judge_2,Supported,Supported,Supported,False,False,False,False,False,False,False,False,False,False,False,6,True
SA-000339,judge_3,Supported,Supported,Supported,False,False,False,False,False,False,False,False,False,False,False,13,True
SA-000339,judge_4,Supported,Supported,Supported,False,False,False,False,False,False,False,False,False,False,False,16,True
SA-000339,judge_5,Supported,Supported,Supported,False,False,False,False,False,False,False,False,False,False,False,16,True
SA-000340,judge_1,Ambiguous,Ambiguous,Ambiguous,True,True,True,False,False,True,False,False,False,False,False,-4,False
SA-000340,judge_2,Ambiguous,Ambiguous,Ambiguous,True,True,True,False,False,True,False,False,False,False,False,-10,False
SA-000340,judge_3,Ambiguous,Ambiguous,Ambiguous,True,True,True,False,False,True,False,False,False,False,False,-3,False
SA-000340,judge_4,Ambiguous,Ambiguous,Ambiguous,True,True,True,False,False,True,False,False,False,False,False,-12,False
SA-000340,judge_5,Ambiguous,Ambiguous,Ambiguous,True,True,True,False,False,True,False,False,False,False,False,-10,False
SA-000341,judge_1,Refuted,Refuted,Refuted,False,False,False,False,False,False,False,False,False,False,False,4,False
SA-000341,judge_2,Refuted,Refuted,Refuted,False,False,False,False,False,False,False,False,False,False,False,-11,False
SA-000341,judge_3,Refuted,Refuted,Refuted,False,False,False,False,False,False,False,False,False,False,False,2,True
SA-000341,judge_4,Refuted,Refuted,Refuted,False,False,False,False,False,False,False,False,False,False,False,-9,False
SA-000341,judge_5,Refuted,Refuted,Refuted,False,False,False,False,False,False,False,False,False,False,False,-10,False
SA-000342,judge_1,Refuted,Refuted,Refuted,False,False,False,False,False,False,False,False,False,False,False,3,False
SA-000342,judge_2,Refuted,Refuted,Refuted,False,False,False,False,False,False,False,False,False,False,False,0,True
SA-000342,judge_3,Refuted,Refuted,Refuted,False,False,False,False,False,False,False,False,False,False,False,4,True
SA-000342,judge_4,Refuted,Refuted,Refuted,False,False,False,False,False,False,False,False,False,False,False,2,False
SA-000342,judge_5,Refuted,Refuted,Refuted,False,False,False,False,False,False,False,False,False,False,False,7,True
SA-000343,judge_1,Supported,Supported,Supported,False,False,False,False,False,False,False,False,False,False,False,-2,False
SA-000343,judge_2,Supported,Supported,Supported,False,False,False,False,False,False,False,False,False,False,False,4,False
SA-000343,judge_3,Supported,Supported,Supported,False,False,False,False,False,False,False,False,False,False,False,-2,True
SA-000343,judge_4,Ambiguous,Ambiguous,Supported,True,True,False,False,True,False,False,False,False,True,True,16,True
SA-000343,judge_5,Ambiguous,Supported,Supported,True,False,False,True,False,False,False,False,True,False,True,27,True
SA-000344,judge_1,Refuted,Refuted,Refuted,False,False,False,False,False,False,False,False,False,False,False,3,False
SA-000344,judge_2,Refuted,Refuted,Refuted,False,False,False,False,False,False,False,False,False,False,False,4,True
SA-000344,judge_3,Refuted,Refuted,Refuted,False,False,False,False,False,False,False,False,False,False,False,3,True
SA-000344,judge_4,Refuted,Refuted,Refuted,False,False,False,False,False,False,False,False,False,False,False,3,False
SA-000344,judge_5,Refuted,Refuted,Refuted,False,False,False,False,False,False,False,False,False,False,False,7,True
SA-000345,judge_1,Refuted,Refuted,Refuted,False,False,False,False,False,False,False,False,False,False,False,0,False
SA-000345,judge_2,Refuted,Refuted,Refuted,False,False,False,False,False,False,False,False,False,False,False,-2,False
SA-000345,judge_3,Refuted,Refuted,Refuted,False,False,False,False,False,False,False,False,False,False,False,-5,False
SA-000345,judge_4,Refuted,Refuted,Refuted,False,False,False,False,False,False,False,False,False,False,False,-1,False
SA-000345,judge_5,Refuted,Refuted,Refuted,False,False,False,False,False,False,False,False,False,False,False,0,False
SA-000346,judge_1,Refuted,Refuted,Refuted,False,False,False,False,False,False,False,False,False,False,False,-1,False
SA-000346,judge_2,Refuted,Refuted,Refuted,False,False,False,False,False,False,False,False,False,False,False,-3,False
SA-000346,judge_3,Refuted,Refuted,Refuted,False,False,False,False,False,False,False,False,False,False,False,-2,False
SA-000346,judge_4,Refuted,Refuted,Refuted,False,False,False,False,False,False,False,False,False,False,False,-2,False
SA-000346,judge_5,Refuted,Refuted,Refuted,False,False,False,False,False,False,False,False,False,False,False,-2,False
SA-000347,judge_1,Refuted,Refuted,Refuted,False,False,False,False,False,False,False,False,False,False,False,1,False
SA-000347,judge_2,Refuted,Refuted,Refuted,False,False,False,False,False,False,False,False,False,False,False,0,False
SA-000347,judge_3,Refuted,Refuted,Refuted,False,False,False,False,False,False,False,False,False,False,False,4,True
SA-000347,judge_4,Refuted,Refuted,Refuted,False,False,False,False,False,False,False,False,False,False,False,-1,False
SA-000347,judge_5,Refuted,Refuted,Refuted,False,False,False,False,False,False,False,False,False,False,False,1,False
SA-000348,judge_1,Refuted,Refuted,Refuted,False,False,False,False,False,False,False,False,False,False,False,-1,False
SA-000348,judge_2,Refuted,Refuted,Refuted,False,False,False,False,False,False,False,False,False,False,False,1,False
SA-000348,judge_3,Refuted,Refuted,Refuted,False,False,False,False,False,False,False,False,False,False,False,-2,False
SA-000348,judge_4,Refuted,Refuted,Refuted,False,False,False,False,False,False,False,False,False,False,False,3,False
SA-000348,judge_5,Refuted,Refuted,Refuted,False,False,False,False,False,False,False,False,False,False,False,5,False
SA-000349,judge_1,Ambiguous,Ambiguous,Ambiguous,True,True,True,False,False,True,False,False,False,False,False,-1,True
SA-000349,judge_2,Ambiguous,Ambiguous,Ambiguous,True,True,True,False,False,True,False,False,False,False,False,-10,False
SA-000349,judge_3,Ambiguous,Ambiguous,Ambiguous,True,True,True,False,False,True,False,False,False,False,False,-4,False
SA-000349,judge_4,Ambiguous,Ambiguous,Ambiguous,True,True,True,False,False,True,False,False,False,False,False,-17,False
SA-000349,judge_5,Ambiguous,Ambiguous,Ambiguous,True,True,True,False,False,True,False,False,False,False,False,-5,True
SA-000350,judge_1,Supported,Supported,Supported,False,False,False,False,False,False,False,False,False,False,False,0,False
SA-000350,judge_2,Supported,Supported,Supported,False,False,False,False,False,False,False,False,False,False,False,-4,False
SA-000350,judge_3,Supported,Supported,Supported,False,False,False,False,False,False,False,False,False,False,False,-2,False
SA-000350,judge_4,Supported,Supported,Supported,False,False,False,False,False,False,False,False,False,False,False,4,True
SA-000350,judge_5,Supported,Supported,Supported,False,False,False,False,False,False,False,False,False,False,False,2,False
SA-000351,judge_1,Refuted,Refuted,Refuted,False,False,False,False,False,False,False,False,False,False,False,-2,False
SA-000351,judge_2,Refuted,Ambiguous,Ambiguous,False,True,True,False,False,True,False,False,True,False,True,-34,False
SA-000351,judge_3,Ambiguous,Ambiguous,Ambiguous,True,True,True,False,False,True,False,False,False,False,False,-3,False
SA-000351,judge_4,Ambiguous,Ambiguous,Refuted,True,True,False,False,True,False,False,False,False,True,True,2,True
SA-000351,judge_5,Refuted,Refuted,Refuted,False,False,False,False,False,False,False,False,False,False,False,1,False
SA-000353,judge_1,Refuted,Refuted,Refuted,False,False,False,False,False,False,False,False,False,False,False,10,True
SA-000353,judge_2,Refuted,Refuted,Refuted,False,False,False,False,False,False,False,False,False,False,False,-21,False
SA-000353,judge_3,Refuted,Refuted,Refuted,False,False,False,False,False,False,False,False,False,False,False,-4,False
SA-000353,judge_4,Refuted,Refuted,Refuted,False,False,False,False,False,False,False,False,False,False,False,-7,False
SA-000353,judge_5,Refuted,Refuted,Refuted,False,False,False,False,False,False,False,False,False,False,False,-2,False
SA-000354,judge_1,Supported,Supported,Supported,False,False,False,False,False,False,False,False,False,False,False,1,False
SA-000354,judge_2,Supported,Supported,Supported,False,False,False,False,False,False,False,False,False,False,False,-2,False
SA-000354,judge_3,Supported,Supported,Supported,False,False,False,False,False,False,False,False,False,False,False,-2,False
SA-000354,judge_4,Supported,Supported,Supported,False,False,False,False,False,False,False,False,False,False,False,0,False
SA-000354,judge_5,Supported,Supported,Supported,False,False,False,False,False,False,False,False,False,False,False,3,False
SA-000355,judge_1,Ambiguous,Ambiguous,Ambiguous,True,True,True,False,False,True,False,False,False,False,False,4,True
SA-000355,judge_2,Ambiguous,Ambiguous,Ambiguous,True,True,True,False,False,True,False,False,False,False,False,-36,False
SA-000355,judge_3,Ambiguous,Ambiguous,Ambiguous,True,True,True,False,False,True,False,False,False,False,False,-4,True
SA-000355,judge_4,Ambiguous,Ambiguous,Ambiguous,True,True,True,False,False,True,False,False,False,False,False,-22,False
SA-000355,judge_5,Ambiguous,Ambiguous,Ambiguous,True,True,True,False,False,True,False,False,False,False,False,-29,False
SA-000356,judge_1,Supported,Supported,Supported,False,False,False,False,False,False,False,False,False,False,False,10,True
SA-000356,judge_2,Supported,Supported,Supported,False,False,False,False,False,False,False,False,False,False,False,-2,False
SA-000356,judge_3,Supported,Supported,Supported,False,False,False,False,False,False,False,False,False,False,False,0,False
SA-000356,judge_4,Supported,Supported,Supported,False,False,False,False,False,False,False,False,False,False,False,6,False
SA-000356,judge_5,Supported,Supported,Supported,False,False,False,False,False,False,False,False,False,False,False,5,False
SA-000357,judge_1,Ambiguous,Supported,Supported,True,False,False,True,False,False,False,False,True,False,True,30,True
SA-000357,judge_2,Ambiguous,Supported,Supported,True,False,False,True,False,False,False,False,True,False,True,22,True
SA-000357,judge_3,Ambiguous,Supported,Supported,True,False,False,True,False,False,False,False,True,False,True,28,True
SA-000357,judge_4,Ambiguous,Supported,Supported,True,False,False,True,False,False,False,False,True,False,True,13,True
SA-000357,judge_5,Ambiguous,Supported,Supported,True,False,False,True,False,False,False,False,True,False,True,30,True
SA-000358,judge_1,Ambiguous,Ambiguous,Ambiguous,True,True,True,False,False,True,False,False,False,False,False,10,False
SA-000358,judge_2,Ambiguous,Ambiguous,Ambiguous,True,True,True,False,False,True,False,False,False,False,False,-12,False
SA-000358,judge_3,Ambiguous,Ambiguous,Ambiguous,True,True,True,False,False,True,False,False,False,False,False,-8,False
SA-000358,judge_4,Ambiguous,Ambiguous,Ambiguous,True,True,True,False,False,True,False,False,False,False,False,-38,False
SA-000358,judge_5,Ambiguous,Ambiguous,Ambiguous,True,True,True,False,False,True,False,False,False,False,False,-18,False
SA-000359,judge_1,Supported,Supported,Supported,False,False,False,False,False,False,False,False,False,False,False,3,True
SA-000359,judge_2,Supported,Supported,Supported,False,False,False,False,False,False,False,False,False,False,False,1,True
SA-000359,judge_3,Supported,Supported,Supported,False,False,False,False,False,False,False,False,False,False,False,5,True
SA-000359,judge_4,Supported,Supported,Supported,False,False,False,False,False,False,False,False,False,False,False,9,True
SA-000359,judge_5,Supported,Supported,Supported,False,False,False,False,False,False,False,False,False,False,False,8,True
SA-000360,judge_1,Ambiguous,Ambiguous,Ambiguous,True,True,True,False,False,True,False,False,False,False,False,16,True
SA-000360,judge_2,Ambiguous,Ambiguous,Ambiguous,True,True,True,False,False,True,False,False,False,False,False,8,True
SA-000360,judge_3,Ambiguous,Ambiguous,Ambiguous,True,True,True,False,False,True,False,False,False,False,False,10,True
SA-000360,judge_4,Ambiguous,Ambiguous,Ambiguous,True,True,True,False,False,True,False,False,False,False,False,-25,True
SA-000360,judge_5,Ambiguous,Ambiguous,Ambiguous,True,True,True,False,False,True,False,False,False,False,False,3,True
SA-000361,judge_1,Refuted,Refuted,Refuted,False,False,False,False,False,False,False,False,False,False,False,0,False
SA-000361,judge_2,Refuted,Refuted,Refuted,False,False,False,False,False,False,False,False,False,False,False,0,True
SA-000361,judge_3,Refuted,Refuted,Refuted,False,False,False,False,False,False,False,False,False,False,False,1,True
SA-000361,judge_4,Refuted,Refuted,Refuted,False,False,False,False,False,False,False,False,False,False,False,5,False
SA-000361,judge_5,Refuted,Refuted,Refuted,False,False,False,False,False,False,False,False,False,False,False,2,False
SA-000362,judge_1,Ambiguous,Ambiguous,Ambiguous,True,True,True,False,False,True,False,False,False,False,False,-1,True
SA-000362,judge_2,Ambiguous,Ambiguous,Ambiguous,True,True,True,False,False,True,False,False,False,False,False,-16,False
SA-000362,judge_3,Ambiguous,Ambiguous,Ambiguous,True,True,True,False,False,True,False,False,False,False,False,-10,False
SA-000362,judge_4,Ambiguous,Ambiguous,Ambiguous,True,True,True,False,False,True,False,False,False,False,False,-28,True
SA-000362,judge_5,Ambiguous,Ambiguous,Ambiguous,True,True,True,False,False,True,False,False,False,False,False,-10,False
SA-000363,judge_1,Refuted,Refuted,Refuted,False,False,False,False,False,False,False,False,False,False,False,1,False
SA-000363,judge_2,Refuted,Refuted,Refuted,False,False,False,False,False,False,False,False,False,False,False,-4,False
SA-000363,judge_3,Refuted,Refuted,Refuted,False,False,False,False,False,False,False,False,False,False,False,2,True
SA-000363,judge_4,Refuted,Refuted,Refuted,False,False,False,False,False,False,False,False,False,False,False,2,False
SA-000363,judge_5,Refuted,Refuted,Refuted,False,False,False,False,False,False,False,False,False,False,False,5,True
SA-000364,judge_1,Refuted,Refuted,Refuted,False,False,False,False,False,False,False,False,False,False,False,1,False
SA-000364,judge_2,Refuted,Refuted,Refuted,False,False,False,False,False,False,False,False,False,False,False,-1,False
SA-000364,judge_3,Refuted,Refuted,Refuted,False,False,False,False,False,False,False,False,False,False,False,-1,False
SA-000364,judge_4,Refuted,Refuted,Refuted,False,False,False,False,False,False,False,False,False,False,False,1,False
SA-000364,judge_5,Refuted,Refuted,Refuted,False,False,False,False,False,False,False,False,False,False,False,1,False
SA-000365,judge_1,Refuted,Refuted,Refuted,False,False,False,False,False,False,False,False,False,False,False,0,False
SA-000365,judge_2,Refuted,Refuted,Refuted,False,False,False,False,False,False,False,False,False,False,False,-3,False
SA-000365,judge_3,Refuted,Refuted,Refuted,False,False,False,False,False,False,False,False,False,False,False,-6,False
SA-000365,judge_4,Refuted,Refuted,Refuted,False,False,False,False,False,False,False,False,False,False,False,-1,False
SA-000365,judge_5,Refuted,Refuted,Refuted,False,False,False,False,False,False,False,False,False,False,False,0,False
SA-000366,judge_1,Refuted,Refuted,Refuted,False,False,False,False,False,False,False,False,False,False,False,2,False
SA-000366,judge_2,Refuted,Refuted,Refuted,False,False,False,False,False,False,False,False,False,False,False,-1,False
SA-000366,judge_3,Refuted,Refuted,Refuted,False,False,False,False,False,False,False,False,False,False,False,-2,False
SA-000366,judge_4,Refuted,Refuted,Refuted,False,False,False,False,False,False,False,False,False,False,False,1,False
SA-000366,judge_5,Refuted,Refuted,Refuted,False,False,False,False,False,False,False,False,False,False,False,-1,False
SA-000367,judge_1,Supported,Supported,Supported,False,False,False,False,False,False,False,False,False,False,False,0,False
SA-000367,judge_2,Supported,Supported,Supported,False,False,False,False,False,False,False,False,False,False,False,-1,False
SA-000367,judge_3,Supported,Supported,Supported,False,False,False,False,False,False,False,False,False,False,False,-2,False
SA-000367,judge_4,Supported,Supported,Supported,False,False,False,False,False,False,False,False,False,False,False,3,False
SA-000367,judge_5,Supported,Supported,Supported,False,False,False,False,False,False,False,False,False,False,False,0,False
SA-000368,judge_1,Ambiguous,Ambiguous,Ambiguous,True,True,True,False,False,True,False,False,False,False,False,-4,False
SA-000368,judge_2,Ambiguous,Ambiguous,Ambiguous,True,True,True,False,False,True,False,False,False,False,False,-3,False
SA-000368,judge_3,Ambiguous,Ambiguous,Ambiguous,True,True,True,False,False,True,False,False,False,False,False,-2,False
SA-000368,judge_4,Ambiguous,Ambiguous,Ambiguous,True,True,True,False,False,True,False,False,False,False,False,-13,False
SA-000368,judge_5,Ambiguous,Ambiguous,Ambiguous,True,True,True,False,False,True,False,False,False,False,False,-5,False
SA-000369,judge_1,Supported,Supported,Supported,False,False,False,False,False,False,False,False,False,False,False,0,False
SA-000369,judge_2,Supported,Supported,Supported,False,False,False,False,False,False,False,False,False,False,False,-2,False
SA-000369,judge_3,Supported,Supported,Supported,False,False,False,False,False,False,False,False,False,False,False,-2,False
SA-000369,judge_4,Supported,Supported,Supported,False,False,False,False,False,False,False,False,False,False,False,1,False
SA-000369,judge_5,Supported,Supported,Supported,False,False,False,False,False,False,False,False,False,False,False,0,False
SA-000370,judge_1,Refuted,Refuted,Refuted,False,False,False,False,False,False,False,False,False,False,False,-4,False
SA-000370,judge_2,Refuted,Refuted,Refuted,False,False,False,False,False,False,False,False,False,False,False,-6,False
SA-000370,judge_3,Refuted,Refuted,Refuted,False,False,False,False,False,False,False,False,False,False,False,0,True
SA-000370,judge_4,Refuted,Refuted,Refuted,False,False,False,False,False,False,False,False,False,False,False,0,False
SA-000370,judge_5,Refuted,Refuted,Refuted,False,False,False,False,False,False,False,False,False,False,False,0,False
SA-000371,judge_1,Supported,Supported,Ambiguous,False,False,True,False,False,True,False,False,False,True,True,-11,False
SA-000371,judge_2,Ambiguous,Ambiguous,Ambiguous,True,True,True,False,False,True,False,False,False,False,False,-28,False
SA-000371,judge_3,Ambiguous,Ambiguous,Supported,True,True,False,False,True,False,False,False,False,True,True,8,True
SA-000371,judge_4,Ambiguous,Supported,Ambiguous,True,False,True,True,False,True,False,False,True,True,False,-26,False
SA-000371,judge_5,Supported,Ambiguous,Ambiguous,False,True,True,False,False,True,False,False,True,False,True,-25,False
SA-000372,judge_1,Supported,Supported,Supported,False,False,False,False,False,False,False,False,False,False,False,0,False
SA-000372,judge_2,Supported,Supported,Supported,False,False,False,False,False,False,False,False,False,False,False,-9,False
SA-000372,judge_3,Supported,Supported,Supported,False,False,False,False,False,False,False,False,False,False,False,-2,False
SA-000372,judge_4,Supported,Supported,Supported,False,False,False,False,False,False,False,False,False,False,False,-2,False
SA-000372,judge_5,Supported,Supported,Supported,False,False,False,False,False,False,False,False,False,False,False,0,False
SA-000373,judge_1,Refuted,Refuted,Refuted,False,False,False,False,False,False,False,False,False,False,False,0,False
SA-000373,judge_2,Refuted,Refuted,Refuted,False,False,False,False,False,False,False,False,False,False,False,-3,False
SA-000373,judge_3,Refuted,Refuted,Refuted,False,False,False,False,False,False,False,False,False,False,False,-2,False
SA-000373,judge_4,Refuted,Refuted,Refuted,False,False,False,False,False,False,False,False,False,False,False,1,False
SA-000373,judge_5,Refuted,Refuted,Refuted,False,False,False,False,False,False,False,False,False,False,False,2,False
SA-000374,judge_1,Supported,Supported,Supported,False,False,False,False,False,False,False,False,False,False,False,8,True
SA-000374,judge_2,Supported,Supported,Supported,False,False,False,False,False,False,False,False,False,False,False,7,True
SA-000374,judge_3,Supported,Supported,Supported,False,False,False,False,False,False,False,False,False,False,False,9,True
SA-000374,judge_4,Supported,Supported,Supported,False,False,False,False,False,False,False,False,False,False,False,14,True
SA-000374,judge_5,Supported,Supported,Supported,False,False,False,False,False,False,False,False,False,False,False,11,True
SA-000375,judge_1,Supported,Supported,Supported,False,False,False,False,False,False,False,False,False,False,False,-2,False
SA-000375,judge_2,Supported,Supported,Supported,False,False,False,False,False,False,False,False,False,False,False,-6,False
SA-000375,judge_3,Supported,Supported,Supported,False,False,False,False,False,False,False,False,False,False,False,-2,False
SA-000375,judge_4,Supported,Supported,Supported,False,False,False,False,False,False,False,False,False,False,False,2,False
SA-000375,judge_5,Supported,Supported,Supported,False,False,False,False,False,False,False,False,False,False,False,0,False
SA-000376,judge_1,Supported,Supported,Supported,False,False,False,False,False,False,False,False,False,False,False,6,True
SA-000376,judge_2,Supported,Supported,Supported,False,False,False,False,False,False,False,False,False,False,False,4,True
SA-000376,judge_3,Supported,Supported,Supported,False,False,False,False,False,False,False,False,False,False,False,5,True
SA-000376,judge_4,Supported,Supported,Supported,False,False,False,False,False,False,False,False,False,False,False,11,True
SA-000376,judge_5,Supported,Supported,Supported,False,False,False,False,False,False,False,False,False,False,False,8,True
SA-000377,judge_1,Ambiguous,Refuted,Ambiguous,True,False,True,True,False,True,False,False,True,True,False,-6,False
SA-000377,judge_2,Ambiguous,Refuted,Ambiguous,True,False,True,True,False,True,False,False,True,True,False,-4,False
SA-000377,judge_3,Refuted,Ambiguous,Ambiguous,False,True,True,False,False,True,False,False,True,False,True,-45,False
SA-000377,judge_4,Refuted,Ambiguous,Ambiguous,False,True,True,False,False,True,False,False,True,False,True,-37,False
SA-000377,judge_5,Refuted,Ambiguous,Refuted,False,True,False,False,True,False,False,False,True,True,False,6,True
SA-000378,judge_1,Ambiguous,Supported,Ambiguous,True,False,True,True,False,True,False,False,True,True,False,-1,False
SA-000378,judge_2,Supported,Ambiguous,Ambiguous,False,True,True,False,False,True,False,False,True,False,True,-26,False
SA-000378,judge_3,Ambiguous,Ambiguous,Ambiguous,True,True,True,False,False,True,False,False,False,False,False,-4,False
SA-000378,judge_4,Ambiguous,Ambiguous,Ambiguous,True,True,True,False,False,True,False,False,False,False,False,-16,False
SA-000378,judge_5,Supported,Ambiguous,Ambiguous,False,True,True,False,False,True,False,False,True,False,True,-22,False
SA-000379,judge_1,Supported,Supported,Supported,False,False,False,False,False,False,False,False,False,False,False,1,False
SA-000379,judge_2,Supported,Supported,Supported,False,False,False,False,False,False,False,False,False,False,False,-3,False
SA-000379,judge_3,Supported,Supported,Supported,False,False,False,False,False,False,False,False,False,False,False,-2,False
SA-000379,judge_4,Supported,Supported,Supported,False,False,False,False,False,False,False,False,False,False,False,2,False
SA-000379,judge_5,Supported,Supported,Supported,False,False,False,False,False,False,False,False,False,False,False,-1,False
SA-000380,judge_1,Refuted,Refuted,Refuted,False,False,False,False,False,False,False,False,False,False,False,0,False
SA-000380,judge_2,Refuted,Refuted,Refuted,False,False,False,False,False,False,False,False,False,False,False,-2,False
SA-000380,judge_3,Refuted,Refuted,Refuted,False,False,False,False,False,False,False,False,False,False,False,-2,False
SA-000380,judge_4,Refuted,Refuted,Refuted,False,False,False,False,False,False,False,False,False,False,False,1,False
SA-000380,judge_5,Refuted,Refuted,Refuted,False,False,False,False,False,False,False,False,False,False,False,0,False
SA-000381,judge_1,Supported,Supported,Supported,False,False,False,False,False,False,False,False,False,False,False,16,True
SA-000381,judge_2,Supported,Supported,Supported,False,False,False,False,False,False,False,False,False,False,False,6,True
SA-000381,judge_3,Supported,Supported,Supported,False,False,False,False,False,False,False,False,False,False,False,15,True
SA-000381,judge_4,Supported,Supported,Supported,False,False,False,False,False,False,False,False,False,False,False,14,True
SA-000381,judge_5,Supported,Supported,Supported,False,False,False,False,False,False,False,False,False,False,False,12,True
SA-000382,judge_1,Ambiguous,Ambiguous,Ambiguous,True,True,True,False,False,True,False,False,False,False,False,-4,False
SA-000382,judge_2,Ambiguous,Ambiguous,Ambiguous,True,True,True,False,False,True,False,False,False,False,False,-10,False
SA-000382,judge_3,Ambiguous,Ambiguous,Ambiguous,True,True,True,False,False,True,False,False,False,False,False,-4,False
SA-000382,judge_4,Ambiguous,Ambiguous,Ambiguous,True,True,True,False,False,True,False,False,False,False,False,-18,False
SA-000382,judge_5,Ambiguous,Ambiguous,Ambiguous,True,True,True,False,False,True,False,False,False,False,False,-11,False
SA-000383,judge_1,Supported,Supported,Supported,False,False,False,False,False,False,False,False,False,False,False,1,False
SA-000383,judge_2,Supported,Supported,Supported,False,False,False,False,False,False,False,False,False,False,False,0,False
SA-000383,judge_3,Supported,Supported,Supported,False,False,False,False,False,False,False,False,False,False,False,-1,False
SA-000383,judge_4,Supported,Supported,Supported,False,False,False,False,False,False,False,False,False,False,False,3,False
SA-000383,judge_5,Supported,Supported,Supported,False,False,False,False,False,False,False,False,False,False,False,1,False
SA-000384,judge_1,Refuted,Refuted,Refuted,False,False,False,False,False,False,False,False,False,False,False,0,False
SA-000384,judge_2,Refuted,Refuted,Refuted,False,False,False,False,False,False,False,False,False,False,False,-2,False
SA-000384,judge_3,Refuted,Refuted,Refuted,False,False,False,False,False,False,False,False,False,False,False,-2,False
SA-000384,judge_4,Refuted,Refuted,Refuted,False,False,False,False,False,False,False,False,False,False,False,1,False
SA-000384,judge_5,Refuted,Refuted,Refuted,False,False,False,False,False,False,False,False,False,False,False,0,False
SA-000385,judge_1,Supported,Supported,Supported,False,False,False,False,False,False,False,False,False,False,False,17,True
SA-000385,judge_2,Supported,Supported,Supported,False,False,False,False,False,False,False,False,False,False,False,-1,False
SA-000385,judge_3,Supported,Supported,Supported,False,False,False,False,False,False,False,False,False,False,False,10,False
SA-000385,judge_4,Supported,Supported,Supported,False,False,False,False,False,False,False,False,False,False,False,15,True
SA-000385,judge_5,Supported,Supported,Supported,False,False,False,False,False,False,False,False,False,False,False,12,True
SA-000386,judge_1,Ambiguous,Ambiguous,Ambiguous,True,True,True,False,False,True,False,False,False,False,False,4,True
SA-000386,judge_2,Ambiguous,Ambiguous,Ambiguous,True,True,True,False,False,True,False,False,False,False,False,-19,False
SA-000386,judge_3,Ambiguous,Ambiguous,Ambiguous,True,True,True,False,False,True,False,False,False,False,False,-9,False
SA-000386,judge_4,Ambiguous,Ambiguous,Ambiguous,True,True,True,False,False,True,False,False,False,False,False,-28,False
SA-000386,judge_5,Ambiguous,Ambiguous,Ambiguous,True,True,True,False,False,True,False,False,False,False,False,-18,False
SA-000387,judge_1,Ambiguous,Ambiguous,Ambiguous,True,True,True,False,False,True,False,False,False,False,False,-4,False
SA-000387,judge_2,Ambiguous,Ambiguous,Ambiguous,True,True,True,False,False,True,False,False,False,False,False,-10,False
SA-000387,judge_3,Ambiguous,Ambiguous,Ambiguous,True,True,True,False,False,True,False,False,False,False,False,-8,False
SA-000387,judge_4,Ambiguous,Ambiguous,Ambiguous,True,True,True,False,False,True,False,False,False,False,False,-12,False
SA-000387,judge_5,Ambiguous,Ambiguous,Ambiguous,True,True,True,False,False,True,False,False,False,False,False,-10,False
SA-000388,judge_1,Supported,Supported,Supported,False,False,False,False,False,False,False,False,False,False,False,18,True
SA-000388,judge_2,Supported,Supported,Supported,False,False,False,False,False,False,False,False,False,False,False,6,True
SA-000388,judge_3,Supported,Supported,Supported,False,False,False,False,False,False,False,False,False,False,False,11,True
SA-000388,judge_4,Supported,Supported,Supported,False,False,False,False,False,False,False,False,False,False,False,16,True
SA-000388,judge_5,Supported,Supported,Supported,False,False,False,False,False,False,False,False,False,False,False,12,True
SA-000389,judge_1,Refuted,Refuted,Refuted,False,False,False,False,False,False,False,False,False,False,False,0,False
SA-000389,judge_2,Refuted,Refuted,Refuted,False,False,False,False,False,False,False,False,False,False,False,-5,False
SA-000389,judge_3,Refuted,Refuted,Refuted,False,False,False,False,False,False,False,False,False,False,False,-3,False
SA-000389,judge_4,Refuted,Refuted,Refuted,False,False,False,False,False,False,False,False,False,False,False,0,False
SA-000389,judge_5,Refuted,Refuted,Refuted,False,False,False,False,False,False,False,False,False,False,False,2,False
SA-000390,judge_1,Supported,Supported,Supported,False,False,False,False,False,False,False,False,False,False,False,1,False
SA-000390,judge_2,Supported,Supported,Supported,False,False,False,False,False,False,False,False,False,False,False,-1,False
SA-000390,judge_3,Supported,Supported,Supported,False,False,False,False,False,False,False,False,False,False,False,-2,False
SA-000390,judge_4,Supported,Supported,Supported,False,False,False,False,False,False,False,False,False,False,False,0,False
SA-000390,judge_5,Supported,Supported,Supported,False,False,False,False,False,False,False,False,False,False,False,0,False
SA-000391,judge_1,Ambiguous,Ambiguous,Ambiguous,True,True,True,False,False,True,False,False,False,False,False,4,False
SA-000391,judge_2,Ambiguous,Ambiguous,Ambiguous,True,True,True,False,False,True,False,False,False,False,False,-10,False
SA-000391,judge_3,Ambiguous,Ambiguous,Ambiguous,True,True,True,False,False,True,False,False,False,False,False,-9,False
SA-000391,judge_4,Ambiguous,Ambiguous,Ambiguous,True,True,True,False,False,True,False,False,False,False,False,-22,False
SA-000391,judge_5,Ambiguous,Ambiguous,Ambiguous,True,True,True,False,False,True,False,False,False,False,False,-5,False
SA-000392,judge_1,Supported,Supported,Supported,False,False,False,False,False,False,False,False,False,False,False,0,False
SA-000392,judge_2,Supported,Supported,Supported,False,False,False,False,False,False,False,False,False,False,False,-6,False
SA-000392,judge_3,Supported,Supported,Supported,False,False,False,False,False,False,False,False,False,False,False,-2,False
SA-000392,judge_4,Supported,Supported,Supported,False,False,False,False,False,False,False,False,False,False,False,0,False
SA-000392,judge_5,Supported,Supported,Supported,False,False,False,False,False,False,False,False,False,False,False,0,False
SA-000393,judge_1,Refuted,Refuted,Refuted,False,False,False,False,False,False,False,False,False,False,False,-2,False
SA-000393,judge_2,Refuted,Ambiguous,Refuted,False,True,False,False,True,False,False,False,True,True,False,-4,False
SA-000393,judge_3,Refuted,Refuted,Refuted,False,False,False,False,False,False,False,False,False,False,False,-8,False
SA-000393,judge_4,Refuted,Ambiguous,Refuted,False,True,False,False,True,False,False,False,True,True,False,-6,False
SA-000393,judge_5,Refuted,Refuted,Refuted,False,False,False,False,False,False,False,False,False,False,False,1,False
SA-000394,judge_1,Supported,Supported,Supported,False,False,False,False,False,False,False,False,False,False,False,7,True
SA-000394,judge_2,Supported,Supported,Supported,False,False,False,False,False,False,False,False,False,False,False,2,True
SA-000394,judge_3,Supported,Supported,Supported,False,False,False,False,False,False,False,False,False,False,False,10,True
SA-000394,judge_4,Supported,Supported,Supported,False,False,False,False,False,False,False,False,False,False,False,12,True
SA-000394,judge_5,Supported,Supported,Supported,False,False,False,False,False,False,False,False,False,False,False,13,True
SA-000395,judge_1,Supported,Supported,Supported,False,False,False,False,False,False,False,False,False,False,False,2,False
SA-000395,judge_2,Supported,Supported,Supported,False,False,False,False,False,False,False,False,False,False,False,-3,False
SA-000395,judge_3,Supported,Supported,Supported,False,False,False,False,False,False,False,False,False,False,False,2,True
SA-000395,judge_4,Supported,Supported,Supported,False,False,False,False,False,False,False,False,False,False,False,5,True
SA-000395,judge_5,Supported,Supported,Supported,False,False,False,False,False,False,False,False,False,False,False,0,False
SA-000396,judge_1,Refuted,Refuted,Refuted,False,False,False,False,False,False,False,False,False,False,False,-2,False
SA-000396,judge_2,Refuted,Refuted,Refuted,False,False,False,False,False,False,False,False,False,False,False,-5,False
SA-000396,judge_3,Refuted,Refuted,Refuted,False,False,False,False,False,False,False,False,False,False,False,-3,False
SA-000396,judge_4,Refuted,Refuted,Refuted,False,False,False,False,False,False,False,False,False,False,False,-6,False
SA-000396,judge_5,Refuted,Refuted,Refuted,False,False,False,False,False,False,False,False,False,False,False,2,False
SA-000397,judge_1,Supported,Supported,Supported,False,False,False,False,False,False,False,False,False,False,False,4,False
SA-000397,judge_2,Supported,Supported,Supported,False,False,False,False,False,False,False,False,False,False,False,-10,False
SA-000397,judge_3,Supported,Supported,Supported,False,False,False,False,False,False,False,False,False,False,False,0,False
SA-000397,judge_4,Supported,Supported,Supported,False,False,False,False,False,False,False,False,False,False,False,8,False
SA-000397,judge_5,Supported,Supported,Supported,False,False,False,False,False,False,False,False,False,False,False,6,False
SA-000398,judge_1,Refuted,Refuted,Refuted,False,False,False,False,False,False,False,False,False,False,False,1,False
SA-000398,judge_2,Refuted,Refuted,Refuted,False,False,False,False,False,False,False,False,False,False,False,-3,False
SA-000398,judge_3,Refuted,Refuted,Refuted,False,False,False,False,False,False,False,False,False,False,False,-3,False
SA-000398,judge_4,Refuted,Refuted,Refuted,False,False,False,False,False,False,False,False,False,False,False,1,False
SA-000398,judge_5,Refuted,Refuted,Refuted,False,False,False,False,False,False,False,False,False,False,False,1,False
SA-000399,judge_1,Ambiguous,Ambiguous,Ambiguous,True,True,True,False,False,True,False,False,False,False,False,4,False
SA-000399,judge_2,Ambiguous,Ambiguous,Ambiguous,True,True,True,False,False,True,False,False,False,False,False,-14,False
SA-000399,judge_3,Ambiguous,Ambiguous,Ambiguous,True,True,True,False,False,True,False,False,False,False,False,-3,False
SA-000399,judge_4,Ambiguous,Ambiguous,Ambiguous,True,True,True,False,False,True,False,False,False,False,False,-20,False
SA-000399,judge_5,Ambiguous,Ambiguous,Ambiguous,True,True,True,False,False,True,False,False,False,False,False,-7,False
SA-000400,judge_1,Supported,Supported,Supported,False,False,False,False,False,False,False,False,False,False,False,14,True
SA-000400,judge_2,Supported,Supported,Supported,False,False,False,False,False,False,False,False,False,False,False,7,True
SA-000400,judge_3,Supported,Supported,Supported,False,False,False,False,False,False,False,False,False,False,False,12,True
SA-000400,judge_4,Supported,Supported,Supported,False,False,False,False,False,False,False,False,False,False,False,14,True
SA-000400,judge_5,Supported,Supported,Supported,False,False,False,False,False,False,False,False,False,False,False,12,True
SA-000401,judge_1,Supported,Supported,Supported,False,False,False,False,False,False,False,False,False,False,False,8,True
SA-000401,judge_2,Supported,Supported,Supported,False,False,False,False,False,False,False,False,False,False,False,5,True
SA-000401,judge_3,Supported,Supported,Supported,False,False,False,False,False,False,False,False,False,False,False,8,True
SA-000401,judge_4,Supported,Supported,Supported,False,False,False,False,False,False,False,False,False,False,False,9,True
SA-000401,judge_5,Supported,Supported,Supported,False,False,False,False,False,False,False,False,False,False,False,9,True
SA-000402,judge_1,Supported,Supported,Supported,False,False,False,False,False,False,False,False,False,False,False,0,False
SA-000402,judge_2,Supported,Supported,Supported,False,False,False,False,False,False,False,False,False,False,False,0,False
SA-000402,judge_3,Supported,Supported,Supported,False,False,False,False,False,False,False,False,False,False,False,-1,False
SA-000402,judge_4,Supported,Supported,Supported,False,False,False,False,False,False,False,False,False,False,False,0,False
SA-000402,judge_5,Supported,Supported,Supported,False,False,False,False,False,False,False,False,False,False,False,0,False
SA-000403,judge_1,Supported,Supported,Supported,False,False,False,False,False,False,False,False,False,False,False,12,True
SA-000403,judge_2,Ambiguous,Supported,Supported,True,False,False,True,False,False,False,False,True,False,True,40,True
SA-000403,judge_3,Ambiguous,Supported,Supported,True,False,False,True,False,False,False,False,True,False,True,20,True
SA-000403,judge_4,Supported,Supported,Supported,False,False,False,False,False,False,False,False,False,False,False,14,True
SA-000403,judge_5,Ambiguous,Supported,Supported,True,False,False,True,False,False,False,False,True,False,True,55,True
SA-000404,judge_1,Supported,Supported,Supported,False,False,False,False,False,False,False,False,False,False,False,0,False
SA-000404,judge_2,Supported,Supported,Supported,False,False,False,False,False,False,False,False,False,False,False,-4,False
SA-000404,judge_3,Supported,Supported,Supported,False,False,False,False,False,False,False,False,False,False,False,-2,False
SA-000404,judge_4,Supported,Supported,Supported,False,False,False,False,False,False,False,False,False,False,False,-6,False
SA-000404,judge_5,Supported,Supported,Supported,False,False,False,False,False,False,False,False,False,False,False,0,False
SA-000405,judge_1,Supported,Supported,Supported,False,False,False,False,False,False,False,False,False,False,False,8,True
SA-000405,judge_2,Supported,Supported,Supported,False,False,False,False,False,False,False,False,False,False,False,3,False
SA-000405,judge_3,Supported,Supported,Supported,False,False,False,False,False,False,False,False,False,False,False,3,False
SA-000405,judge_4,Supported,Supported,Supported,False,False,False,False,False,False,False,False,False,False,False,7,True
SA-000405,judge_5,Supported,Supported,Supported,False,False,False,False,False,False,False,False,False,False,False,3,False
SA-000406,judge_1,Refuted,Refuted,Refuted,False,False,False,False,False,False,False,False,False,False,False,-2,False
SA-000406,judge_2,Refuted,Refuted,Refuted,False,False,False,False,False,False,False,False,False,False,False,0,False
SA-000406,judge_3,Refuted,Refuted,Refuted,False,False,False,False,False,False,False,False,False,False,False,2,False
SA-000406,judge_4,Refuted,Refuted,Refuted,False,False,False,False,False,False,False,False,False,False,False,-6,False
SA-000406,judge_5,Refuted,Refuted,Refuted,False,False,False,False,False,False,False,False,False,False,False,2,False
SA-000407,judge_1,Refuted,Refuted,Refuted,False,False,False,False,False,False,False,False,False,False,False,13,True
SA-000407,judge_2,Refuted,Refuted,Refuted,False,False,False,False,False,False,False,False,False,False,False,14,True
SA-000407,judge_3,Ambiguous,Refuted,Refuted,True,False,False,True,False,False,False,False,True,False,True,29,True
SA-000407,judge_4,Refuted,Refuted,Refuted,False,False,False,False,False,False,False,False,False,False,False,7,False
SA-000407,judge_5,Refuted,Refuted,Refuted,False,False,False,False,False,False,False,False,False,False,False,20,True
SA-000408,judge_1,Refuted,Refuted,Refuted,False,False,False,False,False,False,False,False,False,False,False,2,False
SA-000408,judge_2,Refuted,Refuted,Refuted,False,False,False,False,False,False,False,False,False,False,False,-1,False
SA-000408,judge_3,Refuted,Refuted,Refuted,False,False,False,False,False,False,False,False,False,False,False,-2,False
SA-000408,judge_4,Refuted,Refuted,Refuted,False,False,False,False,False,False,False,False,False,False,False,-3,False
SA-000408,judge_5,Refuted,Refuted,Refuted,False,False,False,False,False,False,False,False,False,False,False,2,False
SA-000409,judge_1,Supported,Supported,Supported,False,False,False,False,False,False,False,False,False,False,False,10,True
SA-000409,judge_2,Supported,Supported,Supported,False,False,False,False,False,False,False,False,False,False,False,2,False
SA-000409,judge_3,Supported,Supported,Supported,False,False,False,False,False,False,False,False,False,False,False,2,False
SA-000409,judge_4,Supported,Supported,Supported,False,False,False,False,False,False,False,False,False,False,False,4,False
SA-000409,judge_5,Supported,Supported,Supported,False,False,False,False,False,False,False,False,False,False,False,10,True
SA-000410,judge_1,Refuted,Refuted,Refuted,False,False,False,False,False,False,False,False,False,False,False,0,False
SA-000410,judge_2,Refuted,Refuted,Refuted,False,False,False,False,False,False,False,False,False,False,False,-2,False
SA-000410,judge_3,Ambiguous,Refuted,Refuted,True,False,False,True,False,False,False,False,True,False,True,20,True
SA-000410,judge_4,Refuted,Refuted,Refuted,False,False,False,False,False,False,False,False,False,False,False,8,True
SA-000410,judge_5,Refuted,Refuted,Refuted,False,False,False,False,False,False,False,False,False,False,False,13,True
SA-000411,judge_1,Ambiguous,Ambiguous,Ambiguous,True,True,True,False,False,True,False,False,False,False,False,-12,True
SA-000411,judge_2,Ambiguous,Ambiguous,Ambiguous,True,True,True,False,False,True,False,False,False,False,False,10,False
SA-000411,judge_3,Ambiguous,Ambiguous,Ambiguous,True,True,True,False,False,True,False,False,False,False,False,-12,True
SA-000411,judge_4,Ambiguous,Ambiguous,Ambiguous,True,True,True,False,False,True,False,False,False,False,False,0,False
SA-000411,judge_5,Ambiguous,Ambiguous,Ambiguous,True,True,True,False,False,True,False,False,False,False,False,22,True
SA-000412,judge_1,Ambiguous,Ambiguous,Supported,True,True,False,False,True,False,False,False,False,True,True,0,True
SA-000412,judge_2,Ambiguous,Ambiguous,Ambiguous,True,True,True,False,False,True,False,False,False,False,False,34,True
SA-000412,judge_3,Ambiguous,Ambiguous,Ambiguous,True,True,True,False,False,True,False,False,False,False,False,-16,True
SA-000412,judge_4,Ambiguous,Ambiguous,Ambiguous,True,True,True,False,False,True,False,False,False,False,False,-17,True
SA-000412,judge_5,Ambiguous,Ambiguous,Ambiguous,True,True,True,False,False,True,False,False,False,False,False,38,True
SA-000413,judge_1,Refuted,Refuted,Refuted,False,False,False,False,False,False,False,False,False,False,False,-1,False
SA-000413,judge_2,Refuted,Refuted,Refuted,False,False,False,False,False,False,False,False,False,False,False,-1,False
SA-000413,judge_3,Refuted,Refuted,Refuted,False,False,False,False,False,False,False,False,False,False,False,1,False
SA-000413,judge_4,Refuted,Refuted,Refuted,False,False,False,False,False,False,False,False,False,False,False,1,False
SA-000413,judge_5,Refuted,Refuted,Refuted,False,False,False,False,False,False,False,False,False,False,False,8,True
SA-000414,judge_1,Refuted,Ambiguous,Ambiguous,False,True,True,False,False,True,False,False,True,False,True,-12,False
SA-000414,judge_2,Ambiguous,Ambiguous,Ambiguous,True,True,True,False,False,True,False,False,False,False,False,20,False
SA-000414,judge_3,Ambiguous,Ambiguous,Ambiguous,True,True,True,False,False,True,False,False,False,False,False,-11,False
SA-000414,judge_4,Refuted,Ambiguous,Ambiguous,False,True,True,False,False,True,False,False,True,False,True,-10,False
SA-000414,judge_5,Ambiguous,Ambiguous,Ambiguous,True,True,True,False,False,True,False,False,False,False,False,5,False
SA-000415,judge_1,Refuted,Refuted,Refuted,False,False,False,False,False,False,False,False,False,False,False,1,False
SA-000415,judge_2,Refuted,Refuted,Refuted,False,False,False,False,False,False,False,False,False,False,False,-2,False
SA-000415,judge_3,Refuted,Refuted,Refuted,False,False,False,False,False,False,False,False,False,False,False,-1,False
SA-000415,judge_4,Refuted,Refuted,Refuted,False,False,False,False,False,False,False,False,False,False,False,-1,False
SA-000415,judge_5,Refuted,Refuted,Refuted,False,False,False,False,False,False,False,False,False,False,False,1,False
SA-000416,judge_1,Supported,Supported,Supported,False,False,False,False,False,False,False,False,False,False,False,-2,False
SA-000416,judge_2,Supported,Supported,Supported,False,False,False,False,False,False,False,False,False,False,False,-2,False
SA-000416,judge_3,Supported,Supported,Supported,False,False,False,False,False,False,False,False,False,False,False,-10,False
SA-000416,judge_4,Supported,Supported,Supported,False,False,False,False,False,False,False,False,False,False,False,-4,False
SA-000416,judge_5,Supported,Supported,Supported,False,False,False,False,False,False,False,False,False,False,False,8,False
SA-000417,judge_1,Supported,Supported,Supported,False,False,False,False,False,False,False,False,False,False,False,12,True
SA-000417,judge_2,Supported,Supported,Supported,False,False,False,False,False,False,False,False,False,False,False,18,True
SA-000417,judge_3,Ambiguous,Supported,Supported,True,False,False,True,False,False,False,False,True,False,True,20,True
SA-000417,judge_4,Supported,Supported,Supported,False,False,False,False,False,False,False,False,False,False,False,10,True
SA-000417,judge_5,Supported,Supported,Supported,False,False,False,False,False,False,False,False,False,False,False,14,True
SA-000418,judge_1,Supported,Supported,Supported,False,False,False,False,False,False,False,False,False,False,False,1,False
SA-000418,judge_2,Supported,Supported,Supported,False,False,False,False,False,False,False,False,False,False,False,0,False
SA-000418,judge_3,Supported,Supported,Supported,False,False,False,False,False,False,False,False,False,False,False,-1,False
SA-000418,judge_4,Supported,Supported,Supported,False,False,False,False,False,False,False,False,False,False,False,0,False
SA-000418,judge_5,Supported,Supported,Supported,False,False,False,False,False,False,False,False,False,False,False,2,False
SA-000419,judge_1,Supported,Supported,Supported,False,False,False,False,False,False,False,False,False,False,False,0,False
SA-000419,judge_2,Supported,Supported,Supported,False,False,False,False,False,False,False,False,False,False,False,1,False
SA-000419,judge_3,Supported,Supported,Supported,False,False,False,False,False,False,False,False,False,False,False,-1,False
SA-000419,judge_4,Supported,Supported,Supported,False,False,False,False,False,False,False,False,False,False,False,-2,False
SA-000419,judge_5,Supported,Supported,Supported,False,False,False,False,False,False,False,False,False,False,False,0,False
SA-000420,judge_1,Refuted,Refuted,Refuted,False,False,False,False,False,False,False,False,False,False,False,1,False
SA-000420,judge_2,Refuted,Refuted,Refuted,False,False,False,False,False,False,False,False,False,False,False,1,False
SA-000420,judge_3,Refuted,Refuted,Refuted,False,False,False,False,False,False,False,False,False,False,False,-2,False
SA-000420,judge_4,Refuted,Refuted,Refuted,False,False,False,False,False,False,False,False,False,False,False,-1,False
SA-000420,judge_5,Refuted,Refuted,Refuted,False,False,False,False,False,False,False,False,False,False,False,1,False
SA-000421,judge_1,Refuted,Refuted,Refuted,False,False,False,False,False,False,False,False,False,False,False,8,True
SA-000421,judge_2,Refuted,Refuted,Refuted,False,False,False,False,False,False,False,False,False,False,False,13,True
SA-000421,judge_3,Ambiguous,Refuted,Refuted,True,False,False,True,False,False,False,False,True,False,True,24,True
SA-000421,judge_4,Refuted,Refuted,Refuted,False,False,False,False,False,False,False,False,False,False,False,9,True
SA-000421,judge_5,Refuted,Refuted,Refuted,False,False,False,False,False,False,False,False,False,False,False,15,True
SA-000422,judge_1,Ambiguous,Ambiguous,Ambiguous,True,True,True,False,False,True,False,False,False,False,False,-2,False
SA-000422,judge_2,Ambiguous,Ambiguous,Ambiguous,True,True,True,False,False,True,False,False,False,False,False,14,False
SA-000422,judge_3,Ambiguous,Ambiguous,Ambiguous,True,True,True,False,False,True,False,False,False,False,False,-16,False
SA-000422,judge_4,Ambiguous,Ambiguous,Ambiguous,True,True,True,False,False,True,False,False,False,False,False,-8,False
SA-000422,judge_5,Ambiguous,Ambiguous,Ambiguous,True,True,True,False,False,True,False,False,False,False,False,5,False
SA-000423,judge_1,Refuted,Refuted,Refuted,False,False,False,False,False,False,False,False,False,False,False,-1,False
SA-000423,judge_2,Refuted,Refuted,Refuted,False,False,False,False,False,False,False,False,False,False,False,-2,False
SA-000423,judge_3,Refuted,Refuted,Refuted,False,False,False,False,False,False,False,False,False,False,False,0,False
SA-000423,judge_4,Refuted,Refuted,Refuted,False,False,False,False,False,False,False,False,False,False,False,-5,False
SA-000423,judge_5,Refuted,Refuted,Refuted,False,False,False,False,False,False,False,False,False,False,False,3,False
SA-000424,judge_1,Supported,Supported,Supported,False,False,False,False,False,False,False,False,False,False,False,4,False
SA-000424,judge_2,Supported,Supported,Supported,False,False,False,False,False,False,False,False,False,False,False,10,False
SA-000424,judge_3,Supported,Supported,Supported,False,False,False,False,False,False,False,False,False,False,False,10,True
SA-000424,judge_4,Supported,Supported,Supported,False,False,False,False,False,False,False,False,False,False,False,8,True
SA-000424,judge_5,Supported,Supported,Supported,False,False,False,False,False,False,False,False,False,False,False,12,True
SA-000425,judge_1,Ambiguous,Ambiguous,Ambiguous,True,True,True,False,False,True,False,False,False,False,False,1,False
SA-000425,judge_2,Ambiguous,Ambiguous,Ambiguous,True,True,True,False,False,True,False,False,False,False,False,10,False
SA-000425,judge_3,Ambiguous,Ambiguous,Ambiguous,True,True,True,False,False,True,False,False,False,False,False,-14,False
SA-000425,judge_4,Ambiguous,Ambiguous,Ambiguous,True,True,True,False,False,True,False,False,False,False,False,-6,False
SA-000425,judge_5,Ambiguous,Ambiguous,Ambiguous,True,True,True,False,False,True,False,False,False,False,False,10,False
SA-000426,judge_1,Refuted,Refuted,Ambiguous,False,False,True,False,False,True,False,False,False,True,True,-40,False
SA-000426,judge_2,Refuted,Refuted,Supported,False,False,False,False,False,False,False,True,False,True,True,-14,False
SA-000426,judge_3,Refuted,Refuted,Ambiguous,False,False,True,False,False,True,False,False,False,True,True,-45,False
SA-000426,judge_4,Refuted,Refuted,Supported,False,False,False,False,False,False,False,True,False,True,True,-16,False
SA-000426,judge_5,Refuted,Refuted,Ambiguous,False,False,True,False,False,True,False,False,False,True,True,-28,False
SA-000427,judge_1,Supported,Supported,Supported,False,False,False,False,False,False,False,False,False,False,False,4,False
SA-000427,judge_2,Supported,Supported,Supported,False,False,False,False,False,False,False,False,False,False,False,4,False
SA-000427,judge_3,Supported,Supported,Supported,False,False,False,False,False,False,False,False,False,False,False,-2,False
SA-000427,judge_4,Supported,Supported,Supported,False,False,False,False,False,False,False,False,False,False,False,0,False
SA-000427,judge_5,Supported,Supported,Supported,False,False,False,False,False,False,False,False,False,False,False,2,False
SA-000428,judge_1,Supported,Supported,Supported,False,False,False,False,False,False,False,False,False,False,False,2,False
SA-000428,judge_2,Supported,Supported,Supported,False,False,False,False,False,False,False,False,False,False,False,-1,False
SA-000428,judge_3,Supported,Supported,Supported,False,False,False,False,False,False,False,False,False,False,False,0,False
SA-000428,judge_4,Supported,Supported,Supported,False,False,False,False,False,False,False,False,False,False,False,-8,False
SA-000428,judge_5,Supported,Supported,Supported,False,False,False,False,False,False,False,False,False,False,False,3,True
SA-000429,judge_1,Refuted,Refuted,Refuted,False,False,False,False,False,False,False,False,False,False,False,6,True
SA-000429,judge_2,Refuted,Refuted,Refuted,False,False,False,False,False,False,False,False,False,False,False,0,False
SA-000429,judge_3,Refuted,Refuted,Refuted,False,False,False,False,False,False,False,False,False,False,False,2,True
SA-000429,judge_4,Refuted,Refuted,Refuted,False,False,False,False,False,False,False,False,False,False,False,1,False
SA-000429,judge_5,Refuted,Refuted,Refuted,False,False,False,False,False,False,False,False,False,False,False,2,False
SA-000430,judge_1,Refuted,Refuted,Refuted,False,False,False,False,False,False,False,False,False,False,False,1,False
SA-000430,judge_2,Refuted,Refuted,Refuted,False,False,False,False,False,False,False,False,False,False,False,0,False
SA-000430,judge_3,Refuted,Refuted,Refuted,False,False,False,False,False,False,False,False,False,False,False,0,False
SA-000430,judge_4,Refuted,Refuted,Refuted,False,False,False,False,False,False,False,False,False,False,False,0,False
SA-000430,judge_5,Refuted,Refuted,Refuted,False,False,False,False,False,False,False,False,False,False,False,2,False
SA-000431,judge_1,Refuted,Refuted,Refuted,False,False,False,False,False,False,False,False,False,False,False,1,False
SA-000431,judge_2,Refuted,Refuted,Refuted,False,False,False,False,False,False,False,False,False,False,False,0,False
SA-000431,judge_3,Refuted,Refuted,Refuted,False,False,False,False,False,False,False,False,False,False,False,-1,False
SA-000431,judge_4,Refuted,Refuted,Refuted,False,False,False,False,False,False,False,False,False,False,False,-3,False
SA-000431,judge_5,Refuted,Refuted,Refuted,False,False,False,False,False,False,False,False,False,False,False,1,False
SA-000432,judge_1,Ambiguous,Refuted,Refuted,True,False,False,True,False,False,False,False,True,False,True,23,True
SA-000432,judge_2,Ambiguous,Refuted,Refuted,True,False,False,True,False,False,False,False,True,False,True,34,True
SA-000432,judge_3,Ambiguous,Refuted,Refuted,True,False,False,True,False,False,False,False,True,False,True,18,True
SA-000432,judge_4,Ambiguous,Refuted,Refuted,True,False,False,True,False,False,False,False,True,False,True,26,True
SA-000432,judge_5,Ambiguous,Refuted,Refuted,True,False,False,True,False,False,False,False,True,False,True,45,True
SA-000433,judge_1,Ambiguous,Ambiguous,Ambiguous,True,True,True,False,False,True,False,False,False,False,False,-2,False
SA-000433,judge_2,Refuted,Ambiguous,Ambiguous,False,True,True,False,False,True,False,False,True,False,True,-15,False
SA-000433,judge_3,Refuted,Ambiguous,Refuted,False,True,False,False,True,False,False,False,True,True,False,0,False
SA-000433,judge_4,Refuted,Ambiguous,Ambiguous,False,True,True,False,False,True,False,False,True,False,True,-20,False
SA-000433,judge_5,Ambiguous,Ambiguous,Ambiguous,True,True,True,False,False,True,False,False,False,False,False,5,False
SA-000434,judge_1,Supported,Supported,Supported,False,False,False,False,False,False,False,False,False,False,False,9,True
SA-000434,judge_2,Supported,Supported,Supported,False,False,False,False,False,False,False,False,False,False,False,11,True
SA-000434,judge_3,Supported,Supported,Supported,False,False,False,False,False,False,False,False,False,False,False,10,True
SA-000434,judge_4,Supported,Supported,Supported,False,False,False,False,False,False,False,False,False,False,False,7,True
SA-000434,judge_5,Supported,Supported,Supported,False,False,False,False,False,False,False,False,False,False,False,13,True
SA-000435,judge_1,Ambiguous,Ambiguous,Ambiguous,True,True,True,False,False,True,False,False,False,False,False,-9,False
SA-000435,judge_2,Ambiguous,Ambiguous,Ambiguous,True,True,True,False,False,True,False,False,False,False,False,14,False
SA-000435,judge_3,Ambiguous,Ambiguous,Ambiguous,True,True,True,False,False,True,False,False,False,False,False,-9,False
SA-000435,judge_4,Ambiguous,Ambiguous,Ambiguous,True,True,True,False,False,True,False,False,False,False,False,-4,False
SA-000435,judge_5,Ambiguous,Ambiguous,Ambiguous,True,True,True,False,False,True,False,False,False,False,False,5,False
SA-000436,judge_1,Supported,Supported,Supported,False,False,False,False,False,False,False,False,False,False,False,13,True
SA-000436,judge_2,Supported,Supported,Supported,False,False,False,False,False,False,False,False,False,False,False,18,True
SA-000436,judge_3,Ambiguous,Supported,Supported,True,False,False,True,False,False,False,False,True,False,True,21,True
SA-000436,judge_4,Supported,Supported,Supported,False,False,False,False,False,False,False,False,False,False,False,9,True
SA-000436,judge_5,Supported,Supported,Supported,False,False,False,False,False,False,False,False,False,False,False,15,True
SA-000437,judge_1,Refuted,Refuted,Refuted,False,False,False,False,False,False,False,False,False,False,False,0,False
SA-000437,judge_2,Refuted,Refuted,Refuted,False,False,False,False,False,False,False,False,False,False,False,0,False
SA-000437,judge_3,Refuted,Refuted,Refuted,False,False,False,False,False,False,False,False,False,False,False,0,False
SA-000437,judge_4,Refuted,Refuted,Refuted,False,False,False,False,False,False,False,False,False,False,False,-5,False
SA-000437,judge_5,Refuted,Refuted,Refuted,False,False,False,False,False,False,False,False,False,False,False,5,False
SA-000438,judge_1,Ambiguous,Ambiguous,Ambiguous,True,True,True,False,False,True,False,False,False,False,False,-6,False
SA-000438,judge_2,Ambiguous,Ambiguous,Ambiguous,True,True,True,False,False,True,False,False,False,False,False,12,False
SA-000438,judge_3,Ambiguous,Ambiguous,Ambiguous,True,True,True,False,False,True,False,False,False,False,False,-12,False
SA-000438,judge_4,Ambiguous,Ambiguous,Refuted,True,True,False,False,True,False,False,False,False,True,True,17,True
SA-000438,judge_5,Ambiguous,Ambiguous,Refuted,True,True,False,False,True,False,False,False,False,True,True,27,True
SA-000439,judge_1,Supported,Supported,Supported,False,False,False,False,False,False,False,False,False,False,False,0,False
SA-000439,judge_2,Supported,Supported,Supported,False,False,False,False,False,False,False,False,False,False,False,1,False
SA-000439,judge_3,Supported,Supported,Supported,False,False,False,False,False,False,False,False,False,False,False,-2,False
SA-000439,judge_4,Supported,Supported,Supported,False,False,False,False,False,False,False,False,False,False,False,-1,False
SA-000439,judge_5,Supported,Supported,Supported,False,False,False,False,False,False,False,False,False,False,False,3,False
SA-000440,judge_1,Supported,Supported,Supported,False,False,False,False,False,False,False,False,False,False,False,-2,False
SA-000440,judge_2,Supported,Supported,Supported,False,False,False,False,False,False,False,False,False,False,False,-6,False
SA-000440,judge_3,Supported,Supported,Supported,False,False,False,False,False,False,False,False,False,False,False,-2,False
SA-000440,judge_4,Supported,Supported,Supported,False,False,False,False,False,False,False,False,False,False,False,-2,False
SA-000440,judge_5,Supported,Supported,Supported,False,False,False,False,False,False,False,False,False,False,False,-3,False
SA-000441,judge_1,Ambiguous,Ambiguous,Ambiguous,True,True,True,False,False,True,False,False,False,False,False,-10,False
SA-000441,judge_2,Ambiguous,Ambiguous,Ambiguous,True,True,True,False,False,True,False,False,False,False,False,6,False
SA-000441,judge_3,Ambiguous,Ambiguous,Ambiguous,True,True,True,False,False,True,False,False,False,False,False,-16,False
SA-000441,judge_4,Ambiguous,Ambiguous,Ambiguous,True,True,True,False,False,True,False,False,False,False,False,-5,False
SA-000441,judge_5,Ambiguous,Ambiguous,Ambiguous,True,True,True,False,False,True,False,False,False,False,False,0,False
SA-000442,judge_1,Supported,Supported,Supported,False,False,False,False,False,False,False,False,False,False,False,6,True
SA-000442,judge_2,Supported,Supported,Supported,False,False,False,False,False,False,False,False,False,False,False,4,False
SA-000442,judge_3,Supported,Supported,Supported,False,False,False,False,False,False,False,False,False,False,False,5,True
SA-000442,judge_4,Supported,Supported,Supported,False,False,False,False,False,False,False,False,False,False,False,0,False
SA-000442,judge_5,Supported,Supported,Supported,False,False,False,False,False,False,False,False,False,False,False,8,True
SA-000443,judge_1,Supported,Supported,Supported,False,False,False,False,False,False,False,False,False,False,False,11,True
SA-000443,judge_2,Supported,Supported,Supported,False,False,False,False,False,False,False,False,False,False,False,15,True
SA-000443,judge_3,Ambiguous,Supported,Supported,True,False,False,True,False,False,False,False,True,False,True,22,True
SA-000443,judge_4,Supported,Supported,Supported,False,False,False,False,False,False,False,False,False,False,False,12,True
SA-000443,judge_5,Supported,Supported,Supported,False,False,False,False,False,False,False,False,False,False,False,18,True
SA-000444,judge_1,Refuted,Refuted,Refuted,False,False,False,False,False,False,False,False,False,False,False,7,True
SA-000444,judge_2,Refuted,Refuted,Refuted,False,False,False,False,False,False,False,False,False,False,False,9,True
SA-000444,judge_3,Ambiguous,Refuted,Refuted,True,False,False,True,False,False,False,False,True,False,True,25,True
SA-000444,judge_4,Refuted,Refuted,Refuted,False,False,False,False,False,False,False,False,False,False,False,7,True
SA-000444,judge_5,Refuted,Refuted,Refuted,False,False,False,False,False,False,False,False,False,False,False,16,True
SA-000445,judge_1,Supported,Supported,Supported,False,False,False,False,False,False,False,False,False,False,False,3,False
SA-000445,judge_2,Supported,Supported,Supported,False,False,False,False,False,False,False,False,False,False,False,-4,False
SA-000445,judge_3,Supported,Supported,Supported,False,False,False,False,False,False,False,False,False,False,False,-6,False
SA-000445,judge_4,Supported,Supported,Supported,False,False,False,False,False,False,False,False,False,False,False,-10,False
SA-000445,judge_5,Supported,Supported,Supported,False,False,False,False,False,False,False,False,False,False,False,3,False
SA-000446,judge_1,Supported,Supported,Supported,False,False,False,False,False,False,False,False,False,False,False,4,False
SA-000446,judge_2,Supported,Supported,Supported,False,False,False,False,False,False,False,False,False,False,False,-5,False
SA-000446,judge_3,Supported,Supported,Supported,False,False,False,False,False,False,False,False,False,False,False,0,False
SA-000446,judge_4,Supported,Supported,Supported,False,False,False,False,False,False,False,False,False,False,False,-8,False
SA-000446,judge_5,Supported,Supported,Supported,False,False,False,False,False,False,False,False,False,False,False,0,False
SA-000447,judge_1,Refuted,Refuted,Refuted,False,False,False,False,False,False,False,False,False,False,False,2,False
SA-000447,judge_2,Refuted,Refuted,Refuted,False,False,False,False,False,False,False,False,False,False,False,-1,False
SA-000447,judge_3,Refuted,Refuted,Refuted,False,False,False,False,False,False,False,False,False,False,False,-1,False
SA-000447,judge_4,Refuted,Refuted,Refuted,False,False,False,False,False,False,False,False,False,False,False,-1,False
SA-000447,judge_5,Refuted,Refuted,Refuted,False,False,False,False,False,False,False,False,False,False,False,2,False
SA-000448,judge_1,Refuted,Refuted,Refuted,False,False,False,False,False,False,False,False,False,False,False,1,False
SA-000448,judge_2,Refuted,Refuted,Refuted,False,False,False,False,False,False,False,False,False,False,False,0,False
SA-000448,judge_3,Refuted,Refuted,Refuted,False,False,False,False,False,False,False,False,False,False,False,0,False
SA-000448,judge_4,Refuted,Refuted,Refuted,False,False,False,False,False,False,False,False,False,False,False,0,False
SA-000448,judge_5,Refuted,Refuted,Refuted,False,False,False,False,False,False,False,False,False,False,False,2,False
SA-000449,judge_1,Refuted,Refuted,Refuted,False,False,False,False,False,False,False,False,False,False,False,1,False
SA-000449,judge_2,Refuted,Refuted,Refuted,False,False,False,False,False,False,False,False,False,False,False,1,False
SA-000449,judge_3,Refuted,Refuted,Refuted,False,False,False,False,False,False,False,False,False,False,False,2,False
SA-000449,judge_4,Refuted,Refuted,Refuted,False,False,False,False,False,False,False,False,False,False,False,-1,False
SA-000449,judge_5,Refuted,Refuted,Refuted,False,False,False,False,False,False,False,False,False,False,False,3,False
SA-000450,judge_1,Refuted,Refuted,Refuted,False,False,False,False,False,False,False,False,False,False,False,2,False
SA-000450,judge_2,Refuted,Refuted,Refuted,False,False,False,False,False,False,False,False,False,False,False,10,True
SA-000450,judge_3,Ambiguous,Refuted,Refuted,True,False,False,True,False,False,False,False,True,False,True,26,True
SA-000450,judge_4,Refuted,Refuted,Refuted,False,False,False,False,False,False,False,False,False,False,False,4,True
SA-000450,judge_5,Refuted,Refuted,Refuted,False,False,False,False,False,False,False,False,False,False,False,12,True
SA-000451,judge_1,Refuted,Refuted,Refuted,False,False,False,False,False,False,False,False,False,False,False,0,False
SA-000451,judge_2,Refuted,Refuted,Refuted,False,False,False,False,False,False,False,False,False,False,False,-3,False
SA-000451,judge_3,Refuted,Refuted,Refuted,False,False,False,False,False,False,False,False,False,False,False,0,False
SA-000451,judge_4,Refuted,Refuted,Refuted,False,False,False,False,False,False,False,False,False,False,False,-2,False
SA-000451,judge_5,Refuted,Refuted,Refuted,False,False,False,False,False,False,False,False,False,False,False,0,False
SA-000452,judge_1,Supported,Supported,Supported,False,False,False,False,False,False,False,False,False,False,False,13,True
SA-000452,judge_2,Supported,Supported,Supported,False,False,False,False,False,False,False,False,False,False,False,15,True
SA-000452,judge_3,Ambiguous,Supported,Supported,True,False,False,True,False,False,False,False,True,False,True,27,True
SA-000452,judge_4,Supported,Supported,Supported,False,False,False,False,False,False,False,False,False,False,False,13,True
SA-000452,judge_5,Supported,Supported,Supported,False,False,False,False,False,False,False,False,False,False,False,12,True
SA-000453,judge_1,Refuted,Refuted,Refuted,False,False,False,False,False,False,False,False,False,False,False,9,True
SA-000453,judge_2,Refuted,Refuted,Refuted,False,False,False,False,False,False,False,False,False,False,False,10,True
SA-000453,judge_3,Ambiguous,Refuted,Refuted,True,False,False,True,False,False,False,False,True,False,True,26,True
SA-000453,judge_4,Refuted,Refuted,Refuted,False,False,False,False,False,False,False,False,False,False,False,8,True
SA-000453,judge_5,Refuted,Refuted,Refuted,False,False,False,False,False,False,False,False,False,False,False,10,True
SA-000454,judge_1,Supported,Supported,Supported,False,False,False,False,False,False,False,False,False,False,False,-2,False
SA-000454,judge_2,Ambiguous,Ambiguous,Ambiguous,True,True,True,False,False,True,False,False,False,False,False,9,False
SA-000454,judge_3,Ambiguous,Ambiguous,Supported,True,True,False,False,True,False,False,False,False,True,True,14,True
SA-000454,judge_4,Ambiguous,Ambiguous,Supported,True,True,False,False,True,False,False,False,False,True,True,12,True
SA-000454,judge_5,Ambiguous,Ambiguous,Supported,True,True,False,False,True,False,False,False,False,True,True,20,True
SA-000455,judge_1,Refuted,Refuted,Refuted,False,False,False,False,False,False,False,False,False,False,False,-1,False
SA-000455,judge_2,Refuted,Refuted,Refuted,False,False,False,False,False,False,False,False,False,False,False,-1,False
SA-000455,judge_3,Refuted,Refuted,Refuted,False,False,False,False,False,False,False,False,False,False,False,0,False
SA-000455,judge_4,Refuted,Refuted,Refuted,False,False,False,False,False,False,False,False,False,False,False,-2,False
SA-000455,judge_5,Refuted,Refuted,Refuted,False,False,False,False,False,False,False,False,False,False,False,0,False
SA-000456,judge_1,Refuted,Refuted,Refuted,False,False,False,False,False,False,False,False,False,False,False,2,False
SA-000456,judge_2,Refuted,Refuted,Refuted,False,False,False,False,False,False,False,False,False,False,False,1,False
SA-000456,judge_3,Refuted,Refuted,Refuted,False,False,False,False,False,False,False,False,False,False,False,-1,False
SA-000456,judge_4,Refuted,Refuted,Refuted,False,False,False,False,False,False,False,False,False,False,False,0,False
SA-000456,judge_5,Refuted,Refuted,Refuted,False,False,False,False,False,False,False,False,False,False,False,3,False
SA-000457,judge_1,Refuted,Refuted,Refuted,False,False,False,False,False,False,False,False,False,False,False,0,False
SA-000457,judge_2,Refuted,Refuted,Refuted,False,False,False,False,False,False,False,False,False,False,False,-1,False
SA-000457,judge_3,Refuted,Refuted,Refuted,False,False,False,False,False,False,False,False,False,False,False,-1,False
SA-000457,judge_4,Refuted,Refuted,Refuted,False,False,False,False,False,False,False,False,False,False,False,-1,False
SA-000457,judge_5,Refuted,Refuted,Refuted,False,False,False,False,False,False,False,False,False,False,False,0,False
SA-000458,judge_1,Refuted,Ambiguous,Ambiguous,False,True,True,False,False,True,False,False,True,False,True,-27,False
SA-000458,judge_2,Ambiguous,Ambiguous,Ambiguous,True,True,True,False,False,True,False,False,False,False,False,3,False
SA-000458,judge_3,Ambiguous,Ambiguous,Ambiguous,True,True,True,False,False,True,False,False,False,False,False,-24,False
SA-000458,judge_4,Ambiguous,Ambiguous,Ambiguous,True,True,True,False,False,True,False,False,False,False,False,-16,False
SA-000458,judge_5,Ambiguous,Ambiguous,Ambiguous,True,True,True,False,False,True,False,False,False,False,False,2,False
SA-000459,judge_1,Ambiguous,Ambiguous,Ambiguous,True,True,True,False,False,True,False,False,False,False,False,-24,False
SA-000459,judge_2,Ambiguous,Ambiguous,Ambiguous,True,True,True,False,False,True,False,False,False,False,False,20,False
SA-000459,judge_3,Ambiguous,Ambiguous,Ambiguous,True,True,True,False,False,True,False,False,False,False,False,-18,False
SA-000459,judge_4,Ambiguous,Ambiguous,Ambiguous,True,True,True,False,False,True,False,False,False,False,False,-12,True
SA-000459,judge_5,Ambiguous,Ambiguous,Ambiguous,True,True,True,False,False,True,False,False,False,False,False,5,True
SA-000460,judge_1,Refuted,Refuted,Refuted,False,False,False,False,False,False,False,False,False,False,False,-8,False
SA-000460,judge_2,Refuted,Refuted,Refuted,False,False,False,False,False,False,False,False,False,False,False,-4,False
SA-000460,judge_3,Refuted,Refuted,Refuted,False,False,False,False,False,False,False,False,False,False,False,0,False
SA-000460,judge_4,Refuted,Refuted,Refuted,False,False,False,False,False,False,False,False,False,False,False,-4,False
SA-000460,judge_5,Refuted,Refuted,Refuted,False,False,False,False,False,False,False,False,False,False,False,0,False
SA-000461,judge_1,Refuted,Refuted,Refuted,False,False,False,False,False,False,False,False,False,False,False,9,True
SA-000461,judge_2,Refuted,Refuted,Refuted,False,False,False,False,False,False,False,False,False,False,False,13,True
SA-000461,judge_3,Ambiguous,Refuted,Refuted,True,False,False,True,False,False,False,False,True,False,True,26,True
SA-000461,judge_4,Refuted,Refuted,Refuted,False,False,False,False,False,False,False,False,False,False,False,11,True
SA-000461,judge_5,Refuted,Refuted,Refuted,False,False,False,False,False,False,False,False,False,False,False,13,True
SA-000462,judge_1,Ambiguous,Ambiguous,Ambiguous,True,True,True,False,False,True,False,False,False,False,False,-5,False
SA-000462,judge_2,Ambiguous,Ambiguous,Ambiguous,True,True,True,False,False,True,False,False,False,False,False,20,False
SA-000462,judge_3,Ambiguous,Ambiguous,Ambiguous,True,True,True,False,False,True,False,False,False,False,False,-12,False
SA-000462,judge_4,Ambiguous,Ambiguous,Ambiguous,True,True,True,False,False,True,False,False,False,False,False,-12,False
SA-000462,judge_5,Ambiguous,Ambiguous,Ambiguous,True,True,True,False,False,True,False,False,False,False,False,10,False
SA-000463,judge_1,Supported,Supported,Supported,False,False,False,False,False,False,False,False,False,False,False,7,True
SA-000463,judge_2,Supported,Supported,Supported,False,False,False,False,False,False,False,False,False,False,False,10,True
SA-000463,judge_3,Ambiguous,Supported,Supported,True,False,False,True,False,False,False,False,True,False,True,23,True
SA-000463,judge_4,Supported,Supported,Supported,False,False,False,False,False,False,False,False,False,False,False,7,True
SA-000463,judge_5,Supported,Supported,Supported,False,False,False,False,False,False,False,False,False,False,False,15,True
SA-000464,judge_1,Ambiguous,Ambiguous,Supported,True,True,False,False,True,False,False,False,False,True,True,2,True
SA-000464,judge_2,Ambiguous,Ambiguous,Supported,True,True,False,False,True,False,False,False,False,True,True,36,True
SA-000464,judge_3,Ambiguous,Ambiguous,Ambiguous,True,True,True,False,False,True,False,False,False,False,False,-16,True
SA-000464,judge_4,Ambiguous,Ambiguous,Supported,True,True,False,False,True,False,False,False,False,True,True,-2,True
SA-000464,judge_5,Ambiguous,Ambiguous,Supported,True,True,False,False,True,False,False,False,False,True,True,32,True
SA-000465,judge_1,Ambiguous,Ambiguous,Ambiguous,True,True,True,False,False,True,False,False,False,False,False,-23,False
SA-000465,judge_2,Ambiguous,Ambiguous,Ambiguous,True,True,True,False,False,True,False,False,False,False,False,23,False
SA-000465,judge_3,Ambiguous,Ambiguous,Ambiguous,True,True,True,False,False,True,False,False,False,False,False,-18,False
SA-000465,judge_4,Ambiguous,Ambiguous,Ambiguous,True,True,True,False,False,True,False,False,False,False,False,-22,False
SA-000465,judge_5,Ambiguous,Ambiguous,Ambiguous,True,True,True,False,False,True,False,False,False,False,False,5,False
SA-000466,judge_1,Refuted,Ambiguous,Ambiguous,False,True,True,False,False,True,False,False,True,False,True,-43,False
SA-000466,judge_2,Ambiguous,Refuted,Ambiguous,True,False,True,True,False,True,False,False,True,True,False,24,False
SA-000466,judge_3,Refuted,Refuted,Ambiguous,False,False,True,False,False,True,False,False,False,True,True,-42,False
SA-000466,judge_4,Ambiguous,Ambiguous,Ambiguous,True,True,True,False,False,True,False,False,False,False,False,-28,False
SA-000466,judge_5,Ambiguous,Ambiguous,Ambiguous,True,True,True,False,False,True,False,False,False,False,False,-5,False
SA-000467,judge_1,Refuted,Refuted,Refuted,False,False,False,False,False,False,False,False,False,False,False,0,False
SA-000467,judge_2,Refuted,Refuted,Refuted,False,False,False,False,False,False,False,False,False,False,False,1,False
SA-000467,judge_3,Refuted,Refuted,Refuted,False,False,False,False,False,False,False,False,False,False,False,-1,False
SA-000467,judge_4,Refuted,Refuted,Refuted,False,False,False,False,False,False,False,False,False,False,False,0,False
SA-000467,judge_5,Refuted,Refuted,Refuted,False,False,False,False,False,False,False,False,False,False,False,1,False
SA-000468,judge_1,Supported,Supported,Supported,False,False,False,False,False,False,False,False,False,False,False,-1,False
SA-000468,judge_2,Supported,Supported,Supported,False,False,False,False,False,False,False,False,False,False,False,-1,False
SA-000468,judge_3,Ambiguous,Supported,Supported,True,False,False,True,False,False,False,False,True,False,True,8,True
SA-000468,judge_4,Ambiguous,Supported,Supported,True,False,False,True,False,False,False,False,True,False,True,16,True
SA-000468,judge_5,Ambiguous,Supported,Supported,True,False,False,True,False,False,False,False,True,False,True,30,True
SA-000469,judge_1,Supported,Supported,Supported,False,False,False,False,False,False,False,False,False,False,False,-1,False
SA-000469,judge_2,Supported,Supported,Supported,False,False,False,False,False,False,False,False,False,False,False,-12,False
SA-000469,judge_3,Supported,Supported,Supported,False,False,False,False,False,False,False,False,False,False,False,0,False
SA-000469,judge_4,Supported,Supported,Supported,False,False,False,False,False,False,False,False,False,False,False,8,True
SA-000469,judge_5,Supported,Supported,Supported,False,False,False,False,False,False,False,False,False,False,False,-2,False
SA-000470,judge_1,Ambiguous,Ambiguous,Ambiguous,True,True,True,False,False,True,False,False,False,False,False,-8,False
SA-000470,judge_2,Ambiguous,Ambiguous,Ambiguous,True,True,True,False,False,True,False,False,False,False,False,13,False
SA-000470,judge_3,Ambiguous,Ambiguous,Ambiguous,True,True,True,False,False,True,False,False,False,False,False,-16,False
SA-000470,judge_4,Ambiguous,Ambiguous,Ambiguous,True,True,True,False,False,True,False,False,False,False,False,-9,False
SA-000470,judge_5,Ambiguous,Ambiguous,Ambiguous,True,True,True,False,False,True,False,False,False,False,False,4,False
SA-000471,judge_1,Refuted,Refuted,Refuted,False,False,False,False,False,False,False,False,False,False,False,-2,False
SA-000471,judge_2,Refuted,Refuted,Refuted,False,False,False,False,False,False,False,False,False,False,False,-3,False
SA-000471,judge_3,Refuted,Refuted,Refuted,False,False,False,False,False,False,False,False,False,False,False,-2,False
SA-000471,judge_4,Refuted,Refuted,Refuted,False,False,False,False,False,False,False,False,False,False,False,-5,False
SA-000471,judge_5,Refuted,Refuted,Refuted,False,False,False,False,False,False,False,False,False,False,False,0,False
SA-000472,judge_1,Ambiguous,Supported,Supported,True,False,False,True,False,False,False,False,True,False,True,27,True
SA-000472,judge_2,Supported,Supported,Supported,False,False,False,False,False,False,False,False,False,False,False,10,False
SA-000472,judge_3,Ambiguous,Supported,Supported,True,False,False,True,False,False,False,False,True,False,True,8,True
SA-000472,judge_4,Ambiguous,Supported,Supported,True,False,False,True,False,False,False,False,True,False,True,12,True
SA-000472,judge_5,Ambiguous,Supported,Supported,True,False,False,True,False,False,False,False,True,False,True,45,True
SA-000473,judge_1,Refuted,Refuted,Refuted,False,False,False,False,False,False,False,False,False,False,False,7,True
SA-000473,judge_2,Refuted,Refuted,Refuted,False,False,False,False,False,False,False,False,False,False,False,1,False
SA-000473,judge_3,Ambiguous,Refuted,Refuted,True,False,False,True,False,False,False,False,True,False,True,25,True
SA-000473,judge_4,Refuted,Refuted,Refuted,False,False,False,False,False,False,False,False,False,False,False,8,True
SA-000473,judge_5,Refuted,Refuted,Refuted,False,False,False,False,False,False,False,False,False,False,False,10,True
SA-000474,judge_1,Supported,Supported,Supported,False,False,False,False,False,False,False,False,False,False,False,-1,False
SA-000474,judge_2,Supported,Supported,Supported,False,False,False,False,False,False,False,False,False,False,False,-2,False
SA-000474,judge_3,Supported,Supported,Supported,False,False,False,False,False,False,False,False,False,False,False,-6,False
SA-000474,judge_4,Supported,Supported,Supported,False,False,False,False,False,False,False,False,False,False,False,0,False
SA-000474,judge_5,Supported,Supported,Supported,False,False,False,False,False,False,False,False,False,False,False,2,False
SA-000475,judge_1,Ambiguous,Ambiguous,Ambiguous,True,True,True,False,False,True,False,False,False,False,False,-26,False
SA-000475,judge_2,Ambiguous,Ambiguous,Ambiguous,True,True,True,False,False,True,False,False,False,False,False,24,False
SA-000475,judge_3,Ambiguous,Ambiguous,Ambiguous,True,True,True,False,False,True,False,False,False,False,False,-32,False
SA-000475,judge_4,Ambiguous,Ambiguous,Ambiguous,True,True,True,False,False,True,False,False,False,False,False,-27,False
SA-000475,judge_5,Ambiguous,Ambiguous,Ambiguous,True,True,True,False,False,True,False,False,False,False,False,5,False
SA-000476,judge_1,Supported,Supported,Supported,False,False,False,False,False,False,False,False,False,False,False,1,False
SA-000476,judge_2,Supported,Supported,Supported,False,False,False,False,False,False,False,False,False,False,False,1,False
SA-000476,judge_3,Supported,Supported,Supported,False,False,False,False,False,False,False,False,False,False,False,-1,False
SA-000476,judge_4,Supported,Supported,Supported,False,False,False,False,False,False,False,False,False,False,False,0,False
SA-000476,judge_5,Supported,Supported,Supported,False,False,False,False,False,False,False,False,False,False,False,1,False
SA-000477,judge_1,Refuted,Refuted,Refuted,False,False,False,False,False,False,False,False,False,False,False,8,True
SA-000477,judge_2,Refuted,Refuted,Refuted,False,False,False,False,False,False,False,False,False,False,False,1,False
SA-000477,judge_3,Ambiguous,Refuted,Refuted,True,False,False,True,False,False,False,False,True,False,True,24,True
SA-000477,judge_4,Refuted,Refuted,Refuted,False,False,False,False,False,False,False,False,False,False,False,6,True
SA-000477,judge_5,Refuted,Refuted,Refuted,False,False,False,False,False,False,False,False,False,False,False,10,True
SA-000478,judge_1,Supported,Ambiguous,Supported,False,True,False,False,True,False,False,False,True,True,False,0,False
SA-000478,judge_2,Ambiguous,Ambiguous,Ambiguous,True,True,True,False,False,True,False,False,False,False,False,11,False
SA-000478,judge_3,Supported,Ambiguous,Ambiguous,False,True,True,False,False,True,False,False,True,False,True,-22,False
SA-000478,judge_4,Ambiguous,Ambiguous,Supported,True,True,False,False,True,False,False,False,False,True,True,10,True
SA-000478,judge_5,Ambiguous,Ambiguous,Ambiguous,True,True,True,False,False,True,False,False,False,False,False,5,False
SA-000479,judge_1,Refuted,Refuted,Refuted,False,False,False,False,False,False,False,False,False,False,False,1,False
SA-000479,judge_2,Refuted,Refuted,Refuted,False,False,False,False,False,False,False,False,False,False,False,1,False
SA-000479,judge_3,Refuted,Refuted,Refuted,False,False,False,False,False,False,False,False,False,False,False,-2,False
SA-000479,judge_4,Refuted,Refuted,Refuted,False,False,False,False,False,False,False,False,False,False,False,-1,False
SA-000479,judge_5,Refuted,Refuted,Refuted,False,False,False,False,False,False,False,False,False,False,False,2,False
SA-000480,judge_1,Refuted,Refuted,Refuted,False,False,False,False,False,False,False,False,False,False,False,0,False
SA-000480,judge_2,Refuted,Refuted,Refuted,False,False,False,False,False,False,False,False,False,False,False,-3,False
SA-000480,judge_3,Refuted,Refuted,Refuted,False,False,False,False,False,False,False,False,False,False,False,-2,False
SA-000480,judge_4,Refuted,Refuted,Refuted,False,False,False,False,False,False,False,False,False,False,False,-4,False
SA-000480,judge_5,Refuted,Refuted,Refuted,False,False,False,False,False,False,False,False,False,False,False,0,False
SA-000481,judge_1,Ambiguous,Ambiguous,Ambiguous,True,True,True,False,False,True,False,False,False,False,False,-30,False
SA-000481,judge_2,Ambiguous,Ambiguous,Ambiguous,True,True,True,False,False,True,False,False,False,False,False,28,False
SA-000481,judge_3,Ambiguous,Ambiguous,Ambiguous,True,True,True,False,False,True,False,False,False,False,False,-28,False
SA-000481,judge_4,Ambiguous,Ambiguous,Ambiguous,True,True,True,False,False,True,False,False,False,False,False,-16,True
SA-000481,judge_5,Ambiguous,Ambiguous,Ambiguous,True,True,True,False,False,True,False,False,False,False,False,0,False
SA-000482,judge_1,Refuted,Refuted,Refuted,False,False,False,False,False,False,False,False,False,False,False,3,True
SA-000482,judge_2,Refuted,Refuted,Refuted,False,False,False,False,False,False,False,False,False,False,False,2,False
SA-000482,judge_3,Ambiguous,Refuted,Refuted,True,False,False,True,False,False,False,False,True,False,True,23,True
SA-000482,judge_4,Refuted,Refuted,Refuted,False,False,False,False,False,False,False,False,False,False,False,2,True
SA-000482,judge_5,Refuted,Refuted,Refuted,False,False,False,False,False,False,False,False,False,False,False,0,False
SA-000483,judge_1,Ambiguous,Supported,Supported,True,False,False,True,False,False,False,False,True,False,True,1,True
SA-000483,judge_2,Ambiguous,Supported,Supported,True,False,False,True,False,False,False,False,True,False,True,45,True
SA-000483,judge_3,Ambiguous,Supported,Supported,True,False,False,True,False,False,False,False,True,False,True,0,True
SA-000483,judge_4,Ambiguous,Supported,Supported,True,False,False,True,False,False,False,False,True,False,True,5,True
SA-000483,judge_5,Ambiguous,Supported,Supported,True,False,False,True,False,False,False,False,True,False,True,50,True
SA-000484,judge_1,Supported,Supported,Supported,False,False,False,False,False,False,False,False,False,False,False,-6,False
SA-000484,judge_2,Supported,Supported,Supported,False,False,False,False,False,False,False,False,False,False,False,-4,False
SA-000484,judge_3,Supported,Supported,Supported,False,False,False,False,False,False,False,False,False,False,False,0,False
SA-000484,judge_4,Supported,Supported,Supported,False,False,False,False,False,False,False,False,False,False,False,-4,False
SA-000484,judge_5,Supported,Supported,Supported,False,False,False,False,False,False,False,False,False,False,False,-2,False
SA-000485,judge_1,Supported,Supported,Supported,False,False,False,False,False,False,False,False,False,False,False,7,True
SA-000485,judge_2,Supported,Supported,Supported,False,False,False,False,False,False,False,False,False,False,False,-6,False
SA-000485,judge_3,Supported,Supported,Supported,False,False,False,False,False,False,False,False,False,False,False,7,True
SA-000485,judge_4,Supported,Supported,Supported,False,False,False,False,False,False,False,False,False,False,False,4,True
SA-000485,judge_5,Supported,Supported,Supported,False,False,False,False,False,False,False,False,False,False,False,10,True
SA-000486,judge_1,Supported,Supported,Supported,False,False,False,False,False,False,False,False,False,False,False,3,False
SA-000486,judge_2,Supported,Supported,Supported,False,False,False,False,False,False,False,False,False,False,False,6,False
SA-000486,judge_3,Supported,Supported,Supported,False,False,False,False,False,False,False,False,False,False,False,-1,False
SA-000486,judge_4,Supported,Supported,Supported,False,False,False,False,False,False,False,False,False,False,False,-1,False
SA-000486,judge_5,Supported,Supported,Supported,False,False,False,False,False,False,False,False,False,False,False,0,False
SA-000487,judge_1,Supported,Supported,Supported,False,False,False,False,False,False,False,False,False,False,False,9,True
SA-000487,judge_2,Supported,Supported,Supported,False,False,False,False,False,False,False,False,False,False,False,10,True
SA-000487,judge_3,Ambiguous,Supported,Supported,True,False,False,True,False,False,False,False,True,False,True,23,True
SA-000487,judge_4,Supported,Supported,Supported,False,False,False,False,False,False,False,False,False,False,False,7,True
SA-000487,judge_5,Supported,Supported,Supported,False,False,False,False,False,False,False,False,False,False,False,15,True
SA-000488,judge_1,Supported,Supported,Supported,False,False,False,False,False,False,False,False,False,False,False,2,False
SA-000488,judge_2,Supported,Supported,Supported,False,False,False,False,False,False,False,False,False,False,False,0,False
SA-000488,judge_3,Supported,Supported,Supported,False,False,False,False,False,False,False,False,False,False,False,-2,False
SA-000488,judge_4,Supported,Supported,Supported,False,False,False,False,False,False,False,False,False,False,False,-1,False
SA-000488,judge_5,Supported,Supported,Supported,False,False,False,False,False,False,False,False,False,False,False,1,False
SA-000489,judge_1,Supported,Supported,Supported,False,False,False,False,False,False,False,False,False,False,False,-1,False
SA-000489,judge_2,Supported,Supported,Supported,False,False,False,False,False,False,False,False,False,False,False,0,False
SA-000489,judge_3,Supported,Supported,Supported,False,False,False,False,False,False,False,False,False,False,False,-1,False
SA-000489,judge_4,Supported,Supported,Supported,False,False,False,False,False,False,False,False,False,False,False,-1,False
SA-000489,judge_5,Supported,Supported,Supported,False,False,False,False,False,False,False,False,False,False,False,2,False
SA-000490,judge_1,Supported,Supported,Supported,False,False,False,False,False,False,False,False,False,False,False,7,True
SA-000490,judge_2,Supported,Supported,Supported,False,False,False,False,False,False,False,False,False,False,False,7,True
SA-000490,judge_3,Supported,Supported,Supported,False,False,False,False,False,False,False,False,False,False,False,8,True
SA-000490,judge_4,Supported,Supported,Supported,False,False,False,False,False,False,False,False,False,False,False,6,True
SA-000490,judge_5,Supported,Supported,Supported,False,False,False,False,False,False,False,False,False,False,False,5,True
SA-000491,judge_1,Refuted,Refuted,Refuted,False,False,False,False,False,False,False,False,False,False,False,5,True
SA-000491,judge_2,Refuted,Refuted,Refuted,False,False,False,False,False,False,False,False,False,False,False,7,True
SA-000491,judge_3,Refuted,Refuted,Refuted,False,False,False,False,False,False,False,False,False,False,False,5,True
SA-000491,judge_4,Refuted,Refuted,Refuted,False,False,False,False,False,False,False,False,False,False,False,2,False
SA-000491,judge_5,Refuted,Refuted,Refuted,False,False,False,False,False,False,False,False,False,False,False,10,True
SA-000492,judge_1,Ambiguous,Ambiguous,Supported,True,True,False,False,True,False,False,False,False,True,True,12,True
SA-000492,judge_2,Supported,Ambiguous,Supported,False,True,False,False,True,False,False,False,True,True,False,3,False
SA-000492,judge_3,Supported,Ambiguous,Supported,False,True,False,False,True,False,False,False,True,True,False,0,False
SA-000492,judge_4,Supported,Ambiguous,Supported,False,True,False,False,True,False,False,False,True,True,False,4,False
SA-000492,judge_5,Ambiguous,Ambiguous,Supported,True,True,False,False,True,False,False,False,False,True,True,23,True
SA-000493,judge_1,Ambiguous,Ambiguous,Ambiguous,True,True,True,False,False,True,False,False,False,False,False,-20,False
SA-000493,judge_2,Refuted,Ambiguous,Ambiguous,False,True,True,False,False,True,False,False,True,False,True,-22,False
SA-000493,judge_3,Ambiguous,Ambiguous,Ambiguous,True,True,True,False,False,True,False,False,False,False,False,-20,False
SA-000493,judge_4,Ambiguous,Ambiguous,Ambiguous,True,True,True,False,False,True,False,False,False,False,False,-17,False
SA-000493,judge_5,Ambiguous,Ambiguous,Ambiguous,True,True,True,False,False,True,False,False,False,False,False,0,False
SA-000494,judge_1,Supported,Supported,Supported,False,False,False,False,False,False,False,False,False,False,False,-4,False
SA-000494,judge_2,Supported,Supported,Supported,False,False,False,False,False,False,False,False,False,False,False,-4,False
SA-000494,judge_3,Supported,Supported,Supported,False,False,False,False,False,False,False,False,False,False,False,-2,False
SA-000494,judge_4,Supported,Supported,Supported,False,False,False,False,False,False,False,False,False,False,False,-3,False
SA-000494,judge_5,Supported,Supported,Supported,False,False,False,False,False,False,False,False,False,False,False,-3,False
SA-000495,judge_1,Refuted,Refuted,Refuted,False,False,False,False,False,False,False,False,False,False,False,4,False
SA-000495,judge_2,Refuted,Refuted,Refuted,False,False,False,False,False,False,False,False,False,False,False,2,False
SA-000495,judge_3,Refuted,Refuted,Refuted,False,False,False,False,False,False,False,False,False,False,False,-6,False
SA-000495,judge_4,Refuted,Refuted,Refuted,False,False,False,False,False,False,False,False,False,False,False,-4,False
SA-000495,judge_5,Refuted,Refuted,Refuted,False,False,False,False,False,False,False,False,False,False,False,0,False
SA-000496,judge_1,Refuted,Refuted,Refuted,False,False,False,False,False,False,False,False,False,False,False,4,True
SA-000496,judge_2,Refuted,Refuted,Refuted,False,False,False,False,False,False,False,False,False,False,False,-3,False
SA-000496,judge_3,Ambiguous,Refuted,Refuted,True,False,False,True,False,False,False,False,True,False,True,24,True
SA-000496,judge_4,Refuted,Refuted,Refuted,False,False,False,False,False,False,False,False,False,False,False,4,True
SA-000496,judge_5,Refuted,Refuted,Refuted,False,False,False,False,False,False,False,False,False,False,False,10,True
SA-000497,judge_1,Supported,Supported,Supported,False,False,False,False,False,False,False,False,False,False,False,0,False
SA-000497,judge_2,Ambiguous,Supported,Ambiguous,True,False,True,True,False,True,False,False,True,True,False,13,False
SA-000497,judge_3,Ambiguous,Supported,Ambiguous,True,False,True,True,False,True,False,False,True,True,False,-9,False
SA-000497,judge_4,Ambiguous,Supported,Supported,True,False,False,True,False,False,False,False,True,False,True,10,True
SA-000497,judge_5,Supported,Supported,Supported,False,False,False,False,False,False,False,False,False,False,False,0,False
SA-000498,judge_1,Refuted,Refuted,Refuted,False,False,False,False,False,False,False,False,False,False,False,5,True
SA-000498,judge_2,Refuted,Refuted,Refuted,False,False,False,False,False,False,False,False,False,False,False,1,False
SA-000498,judge_3,Ambiguous,Refuted,Refuted,True,False,False,True,False,False,False,False,True,False,True,25,True
SA-000498,judge_4,Refuted,Refuted,Refuted,False,False,False,False,False,False,False,False,False,False,False,5,True
SA-000498,judge_5,Refuted,Refuted,Refuted,False,False,False,False,False,False,False,False,False,False,False,7,True
SA-000499,judge_1,Refuted,Refuted,Refuted,False,False,False,False,False,False,False,False,False,False,False,0,False
SA-000499,judge_2,Refuted,Refuted,Refuted,False,False,False,False,False,False,False,False,False,False,False,0,False
SA-000499,judge_3,Refuted,Refuted,Refuted,False,False,False,False,False,False,False,False,False,False,False,0,False
SA-000499,judge_4,Refuted,Refuted,Refuted,False,False,False,False,False,False,False,False,False,False,False,-2,False
SA-000499,judge_5,Refuted,Refuted,Refuted,False,False,False,False,False,False,False,False,False,False,False,2,False
SA-000500,judge_1,Ambiguous,Ambiguous,Ambiguous,True,True,True,False,False,True,False,False,False,False,False,-13,False
SA-000500,judge_2,Ambiguous,Ambiguous,Ambiguous,True,True,True,False,False,True,False,False,False,False,False,20,False
SA-000500,judge_3,Ambiguous,Ambiguous,Ambiguous,True,True,True,False,False,True,False,False,False,False,False,-16,False
SA-000500,judge_4,Ambiguous,Ambiguous,Ambiguous,True,True,True,False,False,True,False,False,False,False,False,-15,False
SA-000500,judge_5,Ambiguous,Ambiguous,Ambiguous,True,True,True,False,False,True,False,False,False,False,False,0,False
SA-000501,judge_1,Supported,Supported,Supported,False,False,False,False,False,False,False,False,False,False,False,0,False
SA-000501,judge_2,Supported,Supported,Supported,False,False,False,False,False,False,False,False,False,False,False,0,False
SA-000501,judge_3,Supported,Supported,Supported,False,False,False,False,False,False,False,False,False,False,False,-1,False
SA-000501,judge_4,Supported,Supported,Supported,False,False,False,False,False,False,False,False,False,False,False,0,False
SA-000501,judge_5,Supported,Supported,Supported,False,False,False,False,False,False,False,False,False,False,False,2,False
SA-000502,judge_1,Refuted,Refuted,Refuted,False,False,False,False,False,False,False,False,False,False,False,17,True
SA-000502,judge_2,Refuted,Refuted,Refuted,False,False,False,False,False,False,False,False,False,False,False,9,True
SA-000502,judge_3,Refuted,Refuted,Refuted,False,False,False,False,False,False,False,False,False,False,False,13,True
SA-000502,judge_4,Refuted,Refuted,Refuted,False,False,False,False,False,False,False,False,False,False,False,10,True
SA-000502,judge_5,Refuted,Refuted,Refuted,False,False,False,False,False,False,False,False,False,False,False,10,True
SA-000503,judge_1,Supported,Supported,Supported,False,False,False,False,False,False,False,False,False,False,False,14,True
SA-000503,judge_2,Supported,Supported,Supported,False,False,False,False,False,False,False,False,False,False,False,6,True
SA-000503,judge_3,Supported,Supported,Supported,False,False,False,False,False,False,False,False,False,False,False,9,True
SA-000503,judge_4,Supported,Supported,Supported,False,False,False,False,False,False,False,False,False,False,False,13,True
SA-000503,judge_5,Supported,Supported,Supported,False,False,False,False,False,False,False,False,False,False,False,8,True
SA-000504,judge_1,Ambiguous,Ambiguous,Ambiguous,True,True,True,False,False,True,False,False,False,False,False,10,True
SA-000504,judge_2,Ambiguous,Ambiguous,Ambiguous,True,True,True,False,False,True,False,False,False,False,False,6,False
SA-000504,judge_3,Ambiguous,Ambiguous,Ambiguous,True,True,True,False,False,True,False,False,False,False,False,2,True
SA-000504,judge_4,Ambiguous,Ambiguous,Ambiguous,True,True,True,False,False,True,False,False,False,False,False,24,True
SA-000504,judge_5,Ambiguous,Ambiguous,Ambiguous,True,True,True,False,False,True,False,False,False,False,False,17,True
SA-000505,judge_1,Supported,Supported,Supported,False,False,False,False,False,False,False,False,False,False,False,2,False
SA-000505,judge_2,Supported,Supported,Supported,False,False,False,False,False,False,False,False,False,False,False,2,False
SA-000505,judge_3,Supported,Supported,Supported,False,False,False,False,False,False,False,False,False,False,False,-1,False
SA-000505,judge_4,Supported,Supported,Supported,False,False,False,False,False,False,False,False,False,False,False,0,False
SA-000505,judge_5,Supported,Supported,Supported,False,False,False,False,False,False,False,False,False,False,False,0,False
SA-000506,judge_1,Supported,Supported,Supported,False,False,False,False,False,False,False,False,False,False,False,2,False
SA-000506,judge_2,Supported,Supported,Supported,False,False,False,False,False,False,False,False,False,False,False,1,False
SA-000506,judge_3,Supported,Supported,Supported,False,False,False,False,False,False,False,False,False,False,False,0,False
SA-000506,judge_4,Supported,Supported,Supported,False,False,False,False,False,False,False,False,False,False,False,1,False
SA-000506,judge_5,Supported,Supported,Supported,False,False,False,False,False,False,False,False,False,False,False,1,False
SA-000507,judge_1,Refuted,Refuted,Refuted,False,False,False,False,False,False,False,False,False,False,False,13,True
SA-000507,judge_2,Refuted,Refuted,Refuted,False,False,False,False,False,False,False,False,False,False,False,7,True
SA-000507,judge_3,Refuted,Refuted,Refuted,False,False,False,False,False,False,False,False,False,False,False,8,True
SA-000507,judge_4,Refuted,Refuted,Refuted,False,False,False,False,False,False,False,False,False,False,False,11,True
SA-000507,judge_5,Refuted,Refuted,Refuted,False,False,False,False,False,False,False,False,False,False,False,9,True
SA-000508,judge_1,Refuted,Refuted,Refuted,False,False,False,False,False,False,False,False,False,False,False,10,False
SA-000508,judge_2,Ambiguous,Refuted,Refuted,True,False,False,True,False,False,False,False,True,False,True,24,True
SA-000508,judge_3,Refuted,Refuted,Refuted,False,False,False,False,False,False,False,False,False,False,False,2,False
SA-000508,judge_4,Refuted,Refuted,Refuted,False,False,False,False,False,False,False,False,False,False,False,6,False
SA-000508,judge_5,Refuted,Refuted,Refuted,False,False,False,False,False,False,False,False,False,False,False,0,False
SA-000509,judge_1,Refuted,Refuted,Refuted,False,False,False,False,False,False,False,False,False,False,False,-1,False
SA-000509,judge_2,Refuted,Refuted,Refuted,False,False,False,False,False,False,False,False,False,False,False,0,False
SA-000509,judge_3,Refuted,Refuted,Refuted,False,False,False,False,False,False,False,False,False,False,False,-3,False
SA-000509,judge_4,Refuted,Refuted,Refuted,False,False,False,False,False,False,False,False,False,False,False,-5,False
SA-000509,judge_5,Refuted,Refuted,Refuted,False,False,False,False,False,False,False,False,False,False,False,-3,False
SA-000510,judge_1,Refuted,Refuted,Refuted,False,False,False,False,False,False,False,False,False,False,False,10,True
SA-000510,judge_2,Refuted,Refuted,Refuted,False,False,False,False,False,False,False,False,False,False,False,5,True
SA-000510,judge_3,Refuted,Refuted,Refuted,False,False,False,False,False,False,False,False,False,False,False,7,True
SA-000510,judge_4,Refuted,Refuted,Refuted,False,False,False,False,False,False,False,False,False,False,False,6,True
SA-000510,judge_5,Refuted,Refuted,Refuted,False,False,False,False,False,False,False,False,False,False,False,8,True
SA-000511,judge_1,Ambiguous,Ambiguous,Ambiguous,True,True,True,False,False,True,False,False,False,False,False,6,False
SA-000511,judge_2,Ambiguous,Ambiguous,Ambiguous,True,True,True,False,False,True,False,False,False,False,False,7,False
SA-000511,judge_3,Ambiguous,Ambiguous,Ambiguous,True,True,True,False,False,True,False,False,False,False,False,-2,False
SA-000511,judge_4,Ambiguous,Ambiguous,Ambiguous,True,True,True,False,False,True,False,False,False,False,False,16,False
SA-000511,judge_5,Ambiguous,Ambiguous,Ambiguous,True,True,True,False,False,True,False,False,False,False,False,5,False
SA-000512,judge_1,Refuted,Refuted,Refuted,False,False,False,False,False,False,False,False,False,False,False,8,False
SA-000512,judge_2,Refuted,Refuted,Refuted,False,False,False,False,False,False,False,False,False,False,False,5,True
SA-000512,judge_3,Refuted,Refuted,Refuted,False,False,False,False,False,False,False,False,False,False,False,8,True
SA-000512,judge_4,Refuted,Refuted,Refuted,False,False,False,False,False,False,False,False,False,False,False,9,True
SA-000512,judge_5,Refuted,Refuted,Refuted,False,False,False,False,False,False,False,False,False,False,False,4,False
SA-000513,judge_1,Refuted,Refuted,Refuted,False,False,False,False,False,False,False,False,False,False,False,1,False
SA-000513,judge_2,Refuted,Refuted,Refuted,False,False,False,False,False,False,False,False,False,False,False,1,False
SA-000513,judge_3,Refuted,Refuted,Refuted,False,False,False,False,False,False,False,False,False,False,False,-2,False
SA-000513,judge_4,Refuted,Refuted,Refuted,False,False,False,False,False,False,False,False,False,False,False,0,False
SA-000513,judge_5,Refuted,Refuted,Refuted,False,False,False,False,False,False,False,False,False,False,False,2,False
SA-000514,judge_1,Supported,Supported,Supported,False,False,False,False,False,False,False,False,False,False,False,14,True
SA-000514,judge_2,Supported,Supported,Supported,False,False,False,False,False,False,False,False,False,False,False,9,True
SA-000514,judge_3,Supported,Supported,Supported,False,False,False,False,False,False,False,False,False,False,False,13,True
SA-000514,judge_4,Supported,Supported,Supported,False,False,False,False,False,False,False,False,False,False,False,14,True
SA-000514,judge_5,Supported,Supported,Supported,False,False,False,False,False,False,False,False,False,False,False,15,True
SA-000515,judge_1,Ambiguous,Ambiguous,Ambiguous,True,True,True,False,False,True,False,False,False,False,False,10,False
SA-000515,judge_2,Ambiguous,Ambiguous,Ambiguous,True,True,True,False,False,True,False,False,False,False,False,-2,False
SA-000515,judge_3,Ambiguous,Ambiguous,Ambiguous,True,True,True,False,False,True,False,False,False,False,False,-5,False
SA-000515,judge_4,Ambiguous,Ambiguous,Ambiguous,True,True,True,False,False,True,False,False,False,False,False,12,False
SA-000515,judge_5,Ambiguous,Ambiguous,Ambiguous,True,True,True,False,False,True,False,False,False,False,False,8,False
SA-000516,judge_1,Refuted,Refuted,Refuted,False,False,False,False,False,False,False,False,False,False,False,2,False
SA-000516,judge_2,Refuted,Refuted,Refuted,False,False,False,False,False,False,False,False,False,False,False,2,False
SA-000516,judge_3,Refuted,Refuted,Refuted,False,False,False,False,False,False,False,False,False,False,False,-1,False
SA-000516,judge_4,Refuted,Refuted,Refuted,False,False,False,False,False,False,False,False,False,False,False,1,False
SA-000516,judge_5,Refuted,Refuted,Refuted,False,False,False,False,False,False,False,False,False,False,False,1,False
SA-000517,judge_1,Refuted,Refuted,Refuted,False,False,False,False,False,False,False,False,False,False,False,4,False
SA-000517,judge_2,Ambiguous,Refuted,Refuted,True,False,False,True,False,False,False,False,True,False,True,23,True
SA-000517,judge_3,Ambiguous,Ambiguous,Ambiguous,True,True,True,False,False,True,False,False,False,False,False,6,False
SA-000517,judge_4,Refuted,Ambiguous,Refuted,False,True,False,False,True,False,False,False,True,True,False,4,False
SA-000517,judge_5,Ambiguous,Ambiguous,Ambiguous,True,True,True,False,False,True,False,False,False,False,False,2,False
SA-000518,judge_1,Ambiguous,Ambiguous,Ambiguous,True,True,True,False,False,True,False,False,False,False,False,14,False
SA-000518,judge_2,Ambiguous,Ambiguous,Ambiguous,True,True,True,False,False,True,False,False,False,False,False,0,False
SA-000518,judge_3,Ambiguous,Ambiguous,Ambiguous,True,True,True,False,False,True,False,False,False,False,False,-3,True
SA-000518,judge_4,Ambiguous,Ambiguous,Ambiguous,True,True,True,False,False,True,False,False,False,False,False,3,False
SA-000518,judge_5,Ambiguous,Ambiguous,Ambiguous,True,True,True,False,False,True,False,False,False,False,False,5,False
SA-000519,judge_1,Supported,Supported,Supported,False,False,False,False,False,False,False,False,False,False,False,0,False
SA-000519,judge_2,Supported,Supported,Supported,False,False,False,False,False,False,False,False,False,False,False,-6,False
SA-000519,judge_3,Supported,Supported,Supported,False,False,False,False,False,False,False,False,False,False,False,0,True
SA-000519,judge_4,Supported,Supported,Supported,False,False,False,False,False,False,False,False,False,False,False,4,True
SA-000519,judge_5,Supported,Supported,Supported,False,False,False,False,False,False,False,False,False,False,False,1,False
SA-000520,judge_1,Supported,Supported,Supported,False,False,False,False,False,False,False,False,False,False,False,2,False
SA-000520,judge_2,Supported,Supported,Supported,False,False,False,False,False,False,False,False,False,False,False,2,False
SA-000520,judge_3,Supported,Supported,Supported,False,False,False,False,False,False,False,False,False,False,False,0,False
SA-000520,judge_4,Supported,Supported,Supported,False,False,False,False,False,False,False,False,False,False,False,1,False
SA-000520,judge_5,Supported,Supported,Supported,False,False,False,False,False,False,False,False,False,False,False,0,False
SA-000521,judge_1,Ambiguous,Ambiguous,Ambiguous,True,True,True,False,False,True,False,False,False,False,False,14,True
SA-000521,judge_2,Ambiguous,Ambiguous,Ambiguous,True,True,True,False,False,True,False,False,False,False,False,12,False
SA-000521,judge_3,Ambiguous,Ambiguous,Ambiguous,True,True,True,False,False,True,False,False,False,False,False,-2,False
SA-000521,judge_4,Ambiguous,Ambiguous,Ambiguous,True,True,True,False,False,True,False,False,False,False,False,34,True
SA-000521,judge_5,Ambiguous,Ambiguous,Ambiguous,True,True,True,False,False,True,False,False,False,False,False,20,True
SA-000522,judge_1,Supported,Supported,Supported,False,False,False,False,False,False,False,False,False,False,False,0,False
SA-000522,judge_2,Supported,Supported,Supported,False,False,False,False,False,False,False,False,False,False,False,2,False
SA-000522,judge_3,Supported,Supported,Supported,False,False,False,False,False,False,False,False,False,False,False,0,False
SA-000522,judge_4,Supported,Supported,Supported,False,False,False,False,False,False,False,False,False,False,False,1,False
SA-000522,judge_5,Supported,Supported,Supported,False,False,False,False,False,False,False,False,False,False,False,2,False
SA-000523,judge_1,Supported,Supported,Supported,False,False,False,False,False,False,False,False,False,False,False,2,False
SA-000523,judge_2,Supported,Supported,Supported,False,False,False,False,False,False,False,False,False,False,False,2,False
SA-000523,judge_3,Supported,Supported,Supported,False,False,False,False,False,False,False,False,False,False,False,3,False
SA-000523,judge_4,Supported,Supported,Supported,False,False,False,False,False,False,False,False,False,False,False,3,False
SA-000523,judge_5,Supported,Supported,Supported,False,False,False,False,False,False,False,False,False,False,False,1,False
SA-000524,judge_1,Supported,Supported,Supported,False,False,False,False,False,False,False,False,False,False,False,10,True
SA-000524,judge_2,Supported,Supported,Supported,False,False,False,False,False,False,False,False,False,False,False,9,True
SA-000524,judge_3,Supported,Supported,Supported,False,False,False,False,False,False,False,False,False,False,False,6,True
SA-000524,judge_4,Supported,Supported,Supported,False,False,False,False,False,False,False,False,False,False,False,7,True
SA-000524,judge_5,Supported,Supported,Supported,False,False,False,False,False,False,False,False,False,False,False,8,True
SA-000525,judge_1,Refuted,Refuted,Refuted,False,False,False,False,False,False,False,False,False,False,False,0,False
SA-000525,judge_2,Refuted,Refuted,Refuted,False,False,False,False,False,False,False,False,False,False,False,-2,False
SA-000525,judge_3,Refuted,Refuted,Refuted,False,False,False,False,False,False,False,False,False,False,False,-5,False
SA-000525,judge_4,Refuted,Refuted,Refuted,False,False,False,False,False,False,False,False,False,False,False,-2,False
SA-000525,judge_5,Refuted,Refuted,Refuted,False,False,False,False,False,False,False,False,False,False,False,-4,False
SA-000526,judge_1,Ambiguous,Ambiguous,Ambiguous,True,True,True,False,False,True,False,False,False,False,False,31,False
SA-000526,judge_2,Ambiguous,Ambiguous,Ambiguous,True,True,True,False,False,True,False,False,False,False,False,14,False
SA-000526,judge_3,Ambiguous,Ambiguous,Ambiguous,True,True,True,False,False,True,False,False,False,False,False,15,False
SA-000526,judge_4,Ambiguous,Ambiguous,Ambiguous,True,True,True,False,False,True,False,False,False,False,False,0,True
SA-000526,judge_5,Ambiguous,Ambiguous,Ambiguous,True,True,True,False,False,True,False,False,False,False,False,20,True
SA-000527,judge_1,Supported,Supported,Supported,False,False,False,False,False,False,False,False,False,False,False,12,False
SA-000527,judge_2,Supported,Supported,Supported,False,False,False,False,False,False,False,False,False,False,False,3,False
SA-000527,judge_3,Supported,Supported,Supported,False,False,False,False,False,False,False,False,False,False,False,9,False
SA-000527,judge_4,Supported,Supported,Supported,False,False,False,False,False,False,False,False,False,False,False,16,False
SA-000527,judge_5,Supported,Supported,Supported,False,False,False,False,False,False,False,False,False,False,False,8,False
SA-000528,judge_1,Ambiguous,Supported,Supported,True,False,False,True,False,False,False,False,True,False,True,29,True
SA-000528,judge_2,Supported,Ambiguous,Supported,False,True,False,False,True,False,False,False,True,True,False,0,False
SA-000528,judge_3,Ambiguous,Supported,Supported,True,False,False,True,False,False,False,False,True,False,True,16,True
SA-000528,judge_4,Ambiguous,Supported,Supported,True,False,False,True,False,False,False,False,True,False,True,36,True
SA-000528,judge_5,Ambiguous,Ambiguous,Supported,True,True,False,False,True,False,False,False,False,True,True,24,True
SA-000529,judge_1,Ambiguous,Refuted,Ambiguous,True,False,True,True,False,True,False,False,True,True,False,13,False
SA-000529,judge_2,Refuted,Refuted,Ambiguous,False,False,True,False,False,True,False,False,False,True,True,-26,False
SA-000529,judge_3,Ambiguous,Ambiguous,Ambiguous,True,True,True,False,False,True,False,False,False,False,False,4,False
SA-000529,judge_4,Ambiguous,Ambiguous,Ambiguous,True,True,True,False,False,True,False,False,False,False,False,14,False
SA-000529,judge_5,Refuted,Refuted,Ambiguous,False,False,True,False,False,True,False,False,False,True,True,-28,False
SA-000530,judge_1,Supported,Supported,Supported,False,False,False,False,False,False,False,False,False,False,False,11,True
SA-000530,judge_2,Supported,Supported,Supported,False,False,False,False,False,False,False,False,False,False,False,6,True
SA-000530,judge_3,Supported,Supported,Supported,False,False,False,False,False,False,False,False,False,False,False,12,True
SA-000530,judge_4,Supported,Supported,Supported,False,False,False,False,False,False,False,False,False,False,False,12,True
SA-000530,judge_5,Supported,Supported,Supported,False,False,False,False,False,False,False,False,False,False,False,9,True
SA-000531,judge_1,Ambiguous,Ambiguous,Ambiguous,True,True,True,False,False,True,False,False,False,False,False,8,False
SA-000531,judge_2,Ambiguous,Ambiguous,Ambiguous,True,True,True,False,False,True,False,False,False,False,False,3,False
SA-000531,judge_3,Ambiguous,Ambiguous,Ambiguous,True,True,True,False,False,True,False,False,False,False,False,-10,False
SA-000531,judge_4,Ambiguous,Ambiguous,Ambiguous,True,True,True,False,False,True,False,False,False,False,False,6,False
SA-000531,judge_5,Ambiguous,Ambiguous,Ambiguous,True,True,True,False,False,True,False,False,False,False,False,3,False
SA-000532,judge_1,Supported,Supported,Supported,False,False,False,False,False,False,False,False,False,False,False,8,True
SA-000532,judge_2,Supported,Supported,Supported,False,False,False,False,False,False,False,False,False,False,False,4,True
SA-000532,judge_3,Supported,Supported,Supported,False,False,False,False,False,False,False,False,False,False,False,5,True
SA-000532,judge_4,Supported,Supported,Supported,False,False,False,False,False,False,False,False,False,False,False,3,False
SA-000532,judge_5,Supported,Supported,Supported,False,False,False,False,False,False,False,False,False,False,False,8,True
SA-000533,judge_1,Refuted,Refuted,Refuted,False,False,False,False,False,False,False,False,False,False,False,1,False
SA-000533,judge_2,Refuted,Refuted,Refuted,False,False,False,False,False,False,False,False,False,False,False,-2,False
SA-000533,judge_3,Refuted,Refuted,Refuted,False,False,False,False,False,False,False,False,False,False,False,1,False
SA-000533,judge_4,Refuted,Refuted,Refuted,False,False,False,False,False,False,False,False,False,False,False,2,False
SA-000533,judge_5,Refuted,Refuted,Refuted,False,False,False,False,False,False,False,False,False,False,False,2,False
SA-000534,judge_1,Supported,Supported,Supported,False,False,False,False,False,False,False,False,False,False,False,14,True
SA-000534,judge_2,Supported,Supported,Supported,False,False,False,False,False,False,False,False,False,False,False,6,True
SA-000534,judge_3,Supported,Supported,Supported,False,False,False,False,False,False,False,False,False,False,False,11,True
SA-000534,judge_4,Supported,Supported,Supported,False,False,False,False,False,False,False,False,False,False,False,16,True
SA-000534,judge_5,Supported,Supported,Supported,False,False,False,False,False,False,False,False,False,False,False,9,True
SA-000535,judge_1,Ambiguous,Ambiguous,Ambiguous,True,True,True,False,False,True,False,False,False,False,False,11,False
SA-000535,judge_2,Ambiguous,Ambiguous,Ambiguous,True,True,True,False,False,True,False,False,False,False,False,-2,False
SA-000535,judge_3,Ambiguous,Ambiguous,Ambiguous,True,True,True,False,False,True,False,False,False,False,False,-1,False
SA-000535,judge_4,Ambiguous,Ambiguous,Ambiguous,True,True,True,False,False,True,False,False,False,False,False,22,False
SA-000535,judge_5,Ambiguous,Ambiguous,Ambiguous,True,True,True,False,False,True,False,False,False,False,False,8,False
SA-000536,judge_1,Refuted,Refuted,Refuted,False,False,False,False,False,False,False,False,False,False,False,2,False
SA-000536,judge_2,Refuted,Refuted,Refuted,False,False,False,False,False,False,False,False,False,False,False,0,False
SA-000536,judge_3,Refuted,Refuted,Refuted,False,False,False,False,False,False,False,False,False,False,False,-1,False
SA-000536,judge_4,Refuted,Refuted,Refuted,False,False,False,False,False,False,False,False,False,False,False,2,False
SA-000536,judge_5,Refuted,Refuted,Refuted,False,False,False,False,False,False,False,False,False,False,False,2,True
SA-000537,judge_1,Supported,Supported,Supported,False,False,False,False,False,False,False,False,False,False,False,7,True
SA-000537,judge_2,Supported,Supported,Supported,False,False,False,False,False,False,False,False,False,False,False,4,True
SA-000537,judge_3,Supported,Supported,Supported,False,False,False,False,False,False,False,False,False,False,False,2,True
SA-000537,judge_4,Supported,Supported,Supported,False,False,False,False,False,False,False,False,False,False,False,7,True
SA-000537,judge_5,Supported,Supported,Supported,False,False,False,False,False,False,False,False,False,False,False,1,False
SA-000538,judge_1,Refuted,Refuted,Refuted,False,False,False,False,False,False,False,False,False,False,False,12,True
SA-000538,judge_2,Refuted,Refuted,Refuted,False,False,False,False,False,False,False,False,False,False,False,5,True
SA-000538,judge_3,Refuted,Refuted,Refuted,False,False,False,False,False,False,False,False,False,False,False,7,True
SA-000538,judge_4,Refuted,Refuted,Refuted,False,False,False,False,False,False,False,False,False,False,False,5,True
SA-000538,judge_5,Refuted,Refuted,Refuted,False,False,False,False,False,False,False,False,False,False,False,8,True
SA-000539,judge_1,Supported,Supported,Supported,False,False,False,False,False,False,False,False,False,False,False,1,False
SA-000539,judge_2,Supported,Supported,Supported,False,False,False,False,False,False,False,False,False,False,False,1,False
SA-000539,judge_3,Supported,Supported,Supported,False,False,False,False,False,False,False,False,False,False,False,0,False
SA-000539,judge_4,Supported,Supported,Supported,False,False,False,False,False,False,False,False,False,False,False,0,False
SA-000539,judge_5,Supported,Supported,Supported,False,False,False,False,False,False,False,False,False,False,False,1,False
SA-000540,judge_1,Supported,Supported,Supported,False,False,False,False,False,False,False,False,False,False,False,2,False
SA-000540,judge_2,Supported,Supported,Supported,False,False,False,False,False,False,False,False,False,False,False,2,False
SA-000540,judge_3,Supported,Ambiguous,Supported,False,True,False,False,True,False,False,False,True,True,False,-2,False
SA-000540,judge_4,Supported,Supported,Supported,False,False,False,False,False,False,False,False,False,False,False,10,False
SA-000540,judge_5,Supported,Supported,Supported,False,False,False,False,False,False,False,False,False,False,False,2,False
SA-000541,judge_1,Ambiguous,Ambiguous,Ambiguous,True,True,True,False,False,True,False,False,False,False,False,12,False
SA-000541,judge_2,Ambiguous,Ambiguous,Ambiguous,True,True,True,False,False,True,False,False,False,False,False,0,False
SA-000541,judge_3,Ambiguous,Ambiguous,Ambiguous,True,True,True,False,False,True,False,False,False,False,False,-2,False
SA-000541,judge_4,Ambiguous,Ambiguous,Ambiguous,True,True,True,False,False,True,False,False,False,False,False,26,False
SA-000541,judge_5,Ambiguous,Ambiguous,Ambiguous,True,True,True,False,False,True,False,False,False,False,False,12,False
SA-000542,judge_1,Supported,Supported,Supported,False,False,False,False,False,False,False,False,False,False,False,3,False
SA-000542,judge_2,Supported,Supported,Supported,False,False,False,False,False,False,False,False,False,False,False,-1,False
SA-000542,judge_3,Supported,Supported,Supported,False,False,False,False,False,False,False,False,False,False,False,0,False
SA-000542,judge_4,Supported,Supported,Supported,False,False,False,False,False,False,False,False,False,False,False,1,False
SA-000542,judge_5,Supported,Supported,Supported,False,False,False,False,False,False,False,False,False,False,False,0,False
SA-000543,judge_1,Supported,Supported,Supported,False,False,False,False,False,False,False,False,False,False,False,13,True
SA-000543,judge_2,Supported,Supported,Supported,False,False,False,False,False,False,False,False,False,False,False,6,True
SA-000543,judge_3,Supported,Supported,Supported,False,False,False,False,False,False,False,False,False,False,False,11,True
SA-000543,judge_4,Supported,Supported,Supported,False,False,False,False,False,False,False,False,False,False,False,13,True
SA-000543,judge_5,Supported,Supported,Supported,False,False,False,False,False,False,False,False,False,False,False,10,True
SA-000544,judge_1,Supported,Supported,Supported,False,False,False,False,False,False,False,False,False,False,False,12,False
SA-000544,judge_2,Supported,Supported,Supported,False,False,False,False,False,False,False,False,False,False,False,2,False
SA-000544,judge_3,Ambiguous,Supported,Supported,True,False,False,True,False,False,False,False,True,False,True,13,True
SA-000544,judge_4,Supported,Supported,Supported,False,False,False,False,False,False,False,False,False,False,False,4,False
SA-000544,judge_5,Supported,Supported,Supported,False,False,False,False,False,False,False,False,False,False,False,6,False
SA-000545,judge_1,Supported,Supported,Supported,False,False,False,False,False,False,False,False,False,False,False,11,True
SA-000545,judge_2,Supported,Supported,Supported,False,False,False,False,False,False,False,False,False,False,False,7,True
SA-000545,judge_3,Supported,Supported,Supported,False,False,False,False,False,False,False,False,False,False,False,6,True
SA-000545,judge_4,Supported,Supported,Supported,False,False,False,False,False,False,False,False,False,False,False,8,True
SA-000545,judge_5,Supported,Supported,Supported,False,False,False,False,False,False,False,False,False,False,False,6,True
SA-000546,judge_1,Refuted,Refuted,Refuted,False,False,False,False,False,False,False,False,False,False,False,6,True
SA-000546,judge_2,Refuted,Refuted,Refuted,False,False,False,False,False,False,False,False,False,False,False,1,True
SA-000546,judge_3,Refuted,Refuted,Refuted,False,False,False,False,False,False,False,False,False,False,False,2,True
SA-000546,judge_4,Refuted,Refuted,Refuted,False,False,False,False,False,False,False,False,False,False,False,7,True
SA-000546,judge_5,Refuted,Refuted,Refuted,False,False,False,False,False,False,False,False,False,False,False,4,True
SA-000547,judge_1,Ambiguous,Ambiguous,Ambiguous,True,True,True,False,False,True,False,False,False,False,False,17,False
SA-000547,judge_2,Ambiguous,Ambiguous,Refuted,True,True,False,False,True,False,False,False,False,True,True,30,True
SA-000547,judge_3,Ambiguous,Ambiguous,Refuted,True,True,False,False,True,False,False,False,False,True,True,12,True
SA-000547,judge_4,Refuted,Ambiguous,Ambiguous,False,True,True,False,False,True,False,False,True,False,True,-13,False
SA-000547,judge_5,Ambiguous,Ambiguous,Ambiguous,True,True,True,False,False,True,False,False,False,False,False,13,True
SA-000548,judge_1,Refuted,Refuted,Refuted,False,False,False,False,False,False,False,False,False,False,False,-4,False
SA-000548,judge_2,Refuted,Refuted,Refuted,False,False,False,False,False,False,False,False,False,False,False,5,True
SA-000548,judge_3,Refuted,Refuted,Refuted,False,False,False,False,False,False,False,False,False,False,False,2,True
SA-000548,judge_4,Refuted,Refuted,Refuted,False,False,False,False,False,False,False,False,False,False,False,-2,False
SA-000548,judge_5,Refuted,Refuted,Refuted,False,False,False,False,False,False,False,False,False,False,False,-6,False
SA-000549,judge_1,Refuted,Ambiguous,Refuted,False,True,False,False,True,False,False,False,True,True,False,10,True
SA-000549,judge_2,Refuted,Refuted,Refuted,False,False,False,False,False,False,False,False,False,False,False,8,True
SA-000549,judge_3,Ambiguous,Ambiguous,Refuted,True,True,False,False,True,False,False,False,False,True,True,22,True
SA-000549,judge_4,Refuted,Refuted,Refuted,False,False,False,False,False,False,False,False,False,False,False,4,False
SA-000549,judge_5,Ambiguous,Refuted,Refuted,True,False,False,True,False,False,False,False,True,False,True,42,True
SA-000550,judge_1,Ambiguous,Supported,Supported,True,False,False,True,False,False,False,False,True,False,True,49,True
SA-000550,judge_2,Ambiguous,Supported,Supported,True,False,False,True,False,False,False,False,True,False,True,47,True
SA-000550,judge_3,Ambiguous,Supported,Supported,True,False,False,True,False,False,False,False,True,False,True,11,True
SA-000550,judge_4,Ambiguous,Supported,Supported,True,False,False,True,False,False,False,False,True,False,True,55,True
SA-000550,judge_5,Ambiguous,Supported,Supported,True,False,False,True,False,False,False,False,True,False,True,52,True
SA-000551,judge_1,Ambiguous,Ambiguous,Supported,True,True,False,False,True,False,False,False,False,True,True,18,True
SA-000551,judge_2,Supported,Supported,Supported,False,False,False,False,False,False,False,False,False,False,False,-6,False
SA-000551,judge_3,Supported,Supported,Ambiguous,False,False,True,False,False,True,False,False,False,True,True,-12,False
SA-000551,judge_4,Ambiguous,Supported,Supported,True,False,False,True,False,False,False,False,True,False,True,24,True
SA-000551,judge_5,Supported,Supported,Ambiguous,False,False,True,False,False,True,False,False,False,True,True,-13,False
SA-000552,judge_1,Supported,Supported,Supported,False,False,False,False,False,False,False,False,False,False,False,13,True
SA-000552,judge_2,Supported,Supported,Supported,False,False,False,False,False,False,False,False,False,False,False,4,True
SA-000552,judge_3,Supported,Supported,Supported,False,False,False,False,False,False,False,False,False,False,False,7,True
SA-000552,judge_4,Supported,Supported,Supported,False,False,False,False,False,False,False,False,False,False,False,13,True
SA-000552,judge_5,Supported,Supported,Supported,False,False,False,False,False,False,False,False,False,False,False,8,True
SA-000553,judge_1,Refuted,Refuted,Refuted,False,False,False,False,False,False,False,False,False,False,False,10,True
SA-000553,judge_2,Refuted,Refuted,Refuted,False,False,False,False,False,False,False,False,False,False,False,7,True
SA-000553,judge_3,Refuted,Refuted,Refuted,False,False,False,False,False,False,False,False,False,False,False,7,True
SA-000553,judge_4,Refuted,Refuted,Refuted,False,False,False,False,False,False,False,False,False,False,False,6,True
SA-000553,judge_5,Refuted,Refuted,Refuted,False,False,False,False,False,False,False,False,False,False,False,6,True
SA-000554,judge_1,Refuted,Refuted,Refuted,False,False,False,False,False,False,False,False,False,False,False,7,True
SA-000554,judge_2,Refuted,Refuted,Refuted,False,False,False,False,False,False,False,False,False,False,False,4,True
SA-000554,judge_3,Refuted,Refuted,Refuted,False,False,False,False,False,False,False,False,False,False,False,5,True
SA-000554,judge_4,Refuted,Refuted,Refuted,False,False,False,False,False,False,False,False,False,False,False,5,True
SA-000554,judge_5,Refuted,Refuted,Refuted,False,False,False,False,False,False,False,False,False,False,False,8,True
SA-000555,judge_1,Ambiguous,Ambiguous,Ambiguous,True,True,True,False,False,True,False,False,False,False,False,14,False
SA-000555,judge_2,Ambiguous,Ambiguous,Ambiguous,True,True,True,False,False,True,False,False,False,False,False,6,False
SA-000555,judge_3,Ambiguous,Ambiguous,Ambiguous,True,True,True,False,False,True,False,False,False,False,False,-4,False
SA-000555,judge_4,Ambiguous,Ambiguous,Ambiguous,True,True,True,False,False,True,False,False,False,False,False,22,False
SA-000555,judge_5,Ambiguous,Ambiguous,Ambiguous,True,True,True,False,False,True,False,False,False,False,False,12,False
SA-000556,judge_1,Supported,Supported,Supported,False,False,False,False,False,False,False,False,False,False,False,2,False
SA-000556,judge_2,Supported,Supported,Supported,False,False,False,False,False,False,False,False,False,False,False,1,False
SA-000556,judge_3,Supported,Supported,Supported,False,False,False,False,False,False,False,False,False,False,False,2,False
SA-000556,judge_4,Supported,Supported,Supported,False,False,False,False,False,False,False,False,False,False,False,0,False
SA-000556,judge_5,Supported,Supported,Supported,False,False,False,False,False,False,False,False,False,False,False,0,False
SA-000557,judge_1,Refuted,Refuted,Refuted,False,False,False,False,False,False,False,False,False,False,False,3,False
SA-000557,judge_2,Refuted,Refuted,Refuted,False,False,False,False,False,False,False,False,False,False,False,-1,False
SA-000557,judge_3,Refuted,Refuted,Refuted,False,False,False,False,False,False,False,False,False,False,False,-3,False
SA-000557,judge_4,Refuted,Refuted,Refuted,False,False,False,False,False,False,False,False,False,False,False,5,False
SA-000557,judge_5,Refuted,Refuted,Refuted,False,False,False,False,False,False,False,False,False,False,False,-2,False
SA-000558,judge_1,Refuted,Refuted,Refuted,False,False,False,False,False,False,False,False,False,False,False,-1,False
SA-000558,judge_2,Refuted,Refuted,Refuted,False,False,False,False,False,False,False,False,False,False,False,0,False
SA-000558,judge_3,Refuted,Refuted,Refuted,False,False,False,False,False,False,False,False,False,False,False,0,False
SA-000558,judge_4,Refuted,Refuted,Refuted,False,False,False,False,False,False,False,False,False,False,False,-1,False
SA-000558,judge_5,Refuted,Refuted,Refuted,False,False,False,False,False,False,False,False,False,False,False,-10,False
SA-000559,judge_1,Supported,Supported,Supported,False,False,False,False,False,False,False,False,False,False,False,14,False
SA-000559,judge_2,Supported,Supported,Supported,False,False,False,False,False,False,False,False,False,False,False,-4,False
SA-000559,judge_3,Supported,Supported,Supported,False,False,False,False,False,False,False,False,False,False,False,12,True
SA-000559,judge_4,Supported,Supported,Supported,False,False,False,False,False,False,False,False,False,False,False,16,True
SA-000559,judge_5,Supported,Supported,Supported,False,False,False,False,False,False,False,False,False,False,False,7,False
SA-000560,judge_1,Refuted,Refuted,Refuted,False,False,False,False,False,False,False,False,False,False,False,3,False
SA-000560,judge_2,Refuted,Refuted,Refuted,False,False,False,False,False,False,False,False,False,False,False,7,True
SA-000560,judge_3,Refuted,Refuted,Refuted,False,False,False,False,False,False,False,False,False,False,False,2,False
SA-000560,judge_4,Refuted,Refuted,Refuted,False,False,False,False,False,False,False,False,False,False,False,4,False
SA-000560,judge_5,Refuted,Refuted,Refuted,False,False,False,False,False,False,False,False,False,False,False,3,False
SA-000561,judge_1,Supported,Supported,Supported,False,False,False,False,False,False,False,False,False,False,False,9,True
SA-000561,judge_2,Supported,Supported,Supported,False,False,False,False,False,False,False,False,False,False,False,7,True
SA-000561,judge_3,Supported,Supported,Supported,False,False,False,False,False,False,False,False,False,False,False,7,True
SA-000561,judge_4,Supported,Supported,Supported,False,False,False,False,False,False,False,False,False,False,False,14,True
SA-000561,judge_5,Supported,Supported,Supported,False,False,False,False,False,False,False,False,False,False,False,8,True
SA-000562,judge_1,Supported,Supported,Supported,False,False,False,False,False,False,False,False,False,False,False,8,True
SA-000562,judge_2,Supported,Supported,Supported,False,False,False,False,False,False,False,False,False,False,False,2,True
SA-000562,judge_3,Supported,Supported,Supported,False,False,False,False,False,False,False,False,False,False,False,3,True
SA-000562,judge_4,Supported,Supported,Supported,False,False,False,False,False,False,False,False,False,False,False,9,True
SA-000562,judge_5,Supported,Supported,Supported,False,False,False,False,False,False,False,False,False,False,False,0,True
SA-000563,judge_1,Ambiguous,Ambiguous,Ambiguous,True,True,True,False,False,True,False,False,False,False,False,6,False
SA-000563,judge_2,Ambiguous,Ambiguous,Refuted,True,True,False,False,True,False,False,False,False,True,True,18,True
SA-000563,judge_3,Ambiguous,Ambiguous,Ambiguous,True,True,True,False,False,True,False,False,False,False,False,-10,False
SA-000563,judge_4,Refuted,Ambiguous,Refuted,False,True,False,False,True,False,False,False,True,True,False,6,False
SA-000563,judge_5,Ambiguous,Ambiguous,Ambiguous,True,True,True,False,False,True,False,False,False,False,False,8,False
SA-000564,judge_1,Refuted,Refuted,Refuted,False,False,False,False,False,False,False,False,False,False,False,3,False
SA-000564,judge_2,Refuted,Ambiguous,Refuted,False,True,False,False,True,False,False,False,True,True,False,-4,False
SA-000564,judge_3,Refuted,Refuted,Refuted,False,False,False,False,False,False,False,False,False,False,False,-4,False
SA-000564,judge_4,Refuted,Refuted,Ambiguous,False,False,True,False,False,True,False,False,False,True,True,-18,False
SA-000564,judge_5,Refuted,Refuted,Refuted,False,False,False,False,False,False,False,False,False,False,False,-4,False
SA-000565,judge_1,Supported,Supported,Supported,False,False,False,False,False,False,False,False,False,False,False,2,False
SA-000565,judge_2,Supported,Supported,Supported,False,False,False,False,False,False,False,False,False,False,False,2,False
SA-000565,judge_3,Supported,Supported,Supported,False,False,False,False,False,False,False,False,False,False,False,2,False
SA-000565,judge_4,Supported,Supported,Supported,False,False,False,False,False,False,False,False,False,False,False,1,False
SA-000565,judge_5,Supported,Supported,Supported,False,False,False,False,False,False,False,False,False,False,False,1,False
SA-000566,judge_1,Refuted,Refuted,Refuted,False,False,False,False,False,False,False,False,False,False,False,0,False
SA-000566,judge_2,Refuted,Refuted,Refuted,False,False,False,False,False,False,False,False,False,False,False,-2,False
SA-000566,judge_3,Refuted,Refuted,Refuted,False,False,False,False,False,False,False,False,False,False,False,-2,False
SA-000566,judge_4,Refuted,Refuted,Refuted,False,False,False,False,False,False,False,False,False,False,False,10,True
SA-000566,judge_5,Refuted,Refuted,Refuted,False,False,False,False,False,False,False,False,False,False,False,-2,False
SA-000567,judge_1,Refuted,Refuted,Refuted,False,False,False,False,False,False,False,False,False,False,False,1,False
SA-000567,judge_2,Refuted,Refuted,Refuted,False,False,False,False,False,False,False,False,False,False,False,-8,False
SA-000567,judge_3,Ambiguous,Refuted,Refuted,True,False,False,True,False,False,False,False,True,False,True,8,True
SA-000567,judge_4,Ambiguous,Refuted,Ambiguous,True,False,True,True,False,True,False,False,True,True,False,5,False
SA-000567,judge_5,Refuted,Refuted,Refuted,False,False,False,False,False,False,False,False,False,False,False,-5,False
SA-000568,judge_1,Refuted,Refuted,Refuted,False,False,False,False,False,False,False,False,False,False,False,8,True
SA-000568,judge_2,Refuted,Refuted,Refuted,False,False,False,False,False,False,False,False,False,False,False,4,True
SA-000568,judge_3,Refuted,Refuted,Refuted,False,False,False,False,False,False,False,False,False,False,False,3,True
SA-000568,judge_4,Refuted,Refuted,Refuted,False,False,False,False,False,False,False,False,False,False,False,10,True
SA-000568,judge_5,Refuted,Refuted,Refuted,False,False,False,False,False,False,False,False,False,False,False,4,True
SA-000569,judge_1,Supported,Supported,Supported,False,False,False,False,False,False,False,False,False,False,False,9,True
SA-000569,judge_2,Supported,Supported,Supported,False,False,False,False,False,False,False,False,False,False,False,6,True
SA-000569,judge_3,Supported,Supported,Supported,False,False,False,False,False,False,False,False,False,False,False,9,True
SA-000569,judge_4,Supported,Supported,Supported,False,False,False,False,False,False,False,False,False,False,False,12,True
SA-000569,judge_5,Supported,Supported,Supported,False,False,False,False,False,False,False,False,False,False,False,8,True
SA-000570,judge_1,Ambiguous,Ambiguous,Refuted,True,True,False,False,True,False,False,False,False,True,True,48,True
SA-000570,judge_2,Ambiguous,Ambiguous,Refuted,True,True,False,False,True,False,False,False,False,True,True,45,True
SA-000570,judge_3,Ambiguous,Ambiguous,Refuted,True,True,False,False,True,False,False,False,False,True,True,4,True
SA-000570,judge_4,Ambiguous,Ambiguous,Refuted,True,True,False,False,True,False,False,False,False,True,True,20,True
SA-000570,judge_5,Ambiguous,Ambiguous,Refuted,True,True,False,False,True,False,False,False,False,True,True,50,True
SA-000571,judge_1,Supported,Supported,Supported,False,False,False,False,False,False,False,False,False,False,False,9,False
SA-000571,judge_2,Supported,Supported,Supported,False,False,False,False,False,False,False,False,False,False,False,-4,False
SA-000571,judge_3,Supported,Supported,Supported,False,False,False,False,False,False,False,False,False,False,False,4,False
SA-000571,judge_4,Supported,Supported,Supported,False,False,False,False,False,False,False,False,False,False,False,10,False
SA-000571,judge_5,Supported,Supported,Supported,False,False,False,False,False,False,False,False,False,False,False,-4,False
SA-000572,judge_1,Refuted,Refuted,Refuted,False,False,False,False,False,False,False,False,False,False,False,-2,False
SA-000572,judge_2,Refuted,Refuted,Refuted,False,False,False,False,False,False,False,False,False,False,False,-2,False
SA-000572,judge_3,Refuted,Refuted,Refuted,False,False,False,False,False,False,False,False,False,False,False,-1,False
SA-000572,judge_4,Refuted,Refuted,Refuted,False,False,False,False,False,False,False,False,False,False,False,0,False
SA-000572,judge_5,Refuted,Refuted,Refuted,False,False,False,False,False,False,False,False,False,False,False,2,False
SA-000573,judge_1,Refuted,Ambiguous,Refuted,False,True,False,False,True,False,False,False,True,True,False,13,True
SA-000573,judge_2,Refuted,Refuted,Refuted,False,False,False,False,False,False,False,False,False,False,False,4,True
SA-000573,judge_3,Refuted,Refuted,Refuted,False,False,False,False,False,False,False,False,False,False,False,4,True
SA-000573,judge_4,Refuted,Refuted,Refuted,False,False,False,False,False,False,False,False,False,False,False,0,False
SA-000573,judge_5,Refuted,Refuted,Refuted,False,False,False,False,False,False,False,False,False,False,False,-7,False
SA-000574,judge_1,Supported,Supported,Supported,False,False,False,False,False,False,False,False,False,False,False,2,False
SA-000574,judge_2,Supported,Supported,Supported,False,False,False,False,False,False,False,False,False,False,False,2,False
SA-000574,judge_3,Supported,Supported,Supported,False,False,False,False,False,False,False,False,False,False,False,2,False
SA-000574,judge_4,Supported,Supported,Supported,False,False,False,False,False,False,False,False,False,False,False,-1,False
SA-000574,judge_5,Supported,Supported,Supported,False,False,False,False,False,False,False,False,False,False,False,1,False
SA-000575,judge_1,Refuted,Refuted,Refuted,False,False,False,False,False,False,False,False,False,False,False,2,False
SA-000575,judge_2,Refuted,Refuted,Refuted,False,False,False,False,False,False,False,False,False,False,False,0,False
SA-000575,judge_3,Refuted,Refuted,Refuted,False,False,False,False,False,False,False,False,False,False,False,0,False
SA-000575,judge_4,Refuted,Refuted,Refuted,False,False,False,False,False,False,False,False,False,False,False,2,False
SA-000575,judge_5,Refuted,Refuted,Refuted,False,False,False,False,False,False,False,False,False,False,False,5,True
SA-000576,judge_1,Refuted,Refuted,Refuted,False,False,False,False,False,False,False,False,False,False,False,2,False
SA-000576,judge_2,Refuted,Refuted,Refuted,False,False,False,False,False,False,False,False,False,False,False,2,False
SA-000576,judge_3,Refuted,Refuted,Refuted,False,False,False,False,False,False,False,False,False,False,False,1,False
SA-000576,judge_4,Refuted,Refuted,Refuted,False,False,False,False,False,False,False,False,False,False,False,5,True
SA-000576,judge_5,Refuted,Refuted,Refuted,False,False,False,False,False,False,False,False,False,False,False,4,False
SA-000577,judge_1,Refuted,Refuted,Refuted,False,False,False,False,False,False,False,False,False,False,False,2,False
SA-000577,judge_2,Refuted,Refuted,Refuted,False,False,False,False,False,False,False,False,False,False,False,2,False
SA-000577,judge_3,Refuted,Refuted,Refuted,False,False,False,False,False,False,False,False,False,False,False,-1,False
SA-000577,judge_4,Refuted,Refuted,Refuted,False,False,False,False,False,False,False,False,False,False,False,0,False
SA-000577,judge_5,Refuted,Refuted,Refuted,False,False,False,False,False,False,False,False,False,False,False,2,False
SA-000578,judge_1,Supported,Supported,Supported,False,False,False,False,False,False,False,False,False,False,False,11,True
SA-000578,judge_2,Supported,Supported,Supported,False,False,False,False,False,False,False,False,False,False,False,5,True
SA-000578,judge_3,Supported,Supported,Supported,False,False,False,False,False,False,False,False,False,False,False,8,True
SA-000578,judge_4,Supported,Supported,Supported,False,False,False,False,False,False,False,False,False,False,False,10,True
SA-000578,judge_5,Supported,Supported,Supported,False,False,False,False,False,False,False,False,False,False,False,10,True
SA-000579,judge_1,Supported,Supported,Supported,False,False,False,False,False,False,False,False,False,False,False,2,False
SA-000579,judge_2,Supported,Supported,Supported,False,False,False,False,False,False,False,False,False,False,False,1,False
SA-000579,judge_3,Supported,Supported,Supported,False,False,False,False,False,False,False,False,False,False,False,1,False
SA-000579,judge_4,Supported,Supported,Supported,False,False,False,False,False,False,False,False,False,False,False,0,False
SA-000579,judge_5,Supported,Supported,Supported,False,False,False,False,False,False,False,False,False,False,False,1,False
SA-000580,judge_1,Supported,Supported,Supported,False,False,False,False,False,False,False,False,False,False,False,-4,False
SA-000580,judge_2,Supported,Supported,Supported,False,False,False,False,False,False,False,False,False,False,False,-12,False
SA-000580,judge_3,Supported,Supported,Supported,False,False,False,False,False,False,False,False,False,False,False,-4,False
SA-000580,judge_4,Supported,Supported,Supported,False,False,False,False,False,False,False,False,False,False,False,0,False
SA-000580,judge_5,Supported,Supported,Supported,False,False,False,False,False,False,False,False,False,False,False,3,False
SA-000581,judge_1,Supported,Supported,Supported,False,False,False,False,False,False,False,False,False,False,False,-3,False
SA-000581,judge_2,Supported,Supported,Supported,False,False,False,False,False,False,False,False,False,False,False,8,True
SA-000581,judge_3,Supported,Supported,Supported,False,False,False,False,False,False,False,False,False,False,False,6,True
SA-000581,judge_4,Supported,Supported,Supported,False,False,False,False,False,False,False,False,False,False,False,9,True
SA-000581,judge_5,Supported,Supported,Supported,False,False,False,False,False,False,False,False,False,False,False,2,False
SA-000582,judge_1,Supported,Ambiguous,Supported,False,True,False,False,True,False,False,False,True,True,False,7,False
SA-000582,judge_2,Supported,Ambiguous,Supported,False,True,False,False,True,False,False,False,True,True,False,0,False
SA-000582,judge_3,Supported,Ambiguous,Supported,False,True,False,False,True,False,False,False,True,True,False,-1,False
SA-000582,judge_4,Ambiguous,Supported,Supported,True,False,False,True,False,False,False,False,True,False,True,36,True
SA-000582,judge_5,Ambiguous,Supported,Supported,True,False,False,True,False,False,False,False,True,False,True,25,True
SA-000583,judge_1,Ambiguous,Ambiguous,Ambiguous,True,True,True,False,False,True,False,False,False,False,False,11,False
SA-000583,judge_2,Ambiguous,Ambiguous,Ambiguous,True,True,True,False,False,True,False,False,False,False,False,0,False
SA-000583,judge_3,Ambiguous,Ambiguous,Ambiguous,True,True,True,False,False,True,False,False,False,False,False,-5,False
SA-000583,judge_4,Ambiguous,Ambiguous,Ambiguous,True,True,True,False,False,True,False,False,False,False,False,20,False
SA-000583,judge_5,Ambiguous,Ambiguous,Ambiguous,True,True,True,False,False,True,False,False,False,False,False,15,False
SA-000584,judge_1,Refuted,Refuted,Refuted,False,False,False,False,False,False,False,False,False,False,False,2,False
SA-000584,judge_2,Refuted,Refuted,Refuted,False,False,False,False,False,False,False,False,False,False,False,2,False
SA-000584,judge_3,Refuted,Refuted,Refuted,False,False,False,False,False,False,False,False,False,False,False,0,False
SA-000584,judge_4,Refuted,Refuted,Refuted,False,False,False,False,False,False,False,False,False,False,False,0,False
SA-000584,judge_5,Refuted,Refuted,Refuted,False,False,False,False,False,False,False,False,False,False,False,2,False
SA-000585,judge_1,Supported,Supported,Supported,False,False,False,False,False,False,False,False,False,False,False,1,False
SA-000585,judge_2,Supported,Supported,Supported,False,False,False,False,False,False,False,False,False,False,False,-1,False
SA-000585,judge_3,Supported,Supported,Supported,False,False,False,False,False,False,False,False,False,False,False,0,False
SA-000585,judge_4,Supported,Supported,Supported,False,False,False,False,False,False,False,False,False,False,False,0,False
SA-000585,judge_5,Supported,Supported,Supported,False,False,False,False,False,False,False,False,False,False,False,1,False
SA-000586,judge_1,Refuted,Refuted,Refuted,False,False,False,False,False,False,False,False,False,False,False,5,True
SA-000586,judge_2,Refuted,Refuted,Refuted,False,False,False,False,False,False,False,False,False,False,False,5,True
SA-000586,judge_3,Refuted,Refuted,Refuted,False,False,False,False,False,False,False,False,False,False,False,-3,False
SA-000586,judge_4,Refuted,Refuted,Refuted,False,False,False,False,False,False,False,False,False,False,False,3,True
SA-000586,judge_5,Refuted,Refuted,Refuted,False,False,False,False,False,False,False,False,False,False,False,4,True
SA-000587,judge_1,Supported,Supported,Supported,False,False,False,False,False,False,False,False,False,False,False,16,True
SA-000587,judge_2,Supported,Supported,Supported,False,False,False,False,False,False,False,False,False,False,False,14,True
SA-000587,judge_3,Supported,Supported,Supported,False,False,False,False,False,False,False,False,False,False,False,12,True
SA-000587,judge_4,Supported,Supported,Supported,False,False,False,False,False,False,False,False,False,False,False,21,True
SA-000587,judge_5,Supported,Supported,Supported,False,False,False,False,False,False,False,False,False,False,False,12,True
SA-000588,judge_1,Supported,Supported,Supported,False,False,False,False,False,False,False,False,False,False,False,6,False
SA-000588,judge_2,Supported,Supported,Supported,False,False,False,False,False,False,False,False,False,False,False,3,True
SA-000588,judge_3,Supported,Supported,Supported,False,False,False,False,False,False,False,False,False,False,False,-1,False
SA-000588,judge_4,Supported,Supported,Supported,False,False,False,False,False,False,False,False,False,False,False,4,False
SA-000588,judge_5,Supported,Supported,Supported,False,False,False,False,False,False,False,False,False,False,False,0,True
SA-000589,judge_1,Supported,Supported,Supported,False,False,False,False,False,False,False,False,False,False,False,9,False
SA-000589,judge_2,Supported,Supported,Supported,False,False,False,False,False,False,False,False,False,False,False,1,False
SA-000589,judge_3,Supported,Supported,Supported,False,False,False,False,False,False,False,False,False,False,False,4,False
SA-000589,judge_4,Supported,Supported,Supported,False,False,False,False,False,False,False,False,False,False,False,10,False
SA-000589,judge_5,Supported,Supported,Supported,False,False,False,False,False,False,False,False,False,False,False,-4,False
SA-000590,judge_1,Refuted,Refuted,Refuted,False,False,False,False,False,False,False,False,False,False,False,2,False
SA-000590,judge_2,Refuted,Refuted,Refuted,False,False,False,False,False,False,False,False,False,False,False,2,False
SA-000590,judge_3,Refuted,Refuted,Refuted,False,False,False,False,False,False,False,False,False,False,False,0,False
SA-000590,judge_4,Refuted,Refuted,Refuted,False,False,False,False,False,False,False,False,False,False,False,0,False
SA-000590,judge_5,Refuted,Refuted,Refuted,False,False,False,False,False,False,False,False,False,False,False,2,False
SA-000591,judge_1,Refuted,Refuted,Refuted,False,False,False,False,False,False,False,False,False,False,False,10,True
SA-000591,judge_2,Refuted,Refuted,Refuted,False,False,False,False,False,False,False,False,False,False,False,5,True
SA-000591,judge_3,Refuted,Refuted,Refuted,False,False,False,False,False,False,False,False,False,False,False,7,True
SA-000591,judge_4,Refuted,Refuted,Refuted,False,False,False,False,False,False,False,False,False,False,False,10,True
SA-000591,judge_5,Refuted,Refuted,Refuted,False,False,False,False,False,False,False,False,False,False,False,8,True
SA-000592,judge_1,Refuted,Refuted,Refuted,False,False,False,False,False,False,False,False,False,False,False,3,False
SA-000592,judge_2,Refuted,Refuted,Refuted,False,False,False,False,False,False,False,False,False,False,False,2,True
SA-000592,judge_3,Refuted,Refuted,Refuted,False,False,False,False,False,False,False,False,False,False,False,-1,False
SA-000592,judge_4,Refuted,Refuted,Refuted,False,False,False,False,False,False,False,False,False,False,False,-2,False
SA-000592,judge_5,Refuted,Refuted,Refuted,False,False,False,False,False,False,False,False,False,False,False,6,True
SA-000593,judge_1,Supported,Supported,Supported,False,False,False,False,False,False,False,False,False,False,False,6,False
SA-000593,judge_2,Supported,Supported,Supported,False,False,False,False,False,False,False,False,False,False,False,1,False
SA-000593,judge_3,Supported,Supported,Supported,False,False,False,False,False,False,False,False,False,False,False,0,False
SA-000593,judge_4,Supported,Supported,Supported,False,False,False,False,False,False,False,False,False,False,False,9,False
SA-000593,judge_5,Supported,Supported,Supported,False,False,False,False,False,False,False,False,False,False,False,0,False
SA-000594,judge_1,Supported,Supported,Supported,False,False,False,False,False,False,False,False,False,False,False,3,False
SA-000594,judge_2,Supported,Supported,Supported,False,False,False,False,False,False,False,False,False,False,False,5,True
SA-000594,judge_3,Supported,Supported,Supported,False,False,False,False,False,False,False,False,False,False,False,1,False
SA-000594,judge_4,Supported,Supported,Supported,False,False,False,False,False,False,False,False,False,False,False,4,True
SA-000594,judge_5,Supported,Supported,Supported,False,False,False,False,False,False,False,False,False,False,False,1,False
SA-000595,judge_1,Ambiguous,Ambiguous,Supported,True,True,False,False,True,False,False,False,False,True,True,32,True
SA-000595,judge_2,Ambiguous,Ambiguous,Supported,True,True,False,False,True,False,False,False,False,True,True,27,True
SA-000595,judge_3,Ambiguous,Ambiguous,Supported,True,True,False,False,True,False,False,False,False,True,True,22,True
SA-000595,judge_4,Ambiguous,Ambiguous,Supported,True,True,False,False,True,False,False,False,False,True,True,40,True
SA-000595,judge_5,Ambiguous,Supported,Supported,True,False,False,True,False,False,False,False,True,False,True,40,True
SA-000596,judge_1,Refuted,Refuted,Refuted,False,False,False,False,False,False,False,False,False,False,False,1,False
SA-000596,judge_2,Refuted,Refuted,Refuted,False,False,False,False,False,False,False,False,False,False,False,1,False
SA-000596,judge_3,Refuted,Refuted,Refuted,False,False,False,False,False,False,False,False,False,False,False,0,False
SA-000596,judge_4,Refuted,Refuted,Refuted,False,False,False,False,False,False,False,False,False,False,False,0,False
SA-000596,judge_5,Refuted,Refuted,Refuted,False,False,False,False,False,False,False,False,False,False,False,2,False
SA-000597,judge_1,Refuted,Refuted,Refuted,False,False,False,False,False,False,False,False,False,False,False,9,True
SA-000597,judge_2,Refuted,Refuted,Refuted,False,False,False,False,False,False,False,False,False,False,False,4,True
SA-000597,judge_3,Refuted,Refuted,Refuted,False,False,False,False,False,False,False,False,False,False,False,7,True
SA-000597,judge_4,Refuted,Refuted,Refuted,False,False,False,False,False,False,False,False,False,False,False,8,True
SA-000597,judge_5,Refuted,Refuted,Refuted,False,False,False,False,False,False,False,False,False,False,False,5,True
SA-000598,judge_1,Ambiguous,Ambiguous,Supported,True,True,False,False,True,False,False,False,False,True,True,23,True
SA-000598,judge_2,Ambiguous,Ambiguous,Ambiguous,True,True,True,False,False,True,False,False,False,False,False,0,False
SA-000598,judge_3,Ambiguous,Ambiguous,Ambiguous,True,True,True,False,False,True,False,False,False,False,False,-13,False
SA-000598,judge_4,Ambiguous,Ambiguous,Ambiguous,True,True,True,False,False,True,False,False,False,False,False,14,False
SA-000598,judge_5,Ambiguous,Ambiguous,Ambiguous,True,True,True,False,False,True,False,False,False,False,False,13,False
SA-000599,judge_1,Supported,Supported,Supported,False,False,False,False,False,False,False,False,False,False,False,12,False
SA-000599,judge_2,Supported,Supported,Supported,False,False,False,False,False,False,False,False,False,False,False,-4,False
SA-000599,judge_3,Supported,Supported,Supported,False,False,False,False,False,False,False,False,False,False,False,-2,False
SA-000599,judge_4,Supported,Supported,Supported,False,False,False,False,False,False,False,False,False,False,False,14,False
SA-000599,judge_5,Ambiguous,Supported,Supported,True,False,False,True,False,False,False,False,True,False,True,21,True
SA-000600,judge_1,Supported,Supported,Supported,False,False,False,False,False,False,False,False,False,False,False,2,False
SA-000600,judge_2,Supported,Supported,Supported,False,False,False,False,False,False,False,False,False,False,False,2,True
SA-000600,judge_3,Supported,Supported,Supported,False,False,False,False,False,False,False,False,False,False,False,6,True
SA-000600,judge_4,Supported,Supported,Supported,False,False,False,False,False,False,False,False,False,False,False,6,False
SA-000600,judge_5,Supported,Supported,Supported,False,False,False,False,False,False,False,False,False,False,False,-5,False
SA-000601,judge_1,Supported,Supported,Supported,False,False,False,False,False,False,False,False,False,False,False,2,False
SA-000601,judge_2,Supported,Supported,Supported,False,False,False,False,False,False,False,False,False,False,False,1,False
SA-000601,judge_3,Supported,Supported,Supported,False,False,False,False,False,False,False,False,False,False,False,2,False
SA-000601,judge_4,Supported,Supported,Supported,False,False,False,False,False,False,False,False,False,False,False,0,False
SA-000601,judge_5,Supported,Supported,Supported,False,False,False,False,False,False,False,False,False,False,False,1,False
SA-000602,judge_1,Refuted,Refuted,Refuted,False,False,False,False,False,False,False,False,False,False,False,-2,False
SA-000602,judge_2,Refuted,Refuted,Refuted,False,False,False,False,False,False,False,False,False,False,False,-4,False
SA-000602,judge_3,Refuted,Refuted,Refuted,False,False,False,False,False,False,False,False,False,False,False,-1,False
SA-000602,judge_4,Refuted,Refuted,Refuted,False,False,False,False,False,False,False,False,False,False,False,1,False
SA-000602,judge_5,Refuted,Refuted,Refuted,False,False,False,False,False,False,False,False,False,False,False,-5,False
SA-000603,judge_1,Refuted,Refuted,Refuted,False,False,False,False,False,False,False,False,False,False,False,-3,False
SA-000603,judge_2,Refuted,Refuted,Refuted,False,False,False,False,False,False,False,False,False,False,False,4,True
SA-000603,judge_3,Refuted,Refuted,Refuted,False,False,False,False,False,False,False,False,False,False,False,10,True
SA-000603,judge_4,Refuted,Refuted,Refuted,False,False,False,False,False,False,False,False,False,False,False,-4,False
SA-000603,judge_5,Refuted,Refuted,Refuted,False,False,False,False,False,False,False,False,False,False,False,11,True
SA-000604,judge_1,Refuted,Refuted,Refuted,False,False,False,False,False,False,False,False,False,False,False,-7,False
SA-000604,judge_2,Refuted,Refuted,Refuted,False,False,False,False,False,False,False,False,False,False,False,-2,False
SA-000604,judge_3,Refuted,Refuted,Refuted,False,False,False,False,False,False,False,False,False,False,False,6,False
SA-000604,judge_4,Refuted,Refuted,Refuted,False,False,False,False,False,False,False,False,False,False,False,-4,False
SA-000604,judge_5,Ambiguous,Refuted,Ambiguous,True,False,True,True,False,True,False,False,True,True,False,-8,False
SA-000605,judge_1,Supported,Supported,Supported,False,False,False,False,False,False,False,False,False,False,False,-2,False
SA-000605,judge_2,Supported,Supported,Supported,False,False,False,False,False,False,False,False,False,False,False,-5,False
SA-000605,judge_3,Supported,Supported,Supported,False,False,False,False,False,False,False,False,False,False,False,4,False
SA-000605,judge_4,Supported,Supported,Supported,False,False,False,False,False,False,False,False,False,False,False,4,False
SA-000605,judge_5,Supported,Supported,Supported,False,False,False,False,False,False,False,False,False,False,False,-2,False
SA-000606,judge_1,Ambiguous,Ambiguous,Refuted,True,True,False,False,True,False,False,False,False,True,True,6,True
SA-000606,judge_2,Ambiguous,Ambiguous,Ambiguous,True,True,True,False,False,True,False,False,False,False,False,-15,False
SA-000606,judge_3,Ambiguous,Ambiguous,Refuted,True,True,False,False,True,False,False,False,False,True,True,18,True
SA-000606,judge_4,Ambiguous,Ambiguous,Ambiguous,True,True,True,False,False,True,False,False,False,False,False,-6,False
SA-000606,judge_5,Ambiguous,Ambiguous,Ambiguous,True,True,True,False,False,True,False,False,False,False,False,-3,False
SA-000607,judge_1,Supported,Supported,Supported,False,False,False,False,False,False,False,False,False,False,False,-1,False
SA-000607,judge_2,Supported,Supported,Supported,False,False,False,False,False,False,False,False,False,False,False,-1,False
SA-000607,judge_3,Supported,Supported,Supported,False,False,False,False,False,False,False,False,False,False,False,-1,False
SA-000607,judge_4,Supported,Supported,Supported,False,False,False,False,False,False,False,False,False,False,False,0,False
SA-000607,judge_5,Supported,Supported,Supported,False,False,False,False,False,False,False,False,False,False,False,-3,False
SA-000608,judge_1,Refuted,Refuted,Refuted,False,False,False,False,False,False,False,False,False,False,False,-2,False
SA-000608,judge_2,Refuted,Refuted,Refuted,False,False,False,False,False,False,False,False,False,False,False,-1,False
SA-000608,judge_3,Refuted,Refuted,Refuted,False,False,False,False,False,False,False,False,False,False,False,0,False
SA-000608,judge_4,Refuted,Refuted,Refuted,False,False,False,False,False,False,False,False,False,False,False,0,False
SA-000608,judge_5,Refuted,Refuted,Refuted,False,False,False,False,False,False,False,False,False,False,False,-3,False
SA-000609,judge_1,Ambiguous,Refuted,Refuted,True,False,False,True,False,False,False,False,True,False,True,1,True
SA-000609,judge_2,Ambiguous,Refuted,Refuted,True,False,False,True,False,False,False,False,True,False,True,7,True
SA-000609,judge_3,Ambiguous,Refuted,Refuted,True,False,False,True,False,False,False,False,True,False,True,28,True
SA-000609,judge_4,Refuted,Ambiguous,Ambiguous,False,True,True,False,False,True,False,False,True,False,True,-14,False
SA-000609,judge_5,Ambiguous,Refuted,Refuted,True,False,False,True,False,False,False,False,True,False,True,37,True
SA-000610,judge_1,Ambiguous,Supported,Supported,True,False,False,True,False,False,False,False,True,False,True,6,True
SA-000610,judge_2,Supported,Supported,Supported,False,False,False,False,False,False,False,False,False,False,False,2,False
SA-000610,judge_3,Ambiguous,Supported,Supported,True,False,False,True,False,False,False,False,True,False,True,18,True
SA-000610,judge_4,Ambiguous,Supported,Supported,True,False,False,True,False,False,False,False,True,False,True,6,True
SA-000610,judge_5,Ambiguous,Ambiguous,Supported,True,True,False,False,True,False,False,False,False,True,True,26,True
SA-000611,judge_1,Supported,Supported,Supported,False,False,False,False,False,False,False,False,False,False,False,13,True
SA-000611,judge_2,Supported,Supported,Supported,False,False,False,False,False,False,False,False,False,False,False,17,True
SA-000611,judge_3,Supported,Supported,Supported,False,False,False,False,False,False,False,False,False,False,False,16,True
SA-000611,judge_4,Supported,Supported,Supported,False,False,False,False,False,False,False,False,False,False,False,16,True
SA-000611,judge_5,Ambiguous,Supported,Supported,True,False,False,True,False,False,False,False,True,False,True,42,True
SA-000612,judge_1,Refuted,Refuted,Refuted,False,False,False,False,False,False,False,False,False,False,False,-8,False
SA-000612,judge_2,Refuted,Refuted,Supported,False,False,False,False,False,False,False,True,False,True,True,-18,False
SA-000612,judge_3,Refuted,Refuted,Refuted,False,False,False,False,False,False,False,False,False,False,False,6,True
SA-000612,judge_4,Refuted,Refuted,Refuted,False,False,False,False,False,False,False,False,False,False,False,2,False
SA-000612,judge_5,Refuted,Refuted,Refuted,False,False,False,False,False,False,False,False,False,False,False,0,False
SA-000613,judge_1,Supported,Supported,Supported,False,False,False,False,False,False,False,False,False,False,False,10,True
SA-000613,judge_2,Supported,Supported,Supported,False,False,False,False,False,False,False,False,False,False,False,13,True
SA-000613,judge_3,Supported,Supported,Supported,False,False,False,False,False,False,False,False,False,False,False,12,True
SA-000613,judge_4,Supported,Supported,Supported,False,False,False,False,False,False,False,False,False,False,False,6,True
SA-000613,judge_5,Ambiguous,Supported,Supported,True,False,False,True,False,False,False,False,True,False,True,38,True
SA-000614,judge_1,Refuted,Ambiguous,Ambiguous,False,True,True,False,False,True,False,False,True,False,True,-16,False
SA-000614,judge_2,Ambiguous,Refuted,Ambiguous,True,False,True,True,False,True,False,False,True,True,False,-10,False
SA-000614,judge_3,Ambiguous,Ambiguous,Refuted,True,True,False,False,True,False,False,False,False,True,True,17,True
SA-000614,judge_4,Ambiguous,Ambiguous,Ambiguous,True,True,True,False,False,True,False,False,False,False,False,-4,False
SA-000614,judge_5,Ambiguous,Ambiguous,Ambiguous,True,True,True,False,False,True,False,False,False,False,False,10,False
SA-000615,judge_1,Refuted,Refuted,Refuted,False,False,False,False,False,False,False,False,False,False,False,-3,False
SA-000615,judge_2,Refuted,Refuted,Refuted,False,False,False,False,False,False,False,False,False,False,False,-3,False
SA-000615,judge_3,Refuted,Refuted,Refuted,False,False,False,False,False,False,False,False,False,False,False,-1,False
SA-000615,judge_4,Refuted,Refuted,Refuted,False,False,False,False,False,False,False,False,False,False,False,2,False
SA-000615,judge_5,Refuted,Refuted,Refuted,False,False,False,False,False,False,False,False,False,False,False,-1,False
SA-000616,judge_1,Ambiguous,Ambiguous,Supported,True,True,False,False,True,False,False,False,False,True,True,16,True
SA-000616,judge_2,Supported,Ambiguous,Supported,False,True,False,False,True,False,False,False,True,True,False,-8,False
SA-000616,judge_3,Supported,Supported,Supported,False,False,False,False,False,False,False,False,False,False,False,2,False
SA-000616,judge_4,Supported,Ambiguous,Supported,False,True,False,False,True,False,False,False,True,True,False,6,False
SA-000616,judge_5,Ambiguous,Supported,Supported,True,False,False,True,False,False,False,False,True,False,True,22,True
SA-000617,judge_1,Supported,Supported,Supported,False,False,False,False,False,False,False,False,False,False,False,10,True
SA-000617,judge_2,Supported,Supported,Supported,False,False,False,False,False,False,False,False,False,False,False,13,True
SA-000617,judge_3,Supported,Supported,Supported,False,False,False,False,False,False,False,False,False,False,False,10,True
SA-000617,judge_4,Supported,Supported,Supported,False,False,False,False,False,False,False,False,False,False,False,15,True
SA-000617,judge_5,Ambiguous,Supported,Supported,True,False,False,True,False,False,False,False,True,False,True,43,True
SA-000618,judge_1,Supported,Supported,Supported,False,False,False,False,False,False,False,False,False,False,False,7,True
SA-000618,judge_2,Supported,Supported,Supported,False,False,False,False,False,False,False,False,False,False,False,7,True
SA-000618,judge_3,Supported,Supported,Supported,False,False,False,False,False,False,False,False,False,False,False,7,True
SA-000618,judge_4,Supported,Supported,Supported,False,False,False,False,False,False,False,False,False,False,False,9,True
SA-000618,judge_5,Ambiguous,Supported,Supported,True,False,False,True,False,False,False,False,True,False,True,40,True
SA-000619,judge_1,Ambiguous,Ambiguous,Ambiguous,True,True,True,False,False,True,False,False,False,False,False,-10,False
SA-000619,judge_2,Ambiguous,Refuted,Supported,True,False,False,True,False,False,False,True,True,True,True,2,True
SA-000619,judge_3,Ambiguous,Ambiguous,Ambiguous,True,True,True,False,False,True,False,False,False,False,False,2,False
SA-000619,judge_4,Ambiguous,Ambiguous,Ambiguous,True,True,True,False,False,True,False,False,False,False,False,-8,False
SA-000619,judge_5,Ambiguous,Ambiguous,Ambiguous,True,True,True,False,False,True,False,False,False,False,False,6,False
SA-000620,judge_1,Supported,Supported,Supported,False,False,False,False,False,False,False,False,False,False,False,0,False
SA-000620,judge_2,Supported,Supported,Supported,False,False,False,False,False,False,False,False,False,False,False,-3,False
SA-000620,judge_3,Supported,Supported,Supported,False,False,False,False,False,False,False,False,False,False,False,0,False
SA-000620,judge_4,Supported,Supported,Supported,False,False,False,False,False,False,False,False,False,False,False,2,False
SA-000620,judge_5,Supported,Supported,Supported,False,False,False,False,False,False,False,False,False,False,False,-2,False
SA-000621,judge_1,Supported,Supported,Supported,False,False,False,False,False,False,False,False,False,False,False,-1,False
SA-000621,judge_2,Supported,Supported,Supported,False,False,False,False,False,False,False,False,False,False,False,8,False
SA-000621,judge_3,Supported,Supported,Supported,False,False,False,False,False,False,False,False,False,False,False,0,False
SA-000621,judge_4,Supported,Supported,Supported,False,False,False,False,False,False,False,False,False,False,False,-4,False
SA-000621,judge_5,Supported,Supported,Supported,False,False,False,False,False,False,False,False,False,False,False,-9,False
SA-000622,judge_1,Supported,Supported,Supported,False,False,False,False,False,False,False,False,False,False,False,2,False
SA-000622,judge_2,Supported,Supported,Supported,False,False,False,False,False,False,False,False,False,False,False,5,False
SA-000622,judge_3,Supported,Supported,Supported,False,False,False,False,False,False,False,False,False,False,False,0,False
SA-000622,judge_4,Ambiguous,Supported,Supported,True,False,False,True,False,False,False,False,True,False,True,11,True
SA-000622,judge_5,Supported,Supported,Ambiguous,False,False,True,False,False,True,False,False,False,True,True,-21,False
SA-000623,judge_1,Refuted,Refuted,Refuted,False,False,False,False,False,False,False,False,False,False,False,4,False
SA-000623,judge_2,Refuted,Refuted,Refuted,False,False,False,False,False,False,False,False,False,False,False,7,True
SA-000623,judge_3,Refuted,Refuted,Refuted,False,False,False,False,False,False,False,False,False,False,False,7,True
SA-000623,judge_4,Refuted,Refuted,Refuted,False,False,False,False,False,False,False,False,False,False,False,1,False
SA-000623,judge_5,Refuted,Refuted,Refuted,False,False,False,False,False,False,False,False,False,False,False,13,True
SA-000624,judge_1,Supported,Supported,Supported,False,False,False,False,False,False,False,False,False,False,False,9,True
SA-000624,judge_2,Supported,Supported,Supported,False,False,False,False,False,False,False,False,False,False,False,11,True
SA-000624,judge_3,Supported,Supported,Supported,False,False,False,False,False,False,False,False,False,False,False,8,True
SA-000624,judge_4,Supported,Supported,Supported,False,False,False,False,False,False,False,False,False,False,False,8,True
SA-000624,judge_5,Ambiguous,Supported,Supported,True,False,False,True,False,False,False,False,True,False,True,41,True
SA-000625,judge_1,Refuted,Refuted,Refuted,False,False,False,False,False,False,False,False,False,False,False,-1,False
SA-000625,judge_2,Refuted,Refuted,Refuted,False,False,False,False,False,False,False,False,False,False,False,-1,False
SA-000625,judge_3,Refuted,Refuted,Refuted,False,False,False,False,False,False,False,False,False,False,False,0,False
SA-000625,judge_4,Refuted,Refuted,Refuted,False,False,False,False,False,False,False,False,False,False,False,1,False
SA-000625,judge_5,Refuted,Refuted,Refuted,False,False,False,False,False,False,False,False,False,False,False,2,False
SA-000626,judge_1,Ambiguous,Ambiguous,Ambiguous,True,True,True,False,False,True,False,False,False,False,False,0,False
SA-000626,judge_2,Ambiguous,Ambiguous,Ambiguous,True,True,True,False,False,True,False,False,False,False,False,-17,False
SA-000626,judge_3,Ambiguous,Ambiguous,Refuted,True,True,False,False,True,False,False,False,False,True,True,20,True
SA-000626,judge_4,Ambiguous,Ambiguous,Ambiguous,True,True,True,False,False,True,False,False,False,False,False,-11,False
SA-000626,judge_5,Ambiguous,Ambiguous,Ambiguous,True,True,True,False,False,True,False,False,False,False,False,-1,False
SA-000627,judge_1,Ambiguous,Ambiguous,Refuted,True,True,False,False,True,False,False,False,False,True,True,8,True
SA-000627,judge_2,Ambiguous,Ambiguous,Ambiguous,True,True,True,False,False,True,False,False,False,False,False,-16,False
SA-000627,judge_3,Ambiguous,Ambiguous,Refuted,True,True,False,False,True,False,False,False,False,True,True,19,True
SA-000627,judge_4,Ambiguous,Ambiguous,Refuted,True,True,False,False,True,False,False,False,False,True,True,6,True
SA-000627,judge_5,Refuted,Ambiguous,Refuted,False,True,False,False,True,False,False,False,True,True,False,-6,False
SA-000628,judge_1,Supported,Supported,Supported,False,False,False,False,False,False,False,False,False,False,False,3,False
SA-000628,judge_2,Supported,Supported,Supported,False,False,False,False,False,False,False,False,False,False,False,8,True
SA-000628,judge_3,Supported,Supported,Supported,False,False,False,False,False,False,False,False,False,False,False,6,True
SA-000628,judge_4,Supported,Supported,Supported,False,False,False,False,False,False,False,False,False,False,False,9,True
SA-000628,judge_5,Ambiguous,Supported,Supported,True,False,False,True,False,False,False,False,True,False,True,36,True
SA-000629,judge_1,Supported,Supported,Supported,False,False,False,False,False,False,False,False,False,False,False,-1,False
SA-000629,judge_2,Supported,Supported,Supported,False,False,False,False,False,False,False,False,False,False,False,0,False
SA-000629,judge_3,Supported,Supported,Supported,False,False,False,False,False,False,False,False,False,False,False,0,False
SA-000629,judge_4,Supported,Supported,Supported,False,False,False,False,False,False,False,False,False,False,False,0,False
SA-000629,judge_5,Supported,Supported,Supported,False,False,False,False,False,False,False,False,False,False,False,-3,False
SA-000630,judge_1,Supported,Supported,Supported,False,False,False,False,False,False,False,False,False,False,False,-1,False
SA-000630,judge_2,Supported,Supported,Supported,False,False,False,False,False,False,False,False,False,False,False,0,False
SA-000630,judge_3,Supported,Supported,Supported,False,False,False,False,False,False,False,False,False,False,False,0,False
SA-000630,judge_4,Supported,Supported,Supported,False,False,False,False,False,False,False,False,False,False,False,2,False
SA-000630,judge_5,Supported,Supported,Supported,False,False,False,False,False,False,False,False,False,False,False,0,False
SA-000631,judge_1,Ambiguous,Ambiguous,Ambiguous,True,True,True,False,False,True,False,False,False,False,False,-4,False
SA-000631,judge_2,Ambiguous,Ambiguous,Ambiguous,True,True,True,False,False,True,False,False,False,False,False,-15,False
SA-000631,judge_3,Ambiguous,Ambiguous,Ambiguous,True,True,True,False,False,True,False,False,False,False,False,3,False
SA-000631,judge_4,Ambiguous,Ambiguous,Ambiguous,True,True,True,False,False,True,False,False,False,False,False,-11,False
SA-000631,judge_5,Ambiguous,Ambiguous,Ambiguous,True,True,True,False,False,True,False,False,False,False,False,5,False
SA-000632,judge_1,Supported,Supported,Supported,False,False,False,False,False,False,False,False,False,False,False,4,False
SA-000632,judge_2,Supported,Supported,Supported,False,False,False,False,False,False,False,False,False,False,False,2,False
SA-000632,judge_3,Ambiguous,Supported,Supported,True,False,False,True,False,False,False,False,True,False,True,21,True
SA-000632,judge_4,Ambiguous,Supported,Supported,True,False,False,True,False,False,False,False,True,False,True,10,True
SA-000632,judge_5,Ambiguous,Supported,Supported,True,False,False,True,False,False,False,False,True,False,True,26,True
SA-000633,judge_1,Refuted,Refuted,Refuted,False,False,False,False,False,False,False,False,False,False,False,0,False
SA-000633,judge_2,Refuted,Refuted,Refuted,False,False,False,False,False,False,False,False,False,False,False,7,True
SA-000633,judge_3,Ambiguous,Refuted,Refuted,True,False,False,True,False,False,False,False,True,False,True,37,True
SA-000633,judge_4,Refuted,Refuted,Refuted,False,False,False,False,False,False,False,False,False,False,False,-8,False
SA-000633,judge_5,Ambiguous,Refuted,Refuted,True,False,False,True,False,False,False,False,True,False,True,46,True
SA-000634,judge_1,Supported,Supported,Supported,False,False,False,False,False,False,False,False,False,False,False,9,True
SA-000634,judge_2,Supported,Supported,Supported,False,False,False,False,False,False,False,False,False,False,False,9,True
SA-000634,judge_3,Supported,Supported,Supported,False,False,False,False,False,False,False,False,False,False,False,8,True
SA-000634,judge_4,Supported,Supported,Supported,False,False,False,False,False,False,False,False,False,False,False,9,True
SA-000634,judge_5,Ambiguous,Supported,Supported,True,False,False,True,False,False,False,False,True,False,True,41,True
SA-000635,judge_1,Refuted,Refuted,Refuted,False,False,False,False,False,False,False,False,False,False,False,-1,False
SA-000635,judge_2,Refuted,Refuted,Refuted,False,False,False,False,False,False,False,False,False,False,False,0,False
SA-000635,judge_3,Refuted,Refuted,Refuted,False,False,False,False,False,False,False,False,False,False,False,1,False
SA-000635,judge_4,Refuted,Refuted,Refuted,False,False,False,False,False,False,False,False,False,False,False,1,False
SA-000635,judge_5,Refuted,Refuted,Refuted,False,False,False,False,False,False,False,False,False,False,False,-1,False
SA-000636,judge_1,Ambiguous,Supported,Supported,True,False,False,True,False,False,False,False,True,False,True,10,True
SA-000636,judge_2,Ambiguous,Ambiguous,Ambiguous,True,True,True,False,False,True,False,False,False,False,False,-10,False
SA-000636,judge_3,Ambiguous,Supported,Supported,True,False,False,True,False,False,False,False,True,False,True,18,True
SA-000636,judge_4,Supported,Ambiguous,Ambiguous,False,True,True,False,False,True,False,False,True,False,True,-18,False
SA-000636,judge_5,Ambiguous,Ambiguous,Ambiguous,True,True,True,False,False,True,False,False,False,False,False,-2,False
SA-000637,judge_1,Ambiguous,Ambiguous,Ambiguous,True,True,True,False,False,True,False,False,False,False,False,-15,False
SA-000637,judge_2,Ambiguous,Ambiguous,Ambiguous,True,True,True,False,False,True,False,False,False,False,False,-25,True
SA-000637,judge_3,Ambiguous,Ambiguous,Ambiguous,True,True,True,False,False,True,False,False,False,False,False,1,False
SA-000637,judge_4,Ambiguous,Ambiguous,Ambiguous,True,True,True,False,False,True,False,False,False,False,False,-10,False
SA-000637,judge_5,Ambiguous,Ambiguous,Ambiguous,True,True,True,False,False,True,False,False,False,False,False,-8,False
SA-000638,judge_1,Refuted,Refuted,Refuted,False,False,False,False,False,False,False,False,False,False,False,-5,False
SA-000638,judge_2,Refuted,Refuted,Refuted,False,False,False,False,False,False,False,False,False,False,False,0,False
SA-000638,judge_3,Refuted,Refuted,Refuted,False,False,False,False,False,False,False,False,False,False,False,5,False
SA-000638,judge_4,Refuted,Refuted,Refuted,False,False,False,False,False,False,False,False,False,False,False,-1,False
SA-000638,judge_5,Refuted,Refuted,Refuted,False,False,False,False,False,False,False,False,False,False,False,2,False
SA-000639,judge_1,Refuted,Refuted,Refuted,False,False,False,False,False,False,False,False,False,False,False,-9,False
SA-000639,judge_2,Refuted,Refuted,Refuted,False,False,False,False,False,False,False,False,False,False,False,0,False
SA-000639,judge_3,Refuted,Refuted,Refuted,False,False,False,False,False,False,False,False,False,False,False,1,False
SA-000639,judge_4,Refuted,Refuted,Refuted,False,False,False,False,False,False,False,False,False,False,False,1,False
SA-000639,judge_5,Refuted,Refuted,Refuted,False,False,False,False,False,False,False,False,False,False,False,0,False
SA-000640,judge_1,Refuted,Refuted,Refuted,False,False,False,False,False,False,False,False,False,False,False,-1,False
SA-000640,judge_2,Refuted,Refuted,Refuted,False,False,False,False,False,False,False,False,False,False,False,-1,False
SA-000640,judge_3,Refuted,Refuted,Refuted,False,False,False,False,False,False,False,False,False,False,False,0,False
SA-000640,judge_4,Refuted,Refuted,Refuted,False,False,False,False,False,False,False,False,False,False,False,0,False
SA-000640,judge_5,Refuted,Refuted,Refuted,False,False,False,False,False,False,False,False,False,False,False,-2,False
SA-000641,judge_1,Ambiguous,Refuted,Refuted,True,False,False,True,False,False,False,False,True,False,True,7,True
SA-000641,judge_2,Ambiguous,Ambiguous,Refuted,True,True,False,False,True,False,False,False,False,True,True,10,True
SA-000641,judge_3,Ambiguous,Refuted,Refuted,True,False,False,True,False,False,False,False,True,False,True,28,True
SA-000641,judge_4,Ambiguous,Ambiguous,Ambiguous,True,True,True,False,False,True,False,False,False,False,False,0,False
SA-000641,judge_5,Ambiguous,Refuted,Ambiguous,True,False,True,True,False,True,False,False,True,True,False,10,True
SA-000642,judge_1,Supported,Supported,Supported,False,False,False,False,False,False,False,False,False,False,False,-2,False
SA-000642,judge_2,Supported,Supported,Supported,False,False,False,False,False,False,False,False,False,False,False,1,False
SA-000642,judge_3,Supported,Supported,Supported,False,False,False,False,False,False,False,False,False,False,False,0,False
SA-000642,judge_4,Supported,Supported,Supported,False,False,False,False,False,False,False,False,False,False,False,0,False
SA-000642,judge_5,Supported,Supported,Supported,False,False,False,False,False,False,False,False,False,False,False,-1,False
SA-000643,judge_1,Refuted,Ambiguous,Ambiguous,False,True,True,False,False,True,False,False,True,False,True,-16,False
SA-000643,judge_2,Refuted,Refuted,Refuted,False,False,False,False,False,False,False,False,False,False,False,-7,False
SA-000643,judge_3,Refuted,Ambiguous,Ambiguous,False,True,True,False,False,True,False,False,True,False,True,-14,False
SA-000643,judge_4,Refuted,Refuted,Refuted,False,False,False,False,False,False,False,False,False,False,False,-4,False
SA-000643,judge_5,Refuted,Ambiguous,Refuted,False,True,False,False,True,False,False,False,True,True,False,-2,False
SA-000644,judge_1,Refuted,Refuted,Refuted,False,False,False,False,False,False,False,False,False,False,False,-3,False
SA-000644,judge_2,Refuted,Refuted,Refuted,False,False,False,False,False,False,False,False,False,False,False,0,False
SA-000644,judge_3,Refuted,Refuted,Refuted,False,False,False,False,False,False,False,False,False,False,False,0,False
SA-000644,judge_4,Refuted,Refuted,Refuted,False,False,False,False,False,False,False,False,False,False,False,2,False
SA-000644,judge_5,Refuted,Refuted,Refuted,False,False,False,False,False,False,False,False,False,False,False,0,False
SA-000645,judge_1,Refuted,Refuted,Refuted,False,False,False,False,False,False,False,False,False,False,False,-1,False
SA-000645,judge_2,Refuted,Refuted,Refuted,False,False,False,False,False,False,False,False,False,False,False,0,False
SA-000645,judge_3,Refuted,Refuted,Refuted,False,False,False,False,False,False,False,False,False,False,False,-1,False
SA-000645,judge_4,Refuted,Refuted,Refuted,False,False,False,False,False,False,False,False,False,False,False,1,False
SA-000645,judge_5,Refuted,Refuted,Refuted,False,False,False,False,False,False,False,False,False,False,False,-3,False
SA-000646,judge_1,Refuted,Refuted,Refuted,False,False,False,False,False,False,False,False,False,False,False,0,False
SA-000646,judge_2,Refuted,Refuted,Refuted,False,False,False,False,False,False,False,False,False,False,False,0,False
SA-000646,judge_3,Refuted,Refuted,Refuted,False,False,False,False,False,False,False,False,False,False,False,0,False
SA-000646,judge_4,Refuted,Refuted,Refuted,False,False,False,False,False,False,False,False,False,False,False,1,False
SA-000646,judge_5,Refuted,Refuted,Refuted,False,False,False,False,False,False,False,False,False,False,False,-4,False
SA-000647,judge_1,Supported,Supported,Supported,False,False,False,False,False,False,False,False,False,False,False,-3,False
SA-000647,judge_2,Supported,Supported,Supported,False,False,False,False,False,False,False,False,False,False,False,-3,False
SA-000647,judge_3,Supported,Supported,Supported,False,False,False,False,False,False,False,False,False,False,False,3,False
SA-000647,judge_4,Supported,Supported,Supported,False,False,False,False,False,False,False,False,False,False,False,-6,False
SA-000647,judge_5,Supported,Supported,Supported,False,False,False,False,False,False,False,False,False,False,False,-4,False
SA-000648,judge_1,Supported,Supported,Supported,False,False,False,False,False,False,False,False,False,False,False,4,False
SA-000648,judge_2,Supported,Supported,Supported,False,False,False,False,False,False,False,False,False,False,False,-4,False
SA-000648,judge_3,Supported,Supported,Supported,False,False,False,False,False,False,False,False,False,False,False,2,False
SA-000648,judge_4,Supported,Supported,Supported,False,False,False,False,False,False,False,False,False,False,False,1,False
SA-000648,judge_5,Ambiguous,Supported,Supported,True,False,False,True,False,False,False,False,True,False,True,29,True
SA-000649,judge_1,Ambiguous,Refuted,Refuted,True,False,False,True,False,False,False,False,True,False,True,8,True
SA-000649,judge_2,Refuted,Refuted,Refuted,False,False,False,False,False,False,False,False,False,False,False,-2,False
SA-000649,judge_3,Refuted,Refuted,Refuted,False,False,False,False,False,False,False,False,False,False,False,5,False
SA-000649,judge_4,Ambiguous,Ambiguous,Refuted,True,True,False,False,True,False,False,False,False,True,True,7,True
SA-000649,judge_5,Refuted,Refuted,Refuted,False,False,False,False,False,False,False,False,False,False,False,-5,False
SA-000650,judge_1,Supported,Supported,Supported,False,False,False,False,False,False,False,False,False,False,False,0,False
SA-000650,judge_2,Supported,Supported,Supported,False,False,False,False,False,False,False,False,False,False,False,1,False
SA-000650,judge_3,Supported,Supported,Supported,False,False,False,False,False,False,False,False,False,False,False,0,False
SA-000650,judge_4,Supported,Supported,Supported,False,False,False,False,False,False,False,False,False,False,False,2,False
SA-000650,judge_5,Supported,Supported,Supported,False,False,False,False,False,False,False,False,False,False,False,-5,False
SA-000651,judge_1,Refuted,Refuted,Refuted,False,False,False,False,False,False,False,False,False,False,False,4,False
SA-000651,judge_2,Refuted,Refuted,Refuted,False,False,False,False,False,False,False,False,False,False,False,0,False
SA-000651,judge_3,Refuted,Refuted,Refuted,False,False,False,False,False,False,False,False,False,False,False,6,True
SA-000651,judge_4,Refuted,Refuted,Refuted,False,False,False,False,False,False,False,False,False,False,False,0,False
SA-000651,judge_5,Refuted,Refuted,Refuted,False,False,False,False,False,False,False,False,False,False,False,5,True
SA-000652,judge_1,Supported,Supported,Supported,False,False,False,False,False,False,False,False,False,False,False,-2,False
SA-000652,judge_2,Supported,Supported,Supported,False,False,False,False,False,False,False,False,False,False,False,1,False
SA-000652,judge_3,Supported,Supported,Supported,False,False,False,False,False,False,False,False,False,False,False,0,False
SA-000652,judge_4,Supported,Supported,Supported,False,False,False,False,False,False,False,False,False,False,False,-1,False
SA-000652,judge_5,Supported,Supported,Supported,False,False,False,False,False,False,False,False,False,False,False,-1,False
SA-000653,judge_1,Supported,Supported,Supported,False,False,False,False,False,False,False,False,False,False,False,0,False
SA-000653,judge_2,Supported,Supported,Supported,False,False,False,False,False,False,False,False,False,False,False,1,False
SA-000653,judge_3,Supported,Supported,Supported,False,False,False,False,False,False,False,False,False,False,False,0,False
SA-000653,judge_4,Supported,Supported,Supported,False,False,False,False,False,False,False,False,False,False,False,2,False
SA-000653,judge_5,Supported,Supported,Supported,False,False,False,False,False,False,False,False,False,False,False,0,False
SA-000654,judge_1,Supported,Supported,Supported,False,False,False,False,False,False,False,False,False,False,False,4,True
SA-000654,judge_2,Supported,Supported,Supported,False,False,False,False,False,False,False,False,False,False,False,8,True
SA-000654,judge_3,Supported,Supported,Supported,False,False,False,False,False,False,False,False,False,False,False,13,True
SA-000654,judge_4,Supported,Supported,Supported,False,False,False,False,False,False,False,False,False,False,False,10,True
SA-000654,judge_5,Ambiguous,Supported,Supported,True,False,False,True,False,False,False,False,True,False,True,35,True
SA-000655,judge_1,Supported,Supported,Supported,False,False,False,False,False,False,False,False,False,False,False,0,False
SA-000655,judge_2,Supported,Supported,Supported,False,False,False,False,False,False,False,False,False,False,False,1,False
SA-000655,judge_3,Supported,Supported,Supported,False,False,False,False,False,False,False,False,False,False,False,1,False
SA-000655,judge_4,Supported,Supported,Supported,False,False,False,False,False,False,False,False,False,False,False,2,False
SA-000655,judge_5,Supported,Supported,Supported,False,False,False,False,False,False,False,False,False,False,False,-4,False
SA-000656,judge_1,Supported,Supported,Supported,False,False,False,False,False,False,False,False,False,False,False,0,False
SA-000656,judge_2,Supported,Supported,Supported,False,False,False,False,False,False,False,False,False,False,False,0,False
SA-000656,judge_3,Supported,Supported,Supported,False,False,False,False,False,False,False,False,False,False,False,0,False
SA-000656,judge_4,Supported,Supported,Supported,False,False,False,False,False,False,False,False,False,False,False,1,False
SA-000656,judge_5,Supported,Supported,Supported,False,False,False,False,False,False,False,False,False,False,False,-2,False
SA-000657,judge_1,Ambiguous,Ambiguous,Ambiguous,True,True,True,False,False,True,False,False,False,False,False,-10,False
SA-000657,judge_2,Ambiguous,Ambiguous,Ambiguous,True,True,True,False,False,True,False,False,False,False,False,-35,False
SA-000657,judge_3,Ambiguous,Ambiguous,Ambiguous,True,True,True,False,False,True,False,False,False,False,False,0,False
SA-000657,judge_4,Ambiguous,Ambiguous,Ambiguous,True,True,True,False,False,True,False,False,False,False,False,-10,False
SA-000657,judge_5,Ambiguous,Ambiguous,Ambiguous,True,True,True,False,False,True,False,False,False,False,False,26,False
SA-000658,judge_1,Supported,Supported,Supported,False,False,False,False,False,False,False,False,False,False,False,6,True
SA-000658,judge_2,Supported,Supported,Supported,False,False,False,False,False,False,False,False,False,False,False,6,True
SA-000658,judge_3,Supported,Supported,Supported,False,False,False,False,False,False,False,False,False,False,False,9,True
SA-000658,judge_4,Supported,Supported,Supported,False,False,False,False,False,False,False,False,False,False,False,10,True
SA-000658,judge_5,Ambiguous,Supported,Supported,True,False,False,True,False,False,False,False,True,False,True,36,True
SA-000659,judge_1,Refuted,Ambiguous,Refuted,False,True,False,False,True,False,False,False,True,True,False,-13,False
SA-000659,judge_2,Ambiguous,Refuted,Refuted,True,False,False,True,False,False,False,False,True,False,True,1,True
SA-000659,judge_3,Refuted,Refuted,Refuted,False,False,False,False,False,False,False,False,False,False,False,-3,False
SA-000659,judge_4,Refuted,Ambiguous,Ambiguous,False,True,True,False,False,True,False,False,True,False,True,-24,False
SA-000659,judge_5,Refuted,Ambiguous,Refuted,False,True,False,False,True,False,False,False,True,True,False,6,False
SA-000660,judge_1,Ambiguous,Ambiguous,Refuted,True,True,False,False,True,False,False,False,False,True,True,4,True
SA-000660,judge_2,Ambiguous,Ambiguous,Ambiguous,True,True,True,False,False,True,False,False,False,False,False,-20,False
SA-000660,judge_3,Ambiguous,Ambiguous,Refuted,True,True,False,False,True,False,False,False,False,True,True,22,True
SA-000660,judge_4,Ambiguous,Ambiguous,Ambiguous,True,True,True,False,False,True,False,False,False,False,False,-7,False
SA-000660,judge_5,Ambiguous,Ambiguous,Ambiguous,True,True,True,False,False,True,False,False,False,False,False,2,False
SA-000661,judge_1,Supported,Supported,Supported,False,False,False,False,False,False,False,False,False,False,False,6,True
SA-000661,judge_2,Supported,Supported,Supported,False,False,False,False,False,False,False,False,False,False,False,13,True
SA-000661,judge_3,Supported,Supported,Supported,False,False,False,False,False,False,False,False,False,False,False,14,True
SA-000661,judge_4,Supported,Supported,Supported,False,False,False,False,False,False,False,False,False,False,False,14,True
SA-000661,judge_5,Ambiguous,Supported,Supported,True,False,False,True,False,False,False,False,True,False,True,41,True
SA-000662,judge_1,Refuted,Ambiguous,Ambiguous,False,True,True,False,False,True,False,False,True,False,True,-21,False
SA-000662,judge_2,Refuted,Refuted,Ambiguous,False,False,True,False,False,True,False,False,False,True,True,-52,False
SA-000662,judge_3,Ambiguous,Ambiguous,Refuted,True,True,False,False,True,False,False,False,False,True,True,26,True
SA-000662,judge_4,Ambiguous,Ambiguous,Ambiguous,True,True,True,False,False,True,False,False,False,False,False,-14,False
SA-000662,judge_5,Ambiguous,Refuted,Ambiguous,True,False,True,True,False,True,False,False,True,True,False,-3,False
SA-000663,judge_1,Ambiguous,Ambiguous,Ambiguous,True,True,True,False,False,True,False,False,False,False,False,-5,False
SA-000663,judge_2,Ambiguous,Ambiguous,Supported,True,True,False,False,True,False,False,False,False,True,True,-4,True
SA-000663,judge_3,Ambiguous,Ambiguous,Ambiguous,True,True,True,False,False,True,False,False,False,False,False,0,False
SA-000663,judge_4,Ambiguous,Ambiguous,Ambiguous,True,True,True,False,False,True,False,False,False,False,False,-9,False
SA-000663,judge_5,Ambiguous,Ambiguous,Ambiguous,True,True,True,False,False,True,False,False,False,False,False,3,False
SA-000664,judge_1,Refuted,Refuted,Refuted,False,False,False,False,False,False,False,False,False,False,False,0,False
SA-000664,judge_2,Refuted,Refuted,Refuted,False,False,False,False,False,False,False,False,False,False,False,5,True
SA-000664,judge_3,Refuted,Refuted,Refuted,False,False,False,False,False,False,False,False,False,False,False,4,True
SA-000664,judge_4,Refuted,Refuted,Refuted,False,False,False,False,False,False,False,False,False,False,False,1,False
SA-000664,judge_5,Refuted,Refuted,Refuted,False,False,False,False,False,False,False,False,False,False,False,4,True
SA-000665,judge_1,Refuted,Refuted,Refuted,False,False,False,False,False,False,False,False,False,False,False,0,False
SA-000665,judge_2,Refuted,Refuted,Refuted,False,False,False,False,False,False,False,False,False,False,False,7,True
SA-000665,judge_3,Refuted,Refuted,Refuted,False,False,False,False,False,False,False,False,False,False,False,6,True
SA-000665,judge_4,Refuted,Refuted,Refuted,False,False,False,False,False,False,False,False,False,False,False,3,False
SA-000665,judge_5,Refuted,Refuted,Refuted,False,False,False,False,False,False,False,False,False,False,False,9,True
SA-000666,judge_1,Ambiguous,Ambiguous,Supported,True,True,False,False,True,False,False,False,False,True,True,-4,True
SA-000666,judge_2,Ambiguous,Ambiguous,Supported,True,True,False,False,True,False,False,False,False,True,True,-10,True
SA-000666,judge_3,Ambiguous,Ambiguous,Supported,True,True,False,False,True,False,False,False,False,True,True,30,True
SA-000666,judge_4,Ambiguous,Ambiguous,Supported,True,True,False,False,True,False,False,False,False,True,True,0,True
SA-000666,judge_5,Ambiguous,Ambiguous,Supported,True,True,False,False,True,False,False,False,False,True,True,38,True
SA-000667,judge_1,Refuted,Refuted,Refuted,False,False,False,False,False,False,False,False,False,False,False,-2,False
SA-000667,judge_2,Refuted,Refuted,Refuted,False,False,False,False,False,False,False,False,False,False,False,-1,False
SA-000667,judge_3,Refuted,Refuted,Refuted,False,False,False,False,False,False,False,False,False,False,False,1,False
SA-000667,judge_4,Refuted,Refuted,Refuted,False,False,False,False,False,False,False,False,False,False,False,-1,False
SA-000667,judge_5,Refuted,Refuted,Refuted,False,False,False,False,False,False,False,False,False,False,False,-1,False
SA-000668,judge_1,Supported,Supported,Supported,False,False,False,False,False,False,False,False,False,False,False,-2,False
SA-000668,judge_2,Supported,Supported,Supported,False,False,False,False,False,False,False,False,False,False,False,2,False
SA-000668,judge_3,Supported,Supported,Supported,False,False,False,False,False,False,False,False,False,False,False,1,False
SA-000668,judge_4,Supported,Supported,Supported,False,False,False,False,False,False,False,False,False,False,False,0,False
SA-000668,judge_5,Supported,Supported,Supported,False,False,False,False,False,False,False,False,False,False,False,-2,False
SA-000669,judge_1,Refuted,Refuted,Refuted,False,False,False,False,False,False,False,False,False,False,False,-1,False
SA-000669,judge_2,Refuted,Refuted,Refuted,False,False,False,False,False,False,False,False,False,False,False,5,True
SA-000669,judge_3,Refuted,Refuted,Refuted,False,False,False,False,False,False,False,False,False,False,False,6,True
SA-000669,judge_4,Refuted,Refuted,Refuted,False,False,False,False,False,False,False,False,False,False,False,3,False
SA-000669,judge_5,Refuted,Refuted,Refuted,False,False,False,False,False,False,False,False,False,False,False,7,True
SA-000670,judge_1,Supported,Supported,Supported,False,False,False,False,False,False,False,False,False,False,False,0,False
SA-000670,judge_2,Supported,Supported,Supported,False,False,False,False,False,False,False,False,False,False,False,1,False
SA-000670,judge_3,Supported,Supported,Supported,False,False,False,False,False,False,False,False,False,False,False,7,True
SA-000670,judge_4,Supported,Supported,Supported,False,False,False,False,False,False,False,False,False,False,False,6,True
SA-000670,judge_5,Ambiguous,Supported,Supported,True,False,False,True,False,False,False,False,True,False,True,39,True
SA-000671,judge_1,Refuted,Refuted,Refuted,False,False,False,False,False,False,False,False,False,False,False,-1,False
SA-000671,judge_2,Refuted,Refuted,Refuted,False,False,False,False,False,False,False,False,False,False,False,-3,False
SA-000671,judge_3,Refuted,Refuted,Refuted,False,False,False,False,False,False,False,False,False,False,False,1,False
SA-000671,judge_4,Refuted,Refuted,Refuted,False,False,False,False,False,False,False,False,False,False,False,2,False
SA-000671,judge_5,Refuted,Refuted,Refuted,False,False,False,False,False,False,False,False,False,False,False,2,True
SA-000672,judge_1,Supported,Supported,Supported,False,False,False,False,False,False,False,False,False,False,False,0,False
SA-000672,judge_2,Supported,Supported,Supported,False,False,False,False,False,False,False,False,False,False,False,7,True
SA-000672,judge_3,Supported,Supported,Supported,False,False,False,False,False,False,False,False,False,False,False,8,True
SA-000672,judge_4,Supported,Supported,Supported,False,False,False,False,False,False,False,False,False,False,False,8,True
SA-000672,judge_5,Supported,Supported,Supported,False,False,False,False,False,False,False,False,False,False,False,0,False
SA-000673,judge_1,Refuted,Refuted,Refuted,False,False,False,False,False,False,False,False,False,False,False,3,False
SA-000673,judge_2,Refuted,Refuted,Refuted,False,False,False,False,False,False,False,False,False,False,False,5,True
SA-000673,judge_3,Refuted,Refuted,Refuted,False,False,False,False,False,False,False,False,False,False,False,7,True
SA-000673,judge_4,Refuted,Refuted,Refuted,False,False,False,False,False,False,False,False,False,False,False,1,False
SA-000673,judge_5,Refuted,Refuted,Refuted,False,False,False,False,False,False,False,False,False,False,False,11,True
SA-000674,judge_1,Supported,Supported,Supported,False,False,False,False,False,False,False,False,False,False,False,2,False
SA-000674,judge_2,Supported,Supported,Supported,False,False,False,False,False,False,False,False,False,False,False,6,True
SA-000674,judge_3,Supported,Supported,Supported,False,False,False,False,False,False,False,False,False,False,False,8,True
SA-000674,judge_4,Supported,Supported,Supported,False,False,False,False,False,False,False,False,False,False,False,7,True
SA-000674,judge_5,Ambiguous,Supported,Supported,True,False,False,True,False,False,False,False,True,False,True,36,True
SA-000675,judge_1,Supported,Supported,Supported,False,False,False,False,False,False,False,False,False,False,False,-3,False
SA-000675,judge_2,Supported,Supported,Supported,False,False,False,False,False,False,False,False,False,False,False,5,True
SA-000675,judge_3,Supported,Supported,Supported,False,False,False,False,False,False,False,False,False,False,False,6,True
SA-000675,judge_4,Supported,Supported,Supported,False,False,False,False,False,False,False,False,False,False,False,3,False
SA-000675,judge_5,Supported,Supported,Supported,False,False,False,False,False,False,False,False,False,False,False,-4,False
SA-000676,judge_1,Refuted,Refuted,Refuted,False,False,False,False,False,False,False,False,False,False,False,1,False
SA-000676,judge_2,Refuted,Refuted,Refuted,False,False,False,False,False,False,False,False,False,False,False,2,True
SA-000676,judge_3,Refuted,Refuted,Refuted,False,False,False,False,False,False,False,False,False,False,False,3,True
SA-000676,judge_4,Refuted,Refuted,Refuted,False,False,False,False,False,False,False,False,False,False,False,4,False
SA-000676,judge_5,Refuted,Refuted,Refuted,False,False,False,False,False,False,False,False,False,False,False,6,True
SA-000677,judge_1,Supported,Supported,Supported,False,False,False,False,False,False,False,False,False,False,False,2,False
SA-000677,judge_2,Supported,Supported,Supported,False,False,False,False,False,False,False,False,False,False,False,2,False
SA-000677,judge_3,Supported,Supported,Supported,False,False,False,False,False,False,False,False,False,False,False,0,False
SA-000677,judge_4,Ambiguous,Supported,Supported,True,False,False,True,False,False,False,False,True,False,True,11,True
SA-000677,judge_5,Supported,Supported,Ambiguous,False,False,True,False,False,True,False,False,False,True,True,-21,False
SA-000678,judge_1,Supported,Supported,Supported,False,False,False,False,False,False,False,False,False,False,False,-8,False
SA-000678,judge_2,Supported,Supported,Supported,False,False,False,False,False,False,False,False,False,False,False,-12,False
SA-000678,judge_3,Supported,Supported,Supported,False,False,False,False,False,False,False,False,False,False,False,2,False
SA-000678,judge_4,Supported,Supported,Supported,False,False,False,False,False,False,False,False,False,False,False,-2,False
SA-000678,judge_5,Supported,Supported,Supported,False,False,False,False,False,False,False,False,False,False,False,-5,False
SA-000679,judge_1,Refuted,Refuted,Refuted,False,False,False,False,False,False,False,False,False,False,False,-2,False
SA-000679,judge_2,Refuted,Refuted,Refuted,False,False,False,False,False,False,False,False,False,False,False,0,False
SA-000679,judge_3,Refuted,Refuted,Refuted,False,False,False,False,False,False,False,False,False,False,False,-1,False
SA-000679,judge_4,Refuted,Refuted,Refuted,False,False,False,False,False,False,False,False,False,False,False,-1,False
SA-000679,judge_5,Refuted,Refuted,Refuted,False,False,False,False,False,False,False,False,False,False,False,-1,False
SA-000680,judge_1,Supported,Supported,Supported,False,False,False,False,False,False,False,False,False,False,False,-1,False
SA-000680,judge_2,Supported,Supported,Supported,False,False,False,False,False,False,False,False,False,False,False,0,False
SA-000680,judge_3,Supported,Supported,Supported,False,False,False,False,False,False,False,False,False,False,False,0,False
SA-000680,judge_4,Supported,Supported,Supported,False,False,False,False,False,False,False,False,False,False,False,-2,False
SA-000680,judge_5,Supported,Supported,Supported,False,False,False,False,False,False,False,False,False,False,False,-6,False
SA-000681,judge_1,Refuted,Refuted,Refuted,False,False,False,False,False,False,False,False,False,False,False,-3,False
SA-000681,judge_2,Refuted,Refuted,Refuted,False,False,False,False,False,False,False,False,False,False,False,0,False
SA-000681,judge_3,Refuted,Refuted,Refuted,False,False,False,False,False,False,False,False,False,False,False,1,False
SA-000681,judge_4,Refuted,Refuted,Refuted,False,False,False,False,False,False,False,False,False,False,False,3,False
SA-000681,judge_5,Refuted,Refuted,Refuted,False,False,False,False,False,False,False,False,False,False,False,-2,False
SA-000682,judge_1,Ambiguous,Ambiguous,Refuted,True,True,False,False,True,False,False,False,False,True,True,4,True
SA-000682,judge_2,Ambiguous,Ambiguous,Ambiguous,True,True,True,False,False,True,False,False,False,False,False,-30,False
SA-000682,judge_3,Ambiguous,Ambiguous,Ambiguous,True,True,True,False,False,True,False,False,False,False,False,3,False
SA-000682,judge_4,Ambiguous,Ambiguous,Ambiguous,True,True,True,False,False,True,False,False,False,False,False,-15,False
SA-000682,judge_5,Ambiguous,Ambiguous,Ambiguous,True,True,True,False,False,True,False,False,False,False,False,4,False
SA-000683,judge_1,Refuted,Refuted,Refuted,False,False,False,False,False,False,False,False,False,False,False,2,False
SA-000683,judge_2,Refuted,Refuted,Refuted,False,False,False,False,False,False,False,False,False,False,False,2,False
SA-000683,judge_3,Refuted,Refuted,Refuted,False,False,False,False,False,False,False,False,False,False,False,0,False
SA-000683,judge_4,Refuted,Refuted,Refuted,False,False,False,False,False,False,False,False,False,False,False,-1,False
SA-000683,judge_5,Refuted,Refuted,Refuted,False,False,False,False,False,False,False,False,False,False,False,3,True
SA-000684,judge_1,Ambiguous,Ambiguous,Supported,True,True,False,False,True,False,False,False,False,True,True,5,True
SA-000684,judge_2,Ambiguous,Ambiguous,Supported,True,True,False,False,True,False,False,False,False,True,True,0,True
SA-000684,judge_3,Ambiguous,Ambiguous,Supported,True,True,False,False,True,False,False,False,False,True,True,28,True
SA-000684,judge_4,Ambiguous,Ambiguous,Supported,True,True,False,False,True,False,False,False,False,True,True,6,True
SA-000684,judge_5,Ambiguous,Ambiguous,Supported,True,True,False,False,True,False,False,False,False,True,True,51,True
SA-000685,judge_1,Refuted,Refuted,Refuted,False,False,False,False,False,False,False,False,False,False,False,-1,False
SA-000685,judge_2,Refuted,Refuted,Refuted,False,False,False,False,False,False,False,False,False,False,False,-2,False
SA-000685,judge_3,Refuted,Refuted,Refuted,False,False,False,False,False,False,False,False,False,False,False,5,True
SA-000685,judge_4,Refuted,Refuted,Refuted,False,False,False,False,False,False,False,False,False,False,False,2,False
SA-000685,judge_5,Refuted,Refuted,Refuted,False,False,False,False,False,False,False,False,False,False,False,6,True
SA-000686,judge_1,Supported,Supported,Supported,False,False,False,False,False,False,False,False,False,False,False,-1,False
SA-000686,judge_2,Supported,Supported,Supported,False,False,False,False,False,False,False,False,False,False,False,7,True
SA-000686,judge_3,Supported,Supported,Supported,False,False,False,False,False,False,False,False,False,False,False,2,False
SA-000686,judge_4,Supported,Supported,Supported,False,False,False,False,False,False,False,False,False,False,False,1,False
SA-000686,judge_5,Supported,Supported,Supported,False,False,False,False,False,False,False,False,False,False,False,-3,False
SA-000687,judge_1,Supported,Supported,Supported,False,False,False,False,False,False,False,False,False,False,False,0,False
SA-000687,judge_2,Supported,Supported,Supported,False,False,False,False,False,False,False,False,False,False,False,1,False
SA-000687,judge_3,Supported,Supported,Supported,False,False,False,False,False,False,False,False,False,False,False,0,False
SA-000687,judge_4,Supported,Supported,Supported,False,False,False,False,False,False,False,False,False,False,False,1,False
SA-000687,judge_5,Supported,Supported,Supported,False,False,False,False,False,False,False,False,False,False,False,-1,False
SA-000688,judge_1,Supported,Supported,Supported,False,False,False,False,False,False,False,False,False,False,False,-1,False
SA-000688,judge_2,Supported,Supported,Supported,False,False,False,False,False,False,False,False,False,False,False,0,False
SA-000688,judge_3,Supported,Supported,Supported,False,False,False,False,False,False,False,False,False,False,False,-1,False
SA-000688,judge_4,Supported,Supported,Supported,False,False,False,False,False,False,False,False,False,False,False,0,False
SA-000688,judge_5,Supported,Supported,Supported,False,False,False,False,False,False,False,False,False,False,False,-2,False
SA-000689,judge_1,Refuted,Refuted,Refuted,False,False,False,False,False,False,False,False,False,False,False,-9,False
SA-000689,judge_2,Refuted,Refuted,Refuted,False,False,False,False,False,False,False,False,False,False,False,2,False
SA-000689,judge_3,Refuted,Refuted,Refuted,False,False,False,False,False,False,False,False,False,False,False,6,True
SA-000689,judge_4,Refuted,Refuted,Refuted,False,False,False,False,False,False,False,False,False,False,False,-10,False
SA-000689,judge_5,Refuted,Refuted,Refuted,False,False,False,False,False,False,False,False,False,False,False,0,False
SA-000690,judge_1,Refuted,Refuted,Refuted,False,False,False,False,False,False,False,False,False,False,False,-1,False
SA-000690,judge_2,Refuted,Refuted,Refuted,False,False,False,False,False,False,False,False,False,False,False,7,True
SA-000690,judge_3,Refuted,Refuted,Refuted,False,False,False,False,False,False,False,False,False,False,False,6,True
SA-000690,judge_4,Refuted,Refuted,Refuted,False,False,False,False,False,False,False,False,False,False,False,6,True
SA-000690,judge_5,Refuted,Refuted,Refuted,False,False,False,False,False,False,False,False,False,False,False,10,True
SA-000691,judge_1,Supported,Supported,Supported,False,False,False,False,False,False,False,False,False,False,False,-3,False
SA-000691,judge_2,Supported,Supported,Supported,False,False,False,False,False,False,False,False,False,False,False,4,True
SA-000691,judge_3,Supported,Supported,Supported,False,False,False,False,False,False,False,False,False,False,False,5,True
SA-000691,judge_4,Supported,Supported,Supported,False,False,False,False,False,False,False,False,False,False,False,-1,False
SA-000691,judge_5,Supported,Supported,Supported,False,False,False,False,False,False,False,False,False,False,False,-5,False
SA-000692,judge_1,Ambiguous,Ambiguous,Ambiguous,True,True,True,False,False,True,False,False,False,False,False,-4,False
SA-000692,judge_2,Ambiguous,Ambiguous,Ambiguous,True,True,True,False,False,True,False,False,False,False,False,-14,False
SA-000692,judge_3,Refuted,Ambiguous,Refuted,False,True,False,False,True,False,False,False,True,True,False,-2,False
SA-000692,judge_4,Ambiguous,Ambiguous,Ambiguous,True,True,True,False,False,True,False,False,False,False,False,-9,False
SA-000692,judge_5,Ambiguous,Ambiguous,Refuted,True,True,False,False,True,False,False,False,False,True,True,30,True
SA-000693,judge_1,Refuted,Refuted,Refuted,False,False,False,False,False,False,False,False,False,False,False,-1,False
SA-000693,judge_2,Refuted,Refuted,Refuted,False,False,False,False,False,False,False,False,False,False,False,-1,False
SA-000693,judge_3,Refuted,Refuted,Refuted,False,False,False,False,False,False,False,False,False,False,False,5,True
SA-000693,judge_4,Refuted,Refuted,Refuted,False,False,False,False,False,False,False,False,False,False,False,0,False
SA-000693,judge_5,Refuted,Refuted,Refuted,False,False,False,False,False,False,False,False,False,False,False,1,False
SA-000694,judge_1,Supported,Supported,Supported,False,False,False,False,False,False,False,False,False,False,False,8,True
SA-000694,judge_2,Supported,Supported,Supported,False,False,False,False,False,False,False,False,False,False,False,5,True
SA-000694,judge_3,Supported,Supported,Supported,False,False,False,False,False,False,False,False,False,False,False,8,True
SA-000694,judge_4,Supported,Supported,Supported,False,False,False,False,False,False,False,False,False,False,False,8,True
SA-000694,judge_5,Ambiguous,Supported,Supported,True,False,False,True,False,False,False,False,True,False,True,39,True
SA-000695,judge_1,Supported,Supported,Supported,False,False,False,False,False,False,False,False,False,False,False,4,True
SA-000695,judge_2,Supported,Supported,Supported,False,False,False,False,False,False,False,False,False,False,False,0,False
SA-000695,judge_3,Supported,Supported,Supported,False,False,False,False,False,False,False,False,False,False,False,6,True
SA-000695,judge_4,Supported,Supported,Supported,False,False,False,False,False,False,False,False,False,False,False,3,False
SA-000695,judge_5,Supported,Supported,Supported,False,False,False,False,False,False,False,False,False,False,False,-3,False
SA-000696,judge_1,Supported,Supported,Supported,False,False,False,False,False,False,False,False,False,False,False,-1,False
SA-000696,judge_2,Supported,Supported,Supported,False,False,False,False,False,False,False,False,False,False,False,1,False
SA-000696,judge_3,Supported,Supported,Supported,False,False,False,False,False,False,False,False,False,False,False,0,False
SA-000696,judge_4,Supported,Supported,Supported,False,False,False,False,False,False,False,False,False,False,False,0,False
SA-000696,judge_5,Supported,Supported,Supported,False,False,False,False,False,False,False,False,False,False,False,0,False
SA-000697,judge_1,Supported,Supported,Supported,False,False,False,False,False,False,False,False,False,False,False,-1,False
SA-000697,judge_2,Supported,Supported,Supported,False,False,False,False,False,False,False,False,False,False,False,-5,False
SA-000697,judge_3,Supported,Supported,Supported,False,False,False,False,False,False,False,False,False,False,False,2,False
SA-000697,judge_4,Supported,Supported,Supported,False,False,False,False,False,False,False,False,False,False,False,2,False
SA-000697,judge_5,Supported,Supported,Supported,False,False,False,False,False,False,False,False,False,False,False,-8,False
SA-000698,judge_1,Supported,Supported,Supported,False,False,False,False,False,False,False,False,False,False,False,-2,False
SA-000698,judge_2,Supported,Supported,Supported,False,False,False,False,False,False,False,False,False,False,False,2,False
SA-000698,judge_3,Supported,Supported,Supported,False,False,False,False,False,False,False,False,False,False,False,0,False
SA-000698,judge_4,Supported,Supported,Supported,False,False,False,False,False,False,False,False,False,False,False,2,False
SA-000698,judge_5,Supported,Supported,Supported,False,False,False,False,False,False,False,False,False,False,False,-4,False
SA-000699,judge_1,Refuted,Refuted,Refuted,False,False,False,False,False,False,False,False,False,False,False,-5,False
SA-000699,judge_2,Refuted,Refuted,Refuted,False,False,False,False,False,False,False,False,False,False,False,2,True
SA-000699,judge_3,Refuted,Refuted,Refuted,False,False,False,False,False,False,False,False,False,False,False,1,False
SA-000699,judge_4,Refuted,Refuted,Refuted,False,False,False,False,False,False,False,False,False,False,False,1,False
SA-000699,judge_5,Refuted,Refuted,Refuted,False,False,False,False,False,False,False,False,False,False,False,-2,False
SA-000700,judge_1,Ambiguous,Ambiguous,Ambiguous,True,True,True,False,False,True,False,False,False,False,False,-2,False
SA-000700,judge_2,Ambiguous,Ambiguous,Supported,True,True,False,False,True,False,False,False,False,True,True,-1,True
SA-000700,judge_3,Ambiguous,Supported,Refuted,True,False,False,True,False,False,False,True,True,True,True,18,True
SA-000700,judge_4,Ambiguous,Ambiguous,Ambiguous,True,True,True,False,False,True,False,False,False,False,False,-11,False
SA-000700,judge_5,Ambiguous,Ambiguous,Ambiguous,True,True,True,False,False,True,False,False,False,False,False,2,False
SA-000701,judge_1,Ambiguous,Ambiguous,Refuted,True,True,False,False,True,False,False,False,False,True,True,14,True
SA-000701,judge_2,Ambiguous,Ambiguous,Ambiguous,True,True,True,False,False,True,False,False,False,False,False,-19,False
SA-000701,judge_3,Ambiguous,Ambiguous,Refuted,True,True,False,False,True,False,False,False,False,True,True,22,True
SA-000701,judge_4,Ambiguous,Refuted,Ambiguous,True,False,True,True,False,True,False,False,True,True,False,-5,False
SA-000701,judge_5,Ambiguous,Ambiguous,Ambiguous,True,True,True,False,False,True,False,False,False,False,False,8,False
SA-000702,judge_1,Ambiguous,Ambiguous,Ambiguous,True,True,True,False,False,True,False,False,False,False,False,17,False
SA-000702,judge_2,Ambiguous,Ambiguous,Ambiguous,True,True,True,False,False,True,False,False,False,False,False,14,False
SA-000702,judge_3,Ambiguous,Ambiguous,Ambiguous,True,True,True,False,False,True,False,False,False,False,False,2,False
SA-000702,judge_4,Ambiguous,Ambiguous,Ambiguous,True,True,True,False,False,True,False,False,False,False,False,0,False
SA-000702,judge_5,Ambiguous,Ambiguous,Ambiguous,True,True,True,False,False,True,False,False,False,False,False,-13,False
SA-000703,judge_1,Supported,Supported,Supported,False,False,False,False,False,False,False,False,False,False,False,0,False
SA-000703,judge_2,Supported,Supported,Supported,False,False,False,False,False,False,False,False,False,False,False,0,False
SA-000703,judge_3,Supported,Supported,Supported,False,False,False,False,False,False,False,False,False,False,False,2,False
SA-000703,judge_4,Supported,Supported,Supported,False,False,False,False,False,False,False,False,False,False,False,0,False
SA-000703,judge_5,Supported,Supported,Supported,False,False,False,False,False,False,False,False,False,False,False,0,False
SA-000704,judge_1,Ambiguous,Ambiguous,Ambiguous,True,True,True,False,False,True,False,False,False,False,False,19,True
SA-000704,judge_2,Ambiguous,Ambiguous,Ambiguous,True,True,True,False,False,True,False,False,False,False,False,16,False
SA-000704,judge_3,Ambiguous,Ambiguous,Ambiguous,True,True,True,False,False,True,False,False,False,False,False,-5,False
SA-000704,judge_4,Ambiguous,Ambiguous,Ambiguous,True,True,True,False,False,True,False,False,False,False,False,0,False
SA-000704,judge_5,Ambiguous,Ambiguous,Ambiguous,True,True,True,False,False,True,False,False,False,False,False,-17,False
SA-000705,judge_1,Ambiguous,Ambiguous,Ambiguous,True,True,True,False,False,True,False,False,False,False,False,18,False
SA-000705,judge_2,Ambiguous,Ambiguous,Ambiguous,True,True,True,False,False,True,False,False,False,False,False,16,False
SA-000705,judge_3,Ambiguous,Ambiguous,Ambiguous,True,True,True,False,False,True,False,False,False,False,False,13,False
SA-000705,judge_4,Ambiguous,Ambiguous,Ambiguous,True,True,True,False,False,True,False,False,False,False,False,0,False
SA-000705,judge_5,Ambiguous,Ambiguous,Ambiguous,True,True,True,False,False,True,False,False,False,False,False,0,False
SA-000706,judge_1,Supported,Supported,Supported,False,False,False,False,False,False,False,False,False,False,False,9,True
SA-000706,judge_2,Supported,Supported,Supported,False,False,False,False,False,False,False,False,False,False,False,7,True
SA-000706,judge_3,Supported,Supported,Supported,False,False,False,False,False,False,False,False,False,False,False,6,True
SA-000706,judge_4,Supported,Supported,Supported,False,False,False,False,False,False,False,False,False,False,False,7,True
SA-000706,judge_5,Supported,Supported,Supported,False,False,False,False,False,False,False,False,False,False,False,10,True
SA-000707,judge_1,Supported,Supported,Supported,False,False,False,False,False,False,False,False,False,False,False,0,False
SA-000707,judge_2,Supported,Supported,Supported,False,False,False,False,False,False,False,False,False,False,False,-1,False
SA-000707,judge_3,Supported,Supported,Supported,False,False,False,False,False,False,False,False,False,False,False,1,False
SA-000707,judge_4,Supported,Supported,Supported,False,False,False,False,False,False,False,False,False,False,False,1,False
SA-000707,judge_5,Supported,Supported,Supported,False,False,False,False,False,False,False,False,False,False,False,0,False
SA-000708,judge_1,Refuted,Refuted,Refuted,False,False,False,False,False,False,False,False,False,False,False,8,False
SA-000708,judge_2,Refuted,Ambiguous,Refuted,False,True,False,False,True,False,False,False,True,True,False,6,True
SA-000708,judge_3,Refuted,Refuted,Refuted,False,False,False,False,False,False,False,False,False,False,False,-4,False
SA-000708,judge_4,Ambiguous,Ambiguous,Refuted,True,True,False,False,True,False,False,False,False,True,True,4,True
SA-000708,judge_5,Ambiguous,Refuted,Refuted,True,False,False,True,False,False,False,False,True,False,True,24,True
SA-000709,judge_1,Refuted,Refuted,Refuted,False,False,False,False,False,False,False,False,False,False,False,1,False
SA-000709,judge_2,Refuted,Refuted,Refuted,False,False,False,False,False,False,False,False,False,False,False,-2,False
SA-000709,judge_3,Refuted,Refuted,Refuted,False,False,False,False,False,False,False,False,False,False,False,-2,False
SA-000709,judge_4,Refuted,Refuted,Refuted,False,False,False,False,False,False,False,False,False,False,False,-1,False
SA-000709,judge_5,Refuted,Refuted,Refuted,False,False,False,False,False,False,False,False,False,False,False,1,False
SA-000710,judge_1,Ambiguous,Ambiguous,Ambiguous,True,True,True,False,False,True,False,False,False,False,False,10,False
SA-000710,judge_2,Refuted,Ambiguous,Ambiguous,False,True,True,False,False,True,False,False,True,False,True,-10,False
SA-000710,judge_3,Ambiguous,Ambiguous,Ambiguous,True,True,True,False,False,True,False,False,False,False,False,4,False
SA-000710,judge_4,Ambiguous,Ambiguous,Refuted,True,True,False,False,True,False,False,False,False,True,True,4,True
SA-000710,judge_5,Ambiguous,Ambiguous,Ambiguous,True,True,True,False,False,True,False,False,False,False,False,-20,False
SA-000711,judge_1,Ambiguous,Refuted,Refuted,True,False,False,True,False,False,False,False,True,False,True,52,True
SA-000711,judge_2,Ambiguous,Refuted,Refuted,True,False,False,True,False,False,False,False,True,False,True,54,True
SA-000711,judge_3,Ambiguous,Refuted,Refuted,True,False,False,True,False,False,False,False,True,False,True,30,True
SA-000711,judge_4,Ambiguous,Refuted,Refuted,True,False,False,True,False,False,False,False,True,False,True,14,True
SA-000711,judge_5,Ambiguous,Ambiguous,Refuted,True,True,False,False,True,False,False,False,False,True,True,32,True
SA-000712,judge_1,Refuted,Refuted,Ambiguous,False,False,True,False,False,True,False,False,False,True,True,-8,False
SA-000712,judge_2,Ambiguous,Refuted,Refuted,True,False,False,True,False,False,False,False,True,False,True,40,True
SA-000712,judge_3,Ambiguous,Ambiguous,Refuted,True,True,False,False,True,False,False,False,False,True,True,16,True
SA-000712,judge_4,Refuted,Refuted,Ambiguous,False,False,True,False,False,True,False,False,False,True,True,-12,False
SA-000712,judge_5,Refuted,Refuted,Refuted,False,False,False,False,False,False,False,False,False,False,False,-2,False
SA-000713,judge_1,Supported,Supported,Supported,False,False,False,False,False,False,False,False,False,False,False,-1,False
SA-000713,judge_2,Supported,Supported,Supported,False,False,False,False,False,False,False,False,False,False,False,1,False
SA-000713,judge_3,Supported,Supported,Supported,False,False,False,False,False,False,False,False,False,False,False,0,False
SA-000713,judge_4,Supported,Supported,Supported,False,False,False,False,False,False,False,False,False,False,False,1,False
SA-000713,judge_5,Supported,Supported,Supported,False,False,False,False,False,False,False,False,False,False,False,-4,False
SA-000714,judge_1,Ambiguous,Ambiguous,Ambiguous,True,True,True,False,False,True,False,False,False,False,False,30,False
SA-000714,judge_2,Ambiguous,Ambiguous,Ambiguous,True,True,True,False,False,True,False,False,False,False,False,34,False
SA-000714,judge_3,Ambiguous,Ambiguous,Ambiguous,True,True,True,False,False,True,False,False,False,False,False,3,False
SA-000714,judge_4,Ambiguous,Ambiguous,Ambiguous,True,True,True,False,False,True,False,False,False,False,False,7,False
SA-000714,judge_5,Ambiguous,Ambiguous,Ambiguous,True,True,True,False,False,True,False,False,False,False,False,-32,False
SA-000715,judge_1,Refuted,Refuted,Refuted,False,False,False,False,False,False,False,False,False,False,False,4,False
SA-000715,judge_2,Refuted,Refuted,Refuted,False,False,False,False,False,False,False,False,False,False,False,-4,False
SA-000715,judge_3,Refuted,Refuted,Refuted,False,False,False,False,False,False,False,False,False,False,False,-2,False
SA-000715,judge_4,Refuted,Refuted,Ambiguous,False,False,True,False,False,True,False,False,False,True,True,-13,False
SA-000715,judge_5,Refuted,Refuted,Refuted,False,False,False,False,False,False,False,False,False,False,False,-12,False
SA-000716,judge_1,Supported,Supported,Supported,False,False,False,False,False,False,False,False,False,False,False,12,True
SA-000716,judge_2,Supported,Supported,Supported,False,False,False,False,False,False,False,False,False,False,False,10,True
SA-000716,judge_3,Supported,Supported,Supported,False,False,False,False,False,False,False,False,False,False,False,15,True
SA-000716,judge_4,Supported,Supported,Supported,False,False,False,False,False,False,False,False,False,False,False,10,True
SA-000716,judge_5,Supported,Supported,Supported,False,False,False,False,False,False,False,False,False,False,False,12,True
SA-000717,judge_1,Supported,Supported,Supported,False,False,False,False,False,False,False,False,False,False,False,-1,False
SA-000717,judge_2,Supported,Supported,Supported,False,False,False,False,False,False,False,False,False,False,False,0,False
SA-000717,judge_3,Supported,Supported,Supported,False,False,False,False,False,False,False,False,False,False,False,0,False
SA-000717,judge_4,Supported,Supported,Supported,False,False,False,False,False,False,False,False,False,False,False,0,False
SA-000717,judge_5,Supported,Supported,Supported,False,False,False,False,False,False,False,False,False,False,False,0,False
SA-000718,judge_1,Ambiguous,Ambiguous,Ambiguous,True,True,True,False,False,True,False,False,False,False,False,26,True
SA-000718,judge_2,Ambiguous,Ambiguous,Ambiguous,True,True,True,False,False,True,False,False,False,False,False,25,False
SA-000718,judge_3,Ambiguous,Ambiguous,Ambiguous,True,True,True,False,False,True,False,False,False,False,False,-2,True
SA-000718,judge_4,Ambiguous,Ambiguous,Ambiguous,True,True,True,False,False,True,False,False,False,False,False,6,False
SA-000718,judge_5,Ambiguous,Ambiguous,Ambiguous,True,True,True,False,False,True,False,False,False,False,False,-32,False
SA-000719,judge_1,Refuted,Refuted,Refuted,False,False,False,False,False,False,False,False,False,False,False,7,True
SA-000719,judge_2,Refuted,Refuted,Refuted,False,False,False,False,False,False,False,False,False,False,False,7,True
SA-000719,judge_3,Refuted,Refuted,Refuted,False,False,False,False,False,False,False,False,False,False,False,4,False
SA-000719,judge_4,Refuted,Refuted,Refuted,False,False,False,False,False,False,False,False,False,False,False,6,True
SA-000719,judge_5,Refuted,Refuted,Refuted,False,False,False,False,False,False,False,False,False,False,False,7,True
SA-000720,judge_1,Ambiguous,Ambiguous,Ambiguous,True,True,True,False,False,True,False,False,False,False,False,35,False
SA-000720,judge_2,Ambiguous,Ambiguous,Ambiguous,True,True,True,False,False,True,False,False,False,False,False,37,True
SA-000720,judge_3,Ambiguous,Ambiguous,Ambiguous,True,True,True,False,False,True,False,False,False,False,False,-4,True
SA-000720,judge_4,Ambiguous,Ambiguous,Ambiguous,True,True,True,False,False,True,False,False,False,False,False,14,True
SA-000720,judge_5,Ambiguous,Ambiguous,Ambiguous,True,True,True,False,False,True,False,False,False,False,False,-34,False
SA-000721,judge_1,Ambiguous,Supported,Supported,True,False,False,True,False,False,False,False,True,False,True,40,True
SA-000721,judge_2,Ambiguous,Supported,Supported,True,False,False,True,False,False,False,False,True,False,True,46,True
SA-000721,judge_3,Ambiguous,Supported,Supported,True,False,False,True,False,False,False,False,True,False,True,44,True
SA-000721,judge_4,Ambiguous,Supported,Supported,True,False,False,True,False,False,False,False,True,False,True,22,True
SA-000721,judge_5,Ambiguous,Supported,Supported,True,False,False,True,False,False,False,False,True,False,True,32,True
SA-000722,judge_1,Refuted,Refuted,Refuted,False,False,False,False,False,False,False,False,False,False,False,0,False
SA-000722,judge_2,Refuted,Refuted,Refuted,False,False,False,False,False,False,False,False,False,False,False,1,False
SA-000722,judge_3,Refuted,Refuted,Refuted,False,False,False,False,False,False,False,False,False,False,False,1,False
SA-000722,judge_4,Refuted,Refuted,Refuted,False,False,False,False,False,False,False,False,False,False,False,3,False
SA-000722,judge_5,Refuted,Refuted,Refuted,False,False,False,False,False,False,False,False,False,False,False,0,False
SA-000723,judge_1,Refuted,Refuted,Refuted,False,False,False,False,False,False,False,False,False,False,False,8,False
SA-000723,judge_2,Refuted,Refuted,Refuted,False,False,False,False,False,False,False,False,False,False,False,-4,False
SA-000723,judge_3,Refuted,Refuted,Refuted,False,False,False,False,False,False,False,False,False,False,False,8,False
SA-000723,judge_4,Refuted,Refuted,Refuted,False,False,False,False,False,False,False,False,False,False,False,-1,False
SA-000723,judge_5,Refuted,Refuted,Refuted,False,False,False,False,False,False,False,False,False,False,False,0,False
SA-000724,judge_1,Ambiguous,Ambiguous,Ambiguous,True,True,True,False,False,True,False,False,False,False,False,20,False
SA-000724,judge_2,Ambiguous,Ambiguous,Ambiguous,True,True,True,False,False,True,False,False,False,False,False,28,False
SA-000724,judge_3,Ambiguous,Ambiguous,Ambiguous,True,True,True,False,False,True,False,False,False,False,False,5,False
SA-000724,judge_4,Ambiguous,Ambiguous,Ambiguous,True,True,True,False,False,True,False,False,False,False,False,7,False
SA-000724,judge_5,Ambiguous,Ambiguous,Ambiguous,True,True,True,False,False,True,False,False,False,False,False,-31,False
SA-000725,judge_1,Refuted,Refuted,Refuted,False,False,False,False,False,False,False,False,False,False,False,-1,False
SA-000725,judge_2,Refuted,Refuted,Refuted,False,False,False,False,False,False,False,False,False,False,False,0,False
SA-000725,judge_3,Refuted,Refuted,Refuted,False,False,False,False,False,False,False,False,False,False,False,1,False
SA-000725,judge_4,Refuted,Refuted,Refuted,False,False,False,False,False,False,False,False,False,False,False,0,False
SA-000725,judge_5,Refuted,Refuted,Refuted,False,False,False,False,False,False,False,False,False,False,False,0,False
SA-000726,judge_1,Supported,Supported,Supported,False,False,False,False,False,False,False,False,False,False,False,-1,False
SA-000726,judge_2,Supported,Supported,Supported,False,False,False,False,False,False,False,False,False,False,False,0,False
SA-000726,judge_3,Supported,Supported,Supported,False,False,False,False,False,False,False,False,False,False,False,0,False
SA-000726,judge_4,Supported,Supported,Supported,False,False,False,False,False,False,False,False,False,False,False,0,False
SA-000726,judge_5,Supported,Supported,Supported,False,False,False,False,False,False,False,False,False,False,False,0,False
SA-000727,judge_1,Refuted,Refuted,Refuted,False,False,False,False,False,False,False,False,False,False,False,0,False
SA-000727,judge_2,Refuted,Refuted,Refuted,False,False,False,False,False,False,False,False,False,False,False,0,False
SA-000727,judge_3,Refuted,Refuted,Refuted,False,False,False,False,False,False,False,False,False,False,False,1,False
SA-000727,judge_4,Refuted,Refuted,Refuted,False,False,False,False,False,False,False,False,False,False,False,2,False
SA-000727,judge_5,Refuted,Refuted,Refuted,False,False,False,False,False,False,False,False,False,False,False,-1,False
SA-000728,judge_1,Refuted,Refuted,Refuted,False,False,False,False,False,False,False,False,False,False,False,2,False
SA-000728,judge_2,Refuted,Refuted,Refuted,False,False,False,False,False,False,False,False,False,False,False,-1,False
SA-000728,judge_3,Refuted,Refuted,Refuted,False,False,False,False,False,False,False,False,False,False,False,4,False
SA-000728,judge_4,Refuted,Refuted,Refuted,False,False,False,False,False,False,False,False,False,False,False,0,False
SA-000728,judge_5,Refuted,Refuted,Refuted,False,False,False,False,False,False,False,False,False,False,False,-3,False
SA-000729,judge_1,Supported,Supported,Supported,False,False,False,False,False,False,False,False,False,False,False,5,False
SA-000729,judge_2,Supported,Supported,Supported,False,False,False,False,False,False,False,False,False,False,False,2,False
SA-000729,judge_3,Supported,Supported,Supported,False,False,False,False,False,False,False,False,False,False,False,6,False
SA-000729,judge_4,Supported,Supported,Supported,False,False,False,False,False,False,False,False,False,False,False,1,False
SA-000729,judge_5,Supported,Supported,Supported,False,False,False,False,False,False,False,False,False,False,False,-2,False
SA-000730,judge_1,Supported,Supported,Supported,False,False,False,False,False,False,False,False,False,False,False,2,False
SA-000730,judge_2,Supported,Supported,Supported,False,False,False,False,False,False,False,False,False,False,False,0,False
SA-000730,judge_3,Supported,Supported,Supported,False,False,False,False,False,False,False,False,False,False,False,5,True
SA-000730,judge_4,Supported,Supported,Supported,False,False,False,False,False,False,False,False,False,False,False,1,False
SA-000730,judge_5,Supported,Supported,Supported,False,False,False,False,False,False,False,False,False,False,False,-2,False
SA-000731,judge_1,Supported,Supported,Supported,False,False,False,False,False,False,False,False,False,False,False,-1,False
SA-000731,judge_2,Supported,Supported,Supported,False,False,False,False,False,False,False,False,False,False,False,0,False
SA-000731,judge_3,Supported,Supported,Supported,False,False,False,False,False,False,False,False,False,False,False,1,False
SA-000731,judge_4,Supported,Supported,Supported,False,False,False,False,False,False,False,False,False,False,False,1,False
SA-000731,judge_5,Supported,Supported,Supported,False,False,False,False,False,False,False,False,False,False,False,-1,False
SA-000732,judge_1,Supported,Supported,Supported,False,False,False,False,False,False,False,False,False,False,False,0,False
SA-000732,judge_2,Supported,Supported,Supported,False,False,False,False,False,False,False,False,False,False,False,0,False
SA-000732,judge_3,Supported,Supported,Supported,False,False,False,False,False,False,False,False,False,False,False,2,False
SA-000732,judge_4,Supported,Supported,Supported,False,False,False,False,False,False,False,False,False,False,False,-1,False
SA-000732,judge_5,Supported,Supported,Supported,False,False,False,False,False,False,False,False,False,False,False,-2,False
SA-000733,judge_1,Refuted,Refuted,Refuted,False,False,False,False,False,False,False,False,False,False,False,10,True
SA-000733,judge_2,Refuted,Refuted,Refuted,False,False,False,False,False,False,False,False,False,False,False,-1,False
SA-000733,judge_3,Refuted,Refuted,Refuted,False,False,False,False,False,False,False,False,False,False,False,-2,False
SA-000733,judge_4,Refuted,Refuted,Refuted,False,False,False,False,False,False,False,False,False,False,False,-7,False
SA-000733,judge_5,Refuted,Refuted,Refuted,False,False,False,False,False,False,False,False,False,False,False,-3,False
SA-000734,judge_1,Refuted,Refuted,Refuted,False,False,False,False,False,False,False,False,False,False,False,0,False
SA-000734,judge_2,Refuted,Refuted,Refuted,False,False,False,False,False,False,False,False,False,False,False,0,False
SA-000734,judge_3,Refuted,Refuted,Refuted,False,False,False,False,False,False,False,False,False,False,False,0,False
SA-000734,judge_4,Refuted,Refuted,Refuted,False,False,False,False,False,False,False,False,False,False,False,0,False
SA-000734,judge_5,Refuted,Refuted,Refuted,False,False,False,False,False,False,False,False,False,False,False,-1,False
SA-000735,judge_1,Refuted,Refuted,Refuted,False,False,False,False,False,False,False,False,False,False,False,1,False
SA-000735,judge_2,Refuted,Refuted,Refuted,False,False,False,False,False,False,False,False,False,False,False,0,False
SA-000735,judge_3,Refuted,Refuted,Refuted,False,False,False,False,False,False,False,False,False,False,False,0,False
SA-000735,judge_4,Refuted,Refuted,Refuted,False,False,False,False,False,False,False,False,False,False,False,-1,False
SA-000735,judge_5,Refuted,Refuted,Refuted,False,False,False,False,False,False,False,False,False,False,False,0,False
SA-000736,judge_1,Supported,Supported,Supported,False,False,False,False,False,False,False,False,False,False,False,0,False
SA-000736,judge_2,Supported,Supported,Supported,False,False,False,False,False,False,False,False,False,False,False,-1,False
SA-000736,judge_3,Supported,Supported,Supported,False,False,False,False,False,False,False,False,False,False,False,1,False
SA-000736,judge_4,Supported,Supported,Supported,False,False,False,False,False,False,False,False,False,False,False,1,False
SA-000736,judge_5,Supported,Supported,Supported,False,False,False,False,False,False,False,False,False,False,False,0,False
SA-000737,judge_1,Supported,Supported,Supported,False,False,False,False,False,False,False,False,False,False,False,4,False
SA-000737,judge_2,Supported,Supported,Supported,False,False,False,False,False,False,False,False,False,False,False,-1,False
SA-000737,judge_3,Supported,Supported,Supported,False,False,False,False,False,False,False,False,False,False,False,4,False
SA-000737,judge_4,Supported,Supported,Supported,False,False,False,False,False,False,False,False,False,False,False,3,False
SA-000737,judge_5,Supported,Supported,Supported,False,False,False,False,False,False,False,False,False,False,False,-1,False
SA-000738,judge_1,Refuted,Refuted,Refuted,False,False,False,False,False,False,False,False,False,False,False,-1,False
SA-000738,judge_2,Refuted,Refuted,Refuted,False,False,False,False,False,False,False,False,False,False,False,0,False
SA-000738,judge_3,Refuted,Refuted,Refuted,False,False,False,False,False,False,False,False,False,False,False,1,False
SA-000738,judge_4,Refuted,Refuted,Refuted,False,False,False,False,False,False,False,False,False,False,False,-1,False
SA-000738,judge_5,Refuted,Refuted,Refuted,False,False,False,False,False,False,False,False,False,False,False,-1,False
SA-000739,judge_1,Ambiguous,Ambiguous,Supported,True,True,False,False,True,False,False,False,False,True,True,28,True
SA-000739,judge_2,Ambiguous,Ambiguous,Ambiguous,True,True,True,False,False,True,False,False,False,False,False,14,False
SA-000739,judge_3,Ambiguous,Ambiguous,Supported,True,True,False,False,True,False,False,False,False,True,True,23,True
SA-000739,judge_4,Ambiguous,Ambiguous,Ambiguous,True,True,True,False,False,True,False,False,False,False,False,-3,False
SA-000739,judge_5,Supported,Ambiguous,Supported,False,True,False,False,True,False,False,False,True,True,False,-6,False
SA-000740,judge_1,Supported,Supported,Supported,False,False,False,False,False,False,False,False,False,False,False,5,True
SA-000740,judge_2,Supported,Supported,Supported,False,False,False,False,False,False,False,False,False,False,False,5,True
SA-000740,judge_3,Supported,Supported,Supported,False,False,False,False,False,False,False,False,False,False,False,3,True
SA-000740,judge_4,Supported,Supported,Supported,False,False,False,False,False,False,False,False,False,False,False,3,True
SA-000740,judge_5,Supported,Supported,Supported,False,False,False,False,False,False,False,False,False,False,False,0,False
SA-000741,judge_1,Ambiguous,Ambiguous,Ambiguous,True,True,True,False,False,True,False,False,False,False,False,30,False
SA-000741,judge_2,Ambiguous,Refuted,Ambiguous,True,False,True,True,False,True,False,False,True,True,False,34,False
SA-000741,judge_3,Ambiguous,Ambiguous,Refuted,True,True,False,False,True,False,False,False,False,True,True,7,True
SA-000741,judge_4,Ambiguous,Ambiguous,Ambiguous,True,True,True,False,False,True,False,False,False,False,False,8,False
SA-000741,judge_5,Ambiguous,Ambiguous,Refuted,True,True,False,False,True,False,False,False,False,True,True,4,True
SA-000742,judge_1,Refuted,Refuted,Refuted,False,False,False,False,False,False,False,False,False,False,False,-1,False
SA-000742,judge_2,Refuted,Refuted,Refuted,False,False,False,False,False,False,False,False,False,False,False,1,False
SA-000742,judge_3,Refuted,Refuted,Refuted,False,False,False,False,False,False,False,False,False,False,False,2,False
SA-000742,judge_4,Refuted,Refuted,Refuted,False,False,False,False,False,False,False,False,False,False,False,-1,False
SA-000742,judge_5,Refuted,Refuted,Refuted,False,False,False,False,False,False,False,False,False,False,False,0,False
SA-000743,judge_1,Ambiguous,Ambiguous,Ambiguous,True,True,True,False,False,True,False,False,False,False,False,20,False
SA-000743,judge_2,Ambiguous,Ambiguous,Ambiguous,True,True,True,False,False,True,False,False,False,False,False,29,False
SA-000743,judge_3,Ambiguous,Ambiguous,Ambiguous,True,True,True,False,False,True,False,False,False,False,False,29,True
SA-000743,judge_4,Ambiguous,Ambiguous,Ambiguous,True,True,True,False,False,True,False,False,False,False,False,15,False
SA-000743,judge_5,Ambiguous,Ambiguous,Ambiguous,True,True,True,False,False,True,False,False,False,False,False,-4,False
SA-000744,judge_1,Ambiguous,Refuted,Ambiguous,True,False,True,True,False,True,False,False,True,True,False,21,True
SA-000744,judge_2,Ambiguous,Ambiguous,Refuted,True,True,False,False,True,False,False,False,False,True,True,31,True
SA-000744,judge_3,Ambiguous,Ambiguous,Refuted,True,True,False,False,True,False,False,False,False,True,True,11,True
SA-000744,judge_4,Ambiguous,Ambiguous,Ambiguous,True,True,True,False,False,True,False,False,False,False,False,-2,False
SA-000744,judge_5,Ambiguous,Ambiguous,Refuted,True,True,False,False,True,False,False,False,False,True,True,16,True
SA-000745,judge_1,Refuted,Refuted,Refuted,False,False,False,False,False,False,False,False,False,False,False,-1,False
SA-000745,judge_2,Refuted,Refuted,Refuted,False,False,False,False,False,False,False,False,False,False,False,1,False
SA-000745,judge_3,Refuted,Refuted,Refuted,False,False,False,False,False,False,False,False,False,False,False,1,False
SA-000745,judge_4,Refuted,Refuted,Refuted,False,False,False,False,False,False,False,False,False,False,False,0,False
SA-000745,judge_5,Refuted,Refuted,Refuted,False,False,False,False,False,False,False,False,False,False,False,0,False
SA-000746,judge_1,Ambiguous,Ambiguous,Supported,True,True,False,False,True,False,False,False,False,True,True,45,True
SA-000746,judge_2,Ambiguous,Ambiguous,Supported,True,True,False,False,True,False,False,False,False,True,True,36,True
SA-000746,judge_3,Ambiguous,Ambiguous,Supported,True,True,False,False,True,False,False,False,False,True,True,36,True
SA-000746,judge_4,Ambiguous,Ambiguous,Supported,True,True,False,False,True,False,False,False,False,True,True,22,True
SA-000746,judge_5,Ambiguous,Ambiguous,Supported,True,True,False,False,True,False,False,False,False,True,True,32,True
SA-000747,judge_1,Refuted,Refuted,Refuted,False,False,False,False,False,False,False,False,False,False,False,0,False
SA-000747,judge_2,Refuted,Refuted,Refuted,False,False,False,False,False,False,False,False,False,False,False,0,False
SA-000747,judge_3,Refuted,Refuted,Refuted,False,False,False,False,False,False,False,False,False,False,False,1,False
SA-000747,judge_4,Refuted,Refuted,Refuted,False,False,False,False,False,False,False,False,False,False,False,0,False
SA-000747,judge_5,Refuted,Refuted,Refuted,False,False,False,False,False,False,False,False,False,False,False,-1,False
SA-000748,judge_1,Supported,Supported,Supported,False,False,False,False,False,False,False,False,False,False,False,0,False
SA-000748,judge_2,Supported,Supported,Supported,False,False,False,False,False,False,False,False,False,False,False,0,False
SA-000748,judge_3,Supported,Supported,Supported,False,False,False,False,False,False,False,False,False,False,False,2,False
SA-000748,judge_4,Supported,Supported,Supported,False,False,False,False,False,False,False,False,False,False,False,0,False
SA-000748,judge_5,Supported,Supported,Supported,False,False,False,False,False,False,False,False,False,False,False,0,False
SA-000749,judge_1,Supported,Supported,Supported,False,False,False,False,False,False,False,False,False,False,False,2,True
SA-000749,judge_2,Supported,Supported,Supported,False,False,False,False,False,False,False,False,False,False,False,-2,False
SA-000749,judge_3,Supported,Supported,Supported,False,False,False,False,False,False,False,False,False,False,False,-2,False
SA-000749,judge_4,Supported,Supported,Supported,False,False,False,False,False,False,False,False,False,False,False,0,False
SA-000749,judge_5,Supported,Supported,Supported,False,False,False,False,False,False,False,False,False,False,False,0,False
SA-000750,judge_1,Refuted,Refuted,Refuted,False,False,False,False,False,False,False,False,False,False,False,2,False
SA-000750,judge_2,Refuted,Refuted,Refuted,False,False,False,False,False,False,False,False,False,False,False,-6,False
SA-000750,judge_3,Refuted,Refuted,Refuted,False,False,False,False,False,False,False,False,False,False,False,-1,False
SA-000750,judge_4,Refuted,Refuted,Refuted,False,False,False,False,False,False,False,False,False,False,False,1,False
SA-000750,judge_5,Refuted,Refuted,Refuted,False,False,False,False,False,False,False,False,False,False,False,-1,False
SA-000751,judge_1,Refuted,Refuted,Refuted,False,False,False,False,False,False,False,False,False,False,False,7,True
SA-000751,judge_2,Refuted,Refuted,Refuted,False,False,False,False,False,False,False,False,False,False,False,7,True
SA-000751,judge_3,Refuted,Refuted,Refuted,False,False,False,False,False,False,False,False,False,False,False,6,False
SA-000751,judge_4,Refuted,Refuted,Refuted,False,False,False,False,False,False,False,False,False,False,False,3,False
SA-000751,judge_5,Refuted,Refuted,Refuted,False,False,False,False,False,False,False,False,False,False,False,-1,False
SA-000752,judge_1,Ambiguous,Ambiguous,Supported,True,True,False,False,True,False,False,False,False,True,True,29,True
SA-000752,judge_2,Ambiguous,Supported,Supported,True,False,False,True,False,False,False,False,True,False,True,27,True
SA-000752,judge_3,Ambiguous,Supported,Supported,True,False,False,True,False,False,False,False,True,False,True,16,True
SA-000752,judge_4,Ambiguous,Supported,Supported,True,False,False,True,False,False,False,False,True,False,True,6,True
SA-000752,judge_5,Supported,Supported,Ambiguous,False,False,True,False,False,True,False,False,False,True,True,-22,False
SA-000753,judge_1,Supported,Supported,Supported,False,False,False,False,False,False,False,False,False,False,False,5,True
SA-000753,judge_2,Supported,Supported,Supported,False,False,False,False,False,False,False,False,False,False,False,7,True
SA-000753,judge_3,Supported,Supported,Supported,False,False,False,False,False,False,False,False,False,False,False,12,True
SA-000753,judge_4,Supported,Supported,Supported,False,False,False,False,False,False,False,False,False,False,False,8,True
SA-000753,judge_5,Supported,Supported,Supported,False,False,False,False,False,False,False,False,False,False,False,5,True
SA-000754,judge_1,Refuted,Refuted,Refuted,False,False,False,False,False,False,False,False,False,False,False,6,True
SA-000754,judge_2,Refuted,Refuted,Refuted,False,False,False,False,False,False,False,False,False,False,False,2,False
SA-000754,judge_3,Refuted,Refuted,Refuted,False,False,False,False,False,False,False,False,False,False,False,4,False
SA-000754,judge_4,Refuted,Refuted,Refuted,False,False,False,False,False,False,False,False,False,False,False,-3,False
SA-000754,judge_5,Refuted,Refuted,Refuted,False,False,False,False,False,False,False,False,False,False,False,-3,False
SA-000755,judge_1,Refuted,Refuted,Refuted,False,False,False,False,False,False,False,False,False,False,False,7,False
SA-000755,judge_2,Refuted,Refuted,Refuted,False,False,False,False,False,False,False,False,False,False,False,0,False
SA-000755,judge_3,Refuted,Refuted,Refuted,False,False,False,False,False,False,False,False,False,False,False,2,False
SA-000755,judge_4,Refuted,Refuted,Refuted,False,False,False,False,False,False,False,False,False,False,False,0,False
SA-000755,judge_5,Refuted,Refuted,Refuted,False,False,False,False,False,False,False,False,False,False,False,-4,False
SA-000756,judge_1,Ambiguous,Ambiguous,Ambiguous,True,True,True,False,False,True,False,False,False,False,False,18,False
SA-000756,judge_2,Ambiguous,Ambiguous,Ambiguous,True,True,True,False,False,True,False,False,False,False,False,19,False
SA-000756,judge_3,Ambiguous,Ambiguous,Ambiguous,True,True,True,False,False,True,False,False,False,False,False,11,False
SA-000756,judge_4,Ambiguous,Ambiguous,Ambiguous,True,True,True,False,False,True,False,False,False,False,False,6,False
SA-000756,judge_5,Ambiguous,Ambiguous,Ambiguous,True,True,True,False,False,True,False,False,False,False,False,-5,False
SA-000757,judge_1,Refuted,Refuted,Refuted,False,False,False,False,False,False,False,False,False,False,False,4,False
SA-000757,judge_2,Ambiguous,Ambiguous,Ambiguous,True,True,True,False,False,True,False,False,False,False,False,12,False
SA-000757,judge_3,Refuted,Ambiguous,Ambiguous,False,True,True,False,False,True,False,False,True,False,True,-15,False
SA-000757,judge_4,Refuted,Supported,Ambiguous,False,False,True,False,False,True,True,False,True,True,True,-12,False
SA-000757,judge_5,Refuted,Supported,Supported,False,False,False,False,False,False,True,False,True,False,True,-10,False
SA-000758,judge_1,Ambiguous,Ambiguous,Refuted,True,True,False,False,True,False,False,False,False,True,True,34,True
SA-000758,judge_2,Ambiguous,Ambiguous,Refuted,True,True,False,False,True,False,False,False,False,True,True,29,True
SA-000758,judge_3,Ambiguous,Ambiguous,Ambiguous,True,True,True,False,False,True,False,False,False,False,False,11,False
SA-000758,judge_4,Ambiguous,Ambiguous,Ambiguous,True,True,True,False,False,True,False,False,False,False,False,-3,False
SA-000758,judge_5,Ambiguous,Ambiguous,Refuted,True,True,False,False,True,False,False,False,False,True,True,16,True
SA-000759,judge_1,Refuted,Refuted,Refuted,False,False,False,False,False,False,False,False,False,False,False,0,False
SA-000759,judge_2,Refuted,Refuted,Refuted,False,False,False,False,False,False,False,False,False,False,False,0,False
SA-000759,judge_3,Refuted,Refuted,Refuted,False,False,False,False,False,False,False,False,False,False,False,1,False
SA-000759,judge_4,Refuted,Refuted,Refuted,False,False,False,False,False,False,False,False,False,False,False,0,False
SA-000759,judge_5,Refuted,Refuted,Refuted,False,False,False,False,False,False,False,False,False,False,False,-1,False
SA-000760,judge_1,Ambiguous,Ambiguous,Ambiguous,True,True,True,False,False,True,False,False,False,False,False,32,False
SA-000760,judge_2,Ambiguous,Ambiguous,Ambiguous,True,True,True,False,False,True,False,False,False,False,False,37,False
SA-000760,judge_3,Ambiguous,Ambiguous,Ambiguous,True,True,True,False,False,True,False,False,False,False,False,8,False
SA-000760,judge_4,Ambiguous,Ambiguous,Ambiguous,True,True,True,False,False,True,False,False,False,False,False,6,False
SA-000760,judge_5,Ambiguous,Ambiguous,Ambiguous,True,True,True,False,False,True,False,False,False,False,False,-30,False
SA-000761,judge_1,Supported,Supported,Supported,False,False,False,False,False,False,False,False,False,False,False,6,False
SA-000761,judge_2,Supported,Supported,Supported,False,False,False,False,False,False,False,False,False,False,False,5,False
SA-000761,judge_3,Supported,Supported,Supported,False,False,False,False,False,False,False,False,False,False,False,0,False
SA-000761,judge_4,Supported,Supported,Supported,False,False,False,False,False,False,False,False,False,False,False,-2,False
SA-000761,judge_5,Supported,Supported,Supported,False,False,False,False,False,False,False,False,False,False,False,0,False
SA-000762,judge_1,Ambiguous,Ambiguous,Ambiguous,True,True,True,False,False,True,False,False,False,False,False,36,False
SA-000762,judge_2,Ambiguous,Ambiguous,Ambiguous,True,True,True,False,False,True,False,False,False,False,False,32,False
SA-000762,judge_3,Ambiguous,Ambiguous,Ambiguous,True,True,True,False,False,True,False,False,False,False,False,14,True
SA-000762,judge_4,Ambiguous,Ambiguous,Ambiguous,True,True,True,False,False,True,False,False,False,False,False,13,False
SA-000762,judge_5,Refuted,Ambiguous,Ambiguous,False,True,True,False,False,True,False,False,True,False,True,-40,False
SA-000763,judge_1,Supported,Supported,Supported,False,False,False,False,False,False,False,False,False,False,False,2,False
SA-000763,judge_2,Supported,Supported,Supported,False,False,False,False,False,False,False,False,False,False,False,0,False
SA-000763,judge_3,Supported,Supported,Supported,False,False,False,False,False,False,False,False,False,False,False,1,False
SA-000763,judge_4,Supported,Supported,Supported,False,False,False,False,False,False,False,False,False,False,False,0,False
SA-000763,judge_5,Supported,Supported,Supported,False,False,False,False,False,False,False,False,False,False,False,0,False
SA-000764,judge_1,Refuted,Refuted,Refuted,False,False,False,False,False,False,False,False,False,False,False,9,True
SA-000764,judge_2,Refuted,Refuted,Refuted,False,False,False,False,False,False,False,False,False,False,False,7,True
SA-000764,judge_3,Refuted,Refuted,Refuted,False,False,False,False,False,False,False,False,False,False,False,5,True
SA-000764,judge_4,Refuted,Refuted,Refuted,False,False,False,False,False,False,False,False,False,False,False,-1,False
SA-000764,judge_5,Refuted,Refuted,Refuted,False,False,False,False,False,False,False,False,False,False,False,-2,False
SA-000765,judge_1,Refuted,Refuted,Refuted,False,False,False,False,False,False,False,False,False,False,False,-1,False
SA-000765,judge_2,Refuted,Refuted,Refuted,False,False,False,False,False,False,False,False,False,False,False,0,False
SA-000765,judge_3,Refuted,Refuted,Refuted,False,False,False,False,False,False,False,False,False,False,False,-1,False
SA-000765,judge_4,Refuted,Refuted,Refuted,False,False,False,False,False,False,False,False,False,False,False,0,False
SA-000765,judge_5,Refuted,Refuted,Refuted,False,False,False,False,False,False,False,False,False,False,False,-1,False
SA-000766,judge_1,Supported,Supported,Supported,False,False,False,False,False,False,False,False,False,False,False,13,True
SA-000766,judge_2,Supported,Supported,Supported,False,False,False,False,False,False,False,False,False,False,False,10,True
SA-000766,judge_3,Supported,Supported,Supported,False,False,False,False,False,False,False,False,False,False,False,18,True
SA-000766,judge_4,Supported,Supported,Supported,False,False,False,False,False,False,False,False,False,False,False,11,True
SA-000766,judge_5,Supported,Supported,Supported,False,False,False,False,False,False,False,False,False,False,False,9,True
SA-000767,judge_1,Supported,Supported,Supported,False,False,False,False,False,False,False,False,False,False,False,13,True
SA-000767,judge_2,Supported,Supported,Supported,False,False,False,False,False,False,False,False,False,False,False,0,False
SA-000767,judge_3,Supported,Supported,Supported,False,False,False,False,False,False,False,False,False,False,False,8,False
SA-000767,judge_4,Supported,Supported,Supported,False,False,False,False,False,False,False,False,False,False,False,7,True
SA-000767,judge_5,Supported,Supported,Supported,False,False,False,False,False,False,False,False,False,False,False,6,True
SA-000768,judge_1,Refuted,Refuted,Refuted,False,False,False,False,False,False,False,False,False,False,False,5,True
SA-000768,judge_2,Refuted,Refuted,Refuted,False,False,False,False,False,False,False,False,False,False,False,7,True
SA-000768,judge_3,Refuted,Refuted,Refuted,False,False,False,False,False,False,False,False,False,False,False,8,True
SA-000768,judge_4,Refuted,Refuted,Refuted,False,False,False,False,False,False,False,False,False,False,False,2,False
SA-000768,judge_5,Refuted,Refuted,Refuted,False,False,False,False,False,False,False,False,False,False,False,2,True
SA-000769,judge_1,Supported,Supported,Supported,False,False,False,False,False,False,False,False,False,False,False,10,True
SA-000769,judge_2,Supported,Supported,Supported,False,False,False,False,False,False,False,False,False,False,False,6,True
SA-000769,judge_3,Supported,Supported,Supported,False,False,False,False,False,False,False,False,False,False,False,11,True
SA-000769,judge_4,Supported,Supported,Supported,False,False,False,False,False,False,False,False,False,False,False,9,True
SA-000769,judge_5,Supported,Supported,Supported,False,False,False,False,False,False,False,False,False,False,False,5,True
SA-000770,judge_1,Refuted,Refuted,Refuted,False,False,False,False,False,False,False,False,False,False,False,6,False
SA-000770,judge_2,Refuted,Refuted,Refuted,False,False,False,False,False,False,False,False,False,False,False,0,False
SA-000770,judge_3,Refuted,Refuted,Refuted,False,False,False,False,False,False,False,False,False,False,False,6,False
SA-000770,judge_4,Refuted,Refuted,Refuted,False,False,False,False,False,False,False,False,False,False,False,4,False
SA-000770,judge_5,Refuted,Refuted,Refuted,False,False,False,False,False,False,False,False,False,False,False,5,False
SA-000771,judge_1,Supported,Supported,Supported,False,False,False,False,False,False,False,False,False,False,False,6,True
SA-000771,judge_2,Supported,Supported,Supported,False,False,False,False,False,False,False,False,False,False,False,7,True
SA-000771,judge_3,Supported,Supported,Supported,False,False,False,False,False,False,False,False,False,False,False,2,False
SA-000771,judge_4,Supported,Supported,Supported,False,False,False,False,False,False,False,False,False,False,False,7,True
SA-000771,judge_5,Supported,Supported,Supported,False,False,False,False,False,False,False,False,False,False,False,9,True
SA-000772,judge_1,Supported,Supported,Supported,False,False,False,False,False,False,False,False,False,False,False,16,True
SA-000772,judge_2,Supported,Supported,Supported,False,False,False,False,False,False,False,False,False,False,False,12,True
SA-000772,judge_3,Ambiguous,Supported,Supported,True,False,False,True,False,False,False,False,True,False,True,42,True
SA-000772,judge_4,Supported,Supported,Supported,False,False,False,False,False,False,False,False,False,False,False,12,True
SA-000772,judge_5,Supported,Supported,Supported,False,False,False,False,False,False,False,False,False,False,False,10,True
SA-000773,judge_1,Supported,Supported,Supported,False,False,False,False,False,False,False,False,False,False,False,14,True
SA-000773,judge_2,Supported,Supported,Supported,False,False,False,False,False,False,False,False,False,False,False,8,True
SA-000773,judge_3,Supported,Supported,Supported,False,False,False,False,False,False,False,False,False,False,False,11,True
SA-000773,judge_4,Supported,Supported,Supported,False,False,False,False,False,False,False,False,False,False,False,11,True
SA-000773,judge_5,Supported,Supported,Supported,False,False,False,False,False,False,False,False,False,False,False,9,True
SA-000774,judge_1,Refuted,Refuted,Refuted,False,False,False,False,False,False,False,False,False,False,False,2,False
SA-000774,judge_2,Refuted,Refuted,Refuted,False,False,False,False,False,False,False,False,False,False,False,2,False
SA-000774,judge_3,Refuted,Refuted,Refuted,False,False,False,False,False,False,False,False,False,False,False,4,False
SA-000774,judge_4,Refuted,Refuted,Refuted,False,False,False,False,False,False,False,False,False,False,False,-2,False
SA-000774,judge_5,Refuted,Refuted,Refuted,False,False,False,False,False,False,False,False,False,False,False,0,False
SA-000775,judge_1,Refuted,Refuted,Refuted,False,False,False,False,False,False,False,False,False,False,False,0,False
SA-000775,judge_2,Refuted,Refuted,Refuted,False,False,False,False,False,False,False,False,False,False,False,0,False
SA-000775,judge_3,Refuted,Refuted,Refuted,False,False,False,False,False,False,False,False,False,False,False,0,False
SA-000775,judge_4,Refuted,Refuted,Refuted,False,False,False,False,False,False,False,False,False,False,False,-1,False
SA-000775,judge_5,Refuted,Refuted,Refuted,False,False,False,False,False,False,False,False,False,False,False,-1,False
SA-000776,judge_1,Refuted,Refuted,Refuted,False,False,False,False,False,False,False,False,False,False,False,6,True
SA-000776,judge_2,Refuted,Refuted,Refuted,False,False,False,False,False,False,False,False,False,False,False,0,False
SA-000776,judge_3,Refuted,Refuted,Refuted,False,False,False,False,False,False,False,False,False,False,False,0,False
SA-000776,judge_4,Refuted,Refuted,Refuted,False,False,False,False,False,False,False,False,False,False,False,4,True
SA-000776,judge_5,Refuted,Refuted,Refuted,False,False,False,False,False,False,False,False,False,False,False,0,False
SA-000777,judge_1,Supported,Supported,Supported,False,False,False,False,False,False,False,False,False,False,False,4,True
SA-000777,judge_2,Supported,Supported,Supported,False,False,False,False,False,False,False,False,False,False,False,-5,False
SA-000777,judge_3,Supported,Supported,Supported,False,False,False,False,False,False,False,False,False,False,False,-6,False
SA-000777,judge_4,Supported,Supported,Supported,False,False,False,False,False,False,False,False,False,False,False,-3,False
SA-000777,judge_5,Supported,Supported,Supported,False,False,False,False,False,False,False,False,False,False,False,0,False
SA-000778,judge_1,Refuted,Refuted,Refuted,False,False,False,False,False,False,False,False,False,False,False,0,False
SA-000778,judge_2,Refuted,Refuted,Refuted,False,False,False,False,False,False,False,False,False,False,False,0,False
SA-000778,judge_3,Refuted,Refuted,Refuted,False,False,False,False,False,False,False,False,False,False,False,1,False
SA-000778,judge_4,Refuted,Refuted,Refuted,False,False,False,False,False,False,False,False,False,False,False,0,False
SA-000778,judge_5,Refuted,Refuted,Refuted,False,False,False,False,False,False,False,False,False,False,False,-1,False
SA-000779,judge_1,Ambiguous,Ambiguous,Ambiguous,True,True,True,False,False,True,False,False,False,False,False,30,False
SA-000779,judge_2,Ambiguous,Ambiguous,Ambiguous,True,True,True,False,False,True,False,False,False,False,False,38,False
SA-000779,judge_3,Ambiguous,Ambiguous,Ambiguous,True,True,True,False,False,True,False,False,False,False,False,8,False
SA-000779,judge_4,Ambiguous,Ambiguous,Ambiguous,True,True,True,False,False,True,False,False,False,False,False,12,False
SA-000779,judge_5,Ambiguous,Ambiguous,Ambiguous,True,True,True,False,False,True,False,False,False,False,False,-30,False
SA-000780,judge_1,Refuted,Refuted,Refuted,False,False,False,False,False,False,False,False,False,False,False,7,True
SA-000780,judge_2,Refuted,Refuted,Refuted,False,False,False,False,False,False,False,False,False,False,False,2,False
SA-000780,judge_3,Refuted,Refuted,Refuted,False,False,False,False,False,False,False,False,False,False,False,6,False
SA-000780,judge_4,Refuted,Refuted,Refuted,False,False,False,False,False,False,False,False,False,False,False,6,True
SA-000780,judge_5,Refuted,Refuted,Refuted,False,False,False,False,False,False,False,False,False,False,False,7,True
SA-000781,judge_1,Refuted,Refuted,Refuted,False,False,False,False,False,False,False,False,False,False,False,10,False
SA-000781,judge_2,Refuted,Ambiguous,Refuted,False,True,False,False,True,False,False,False,True,True,False,-1,False
SA-000781,judge_3,Refuted,Refuted,Ambiguous,False,False,True,False,False,True,False,False,False,True,True,-20,False
SA-000781,judge_4,Refuted,Refuted,Ambiguous,False,False,True,False,False,True,False,False,False,True,True,-14,False
SA-000781,judge_5,Ambiguous,Ambiguous,Refuted,True,True,False,False,True,False,False,False,False,True,True,30,True
SA-000782,judge_1,Supported,Supported,Supported,False,False,False,False,False,False,False,False,False,False,False,1,False
SA-000782,judge_2,Supported,Supported,Supported,False,False,False,False,False,False,False,False,False,False,False,-6,False
SA-000782,judge_3,Supported,Supported,Supported,False,False,False,False,False,False,False,False,False,False,False,3,False
SA-000782,judge_4,Supported,Supported,Supported,False,False,False,False,False,False,False,False,False,False,False,-5,False
SA-000782,judge_5,Supported,Supported,Supported,False,False,False,False,False,False,False,False,False,False,False,-2,False
SA-000783,judge_1,Ambiguous,Refuted,Refuted,True,False,False,True,False,False,False,False,True,False,True,48,True
SA-000783,judge_2,Refuted,Refuted,Refuted,False,False,False,False,False,False,False,False,False,False,False,4,True
SA-000783,judge_3,Refuted,Refuted,Ambiguous,False,False,True,False,False,True,False,False,False,True,True,-15,False
SA-000783,judge_4,Refuted,Refuted,Ambiguous,False,False,True,False,False,True,False,False,False,True,True,-7,False
SA-000783,judge_5,Ambiguous,Refuted,Ambiguous,True,False,True,True,False,True,False,False,True,True,False,-19,False
SA-000784,judge_1,Ambiguous,Ambiguous,Ambiguous,True,True,True,False,False,True,False,False,False,False,False,20,False
SA-000784,judge_2,Ambiguous,Ambiguous,Ambiguous,True,True,True,False,False,True,False,False,False,False,False,20,False
SA-000784,judge_3,Ambiguous,Ambiguous,Ambiguous,True,True,True,False,False,True,False,False,False,False,False,6,False
SA-000784,judge_4,Ambiguous,Ambiguous,Ambiguous,True,True,True,False,False,True,False,False,False,False,False,-1,False
SA-000784,judge_5,Ambiguous,Ambiguous,Ambiguous,True,True,True,False,False,True,False,False,False,False,False,-6,False
SA-000785,judge_1,Supported,Supported,Supported,False,False,False,False,False,False,False,False,False,False,False,10,False
SA-000785,judge_2,Supported,Supported,Supported,False,False,False,False,False,False,False,False,False,False,False,5,False
SA-000785,judge_3,Supported,Supported,Supported,False,False,False,False,False,False,False,False,False,False,False,8,True
SA-000785,judge_4,Supported,Supported,Supported,False,False,False,False,False,False,False,False,False,False,False,4,False
SA-000785,judge_5,Supported,Supported,Supported,False,False,False,False,False,False,False,False,False,False,False,3,False
SA-000786,judge_1,Ambiguous,Refuted,Refuted,True,False,False,True,False,False,False,False,True,False,True,22,True
SA-000786,judge_2,Ambiguous,Refuted,Refuted,True,False,False,True,False,False,False,False,True,False,True,36,True
SA-000786,judge_3,Ambiguous,Refuted,Refuted,True,False,False,True,False,False,False,False,True,False,True,40,True
SA-000786,judge_4,Ambiguous,Refuted,Refuted,True,False,False,True,False,False,False,False,True,False,True,16,True
SA-000786,judge_5,Ambiguous,Refuted,Refuted,True,False,False,True,False,False,False,False,True,False,True,30,True
SA-000787,judge_1,Supported,Ambiguous,Supported,False,True,False,False,True,False,False,False,True,True,False,8,False
SA-000787,judge_2,Supported,Ambiguous,Supported,False,True,False,False,True,False,False,False,True,True,False,3,False
SA-000787,judge_3,Ambiguous,Ambiguous,Supported,True,True,False,False,True,False,False,False,False,True,True,33,True
SA-000787,judge_4,Ambiguous,Ambiguous,Supported,True,True,False,False,True,False,False,False,False,True,True,15,True
SA-000787,judge_5,Supported,Ambiguous,Supported,False,True,False,False,True,False,False,False,True,True,False,-2,False
SA-000788,judge_1,Refuted,Refuted,Refuted,False,False,False,False,False,False,False,False,False,False,False,10,True
SA-000788,judge_2,Refuted,Refuted,Refuted,False,False,False,False,False,False,False,False,False,False,False,0,False
SA-000788,judge_3,Refuted,Refuted,Refuted,False,False,False,False,False,False,False,False,False,False,False,1,False
SA-000788,judge_4,Refuted,Refuted,Refuted,False,False,False,False,False,False,False,False,False,False,False,5,True
SA-000788,judge_5,Refuted,Refuted,Refuted,False,False,False,False,False,False,False,False,False,False,False,0,False
SA-000789,judge_1,Refuted,Refuted,Refuted,False,False,False,False,False,False,False,False,False,False,False,0,False
SA-000789,judge_2,Refuted,Refuted,Refuted,False,False,False,False,False,False,False,False,False,False,False,0,False
SA-000789,judge_3,Refuted,Refuted,Refuted,False,False,False,False,False,False,False,False,False,False,False,2,False
SA-000789,judge_4,Refuted,Refuted,Refuted,False,False,False,False,False,False,False,False,False,False,False,-1,False
SA-000789,judge_5,Refuted,Refuted,Refuted,False,False,False,False,False,False,False,False,False,False,False,-1,False
SA-000790,judge_1,Ambiguous,Ambiguous,Supported,True,True,False,False,True,False,False,False,False,True,True,38,True
SA-000790,judge_2,Ambiguous,Ambiguous,Supported,True,True,False,False,True,False,False,False,False,True,True,36,True
SA-000790,judge_3,Ambiguous,Ambiguous,Supported,True,True,False,False,True,False,False,False,False,True,True,25,True
SA-000790,judge_4,Ambiguous,Ambiguous,Supported,True,True,False,False,True,False,False,False,False,True,True,17,True
SA-000790,judge_5,Ambiguous,Ambiguous,Supported,True,True,False,False,True,False,False,False,False,True,True,24,True
SA-000791,judge_1,Ambiguous,Ambiguous,Ambiguous,True,True,True,False,False,True,False,False,False,False,False,20,False
SA-000791,judge_2,Ambiguous,Ambiguous,Ambiguous,True,True,True,False,False,True,False,False,False,False,False,36,True
SA-000791,judge_3,Ambiguous,Ambiguous,Ambiguous,True,True,True,False,False,True,False,False,False,False,False,20,False
SA-000791,judge_4,Ambiguous,Ambiguous,Ambiguous,True,True,True,False,False,True,False,False,False,False,False,13,False
SA-000791,judge_5,Ambiguous,Ambiguous,Ambiguous,True,True,True,False,False,True,False,False,False,False,False,-5,False
SA-000792,judge_1,Ambiguous,Ambiguous,Refuted,True,True,False,False,True,False,False,False,False,True,True,54,True
SA-000792,judge_2,Ambiguous,Ambiguous,Refuted,True,True,False,False,True,False,False,False,False,True,True,62,True
SA-000792,judge_3,Ambiguous,Ambiguous,Refuted,True,True,False,False,True,False,False,False,False,True,True,22,True
SA-000792,judge_4,Ambiguous,Ambiguous,Refuted,True,True,False,False,True,False,False,False,False,True,True,24,True
SA-000792,judge_5,Ambiguous,Ambiguous,Refuted,True,True,False,False,True,False,False,False,False,True,True,18,True
SA-000793,judge_1,Ambiguous,Ambiguous,Ambiguous,True,True,True,False,False,True,False,False,False,False,False,24,False
SA-000793,judge_2,Ambiguous,Ambiguous,Refuted,True,True,False,False,True,False,False,False,False,True,True,33,True
SA-000793,judge_3,Ambiguous,Ambiguous,Ambiguous,True,True,True,False,False,True,False,False,False,False,False,16,False
SA-000793,judge_4,Ambiguous,Ambiguous,Ambiguous,True,True,True,False,False,True,False,False,False,False,False,2,False
SA-000793,judge_5,Ambiguous,Ambiguous,Ambiguous,True,True,True,False,False,True,False,False,False,False,False,-12,False
SA-000794,judge_1,Supported,Supported,Supported,False,False,False,False,False,False,False,False,False,False,False,0,False
SA-000794,judge_2,Supported,Supported,Supported,False,False,False,False,False,False,False,False,False,False,False,0,False
SA-000794,judge_3,Supported,Supported,Supported,False,False,False,False,False,False,False,False,False,False,False,1,False
SA-000794,judge_4,Supported,Supported,Supported,False,False,False,False,False,False,False,False,False,False,False,0,False
SA-000794,judge_5,Supported,Supported,Supported,False,False,False,False,False,False,False,False,False,False,False,0,False
SA-000795,judge_1,Supported,Supported,Supported,False,False,False,False,False,False,False,False,False,False,False,13,True
SA-000795,judge_2,Supported,Supported,Supported,False,False,False,False,False,False,False,False,False,False,False,10,True
SA-000795,judge_3,Supported,Supported,Supported,False,False,False,False,False,False,False,False,False,False,False,15,True
SA-000795,judge_4,Supported,Supported,Supported,False,False,False,False,False,False,False,False,False,False,False,7,True
SA-000795,judge_5,Supported,Supported,Supported,False,False,False,False,False,False,False,False,False,False,False,9,True
SA-000796,judge_1,Refuted,Refuted,Refuted,False,False,False,False,False,False,False,False,False,False,False,7,True
SA-000796,judge_2,Refuted,Refuted,Refuted,False,False,False,False,False,False,False,False,False,False,False,7,True
SA-000796,judge_3,Refuted,Refuted,Refuted,False,False,False,False,False,False,False,False,False,False,False,5,False
SA-000796,judge_4,Refuted,Refuted,Refuted,False,False,False,False,False,False,False,False,False,False,False,6,True
SA-000796,judge_5,Refuted,Refuted,Refuted,False,False,False,False,False,False,False,False,False,False,False,5,True
SA-000797,judge_1,Refuted,Refuted,Refuted,False,False,False,False,False,False,False,False,False,False,False,3,True
SA-000797,judge_2,Refuted,Refuted,Refuted,False,False,False,False,False,False,False,False,False,False,False,1,False
SA-000797,judge_3,Refuted,Refuted,Refuted,False,False,False,False,False,False,False,False,False,False,False,4,False
SA-000797,judge_4,Refuted,Refuted,Refuted,False,False,False,False,False,False,False,False,False,False,False,1,False
SA-000797,judge_5,Refuted,Refuted,Refuted,False,False,False,False,False,False,False,False,False,False,False,0,False
SA-000798,judge_1,Supported,Supported,Supported,False,False,False,False,False,False,False,False,False,False,False,7,True
SA-000798,judge_2,Supported,Supported,Supported,False,False,False,False,False,False,False,False,False,False,False,2,True
SA-000798,judge_3,Supported,Supported,Supported,False,False,False,False,False,False,False,False,False,False,False,12,True
SA-000798,judge_4,Supported,Supported,Supported,False,False,False,False,False,False,False,False,False,False,False,4,True
SA-000798,judge_5,Supported,Supported,Supported,False,False,False,False,False,False,False,False,False,False,False,4,True
SA-000799,judge_1,Supported,Supported,Supported,False,False,False,False,False,False,False,False,False,False,False,0,False
SA-000799,judge_2,Supported,Supported,Supported,False,False,False,False,False,False,False,False,False,False,False,-2,False
SA-000799,judge_3,Supported,Supported,Supported,False,False,False,False,False,False,False,False,False,False,False,2,False
SA-000799,judge_4,Supported,Supported,Supported,False,False,False,False,False,False,False,False,False,False,False,0,False
SA-000799,judge_5,Supported,Supported,Supported,False,False,False,False,False,False,False,False,False,False,False,-1,False
SA-000800,judge_1,Ambiguous,Ambiguous,Ambiguous,True,True,True,False,False,True,False,False,False,False,False,38,True
SA-000800,judge_2,Ambiguous,Ambiguous,Ambiguous,True,True,True,False,False,True,False,False,False,False,False,46,False
SA-000800,judge_3,Ambiguous,Ambiguous,Ambiguous,True,True,True,False,False,True,False,False,False,False,False,42,False
SA-000800,judge_4,Ambiguous,Ambiguous,Ambiguous,True,True,True,False,False,True,False,False,False,False,False,18,False
SA-000800,judge_5,Ambiguous,Ambiguous,Ambiguous,True,True,True,False,False,True,False,False,False,False,False,-37,False
SA-000801,judge_1,Supported,Supported,Supported,False,False,False,False,False,False,False,False,False,False,False,12,False
SA-000801,judge_2,Supported,Supported,Supported,False,False,False,False,False,False,False,False,False,False,False,3,False
SA-000801,judge_3,Supported,Supported,Supported,False,False,False,False,False,False,False,False,False,False,False,2,False
SA-000801,judge_4,Supported,Supported,Supported,False,False,False,False,False,False,False,False,False,False,False,5,False
SA-000801,judge_5,Supported,Supported,Supported,False,False,False,False,False,False,False,False,False,False,False,-1,False
SA-000802,judge_1,Refuted,Ambiguous,Refuted,False,True,False,False,True,False,False,False,True,True,False,0,False
SA-000802,judge_2,Refuted,Ambiguous,Refuted,False,True,False,False,True,False,False,False,True,True,False,1,False
SA-000802,judge_3,Ambiguous,Refuted,Refuted,True,False,False,True,False,False,False,False,True,False,True,14,True
SA-000802,judge_4,Refuted,Refuted,Refuted,False,False,False,False,False,False,False,False,False,False,False,-10,False
SA-000802,judge_5,Refuted,Refuted,Refuted,False,False,False,False,False,False,False,False,False,False,False,2,True
SA-000803,judge_1,Supported,Supported,Supported,False,False,False,False,False,False,False,False,False,False,False,2,False
SA-000803,judge_2,Supported,Supported,Supported,False,False,False,False,False,False,False,False,False,False,False,2,False
SA-000803,judge_3,Supported,Supported,Supported,False,False,False,False,False,False,False,False,False,False,False,0,False
SA-000803,judge_4,Supported,Supported,Supported,False,False,False,False,False,False,False,False,False,False,False,10,True
SA-000803,judge_5,Supported,Supported,Supported,False,False,False,False,False,False,False,False,False,False,False,0,False
SA-000804,judge_1,Refuted,Refuted,Refuted,False,False,False,False,False,False,False,False,False,False,False,0,False
SA-000804,judge_2,Refuted,Refuted,Refuted,False,False,False,False,False,False,False,False,False,False,False,1,False
SA-000804,judge_3,Refuted,Refuted,Refuted,False,False,False,False,False,False,False,False,False,False,False,0,False
SA-000804,judge_4,Refuted,Refuted,Refuted,False,False,False,False,False,False,False,False,False,False,False,1,False
SA-000804,judge_5,Refuted,Refuted,Refuted,False,False,False,False,False,False,False,False,False,False,False,0,False
SA-000805,judge_1,Supported,Supported,Supported,False,False,False,False,False,False,False,False,False,False,False,18,True
SA-000805,judge_2,Ambiguous,Supported,Supported,True,False,False,True,False,False,False,False,True,False,True,39,True
SA-000805,judge_3,Supported,Supported,Supported,False,False,False,False,False,False,False,False,False,False,False,13,True
SA-000805,judge_4,Supported,Supported,Supported,False,False,False,False,False,False,False,False,False,False,False,17,True
SA-000805,judge_5,Supported,Supported,Supported,False,False,False,False,False,False,False,False,False,False,False,17,True
SA-000806,judge_1,Supported,Supported,Supported,False,False,False,False,False,False,False,False,False,False,False,13,True
SA-000806,judge_2,Ambiguous,Supported,Supported,True,False,False,True,False,False,False,False,True,False,True,40,True
SA-000806,judge_3,Supported,Supported,Supported,False,False,False,False,False,False,False,False,False,False,False,11,True
SA-000806,judge_4,Supported,Supported,Supported,False,False,False,False,False,False,False,False,False,False,False,18,True
SA-000806,judge_5,Supported,Supported,Supported,False,False,False,False,False,False,False,False,False,False,False,12,True
SA-000807,judge_1,Supported,Supported,Supported,False,False,False,False,False,False,False,False,False,False,False,9,True
SA-000807,judge_2,Ambiguous,Supported,Supported,True,False,False,True,False,False,False,False,True,False,True,39,True
SA-000807,judge_3,Supported,Supported,Supported,False,False,False,False,False,False,False,False,False,False,False,10,True
SA-000807,judge_4,Supported,Supported,Supported,False,False,False,False,False,False,False,False,False,False,False,13,True
SA-000807,judge_5,Supported,Supported,Supported,False,False,False,False,False,False,False,False,False,False,False,10,True
SA-000808,judge_1,Refuted,Refuted,Refuted,False,False,False,False,False,False,False,False,False,False,False,1,False
SA-000808,judge_2,Refuted,Refuted,Refuted,False,False,False,False,False,False,False,False,False,False,False,2,False
SA-000808,judge_3,Refuted,Refuted,Refuted,False,False,False,False,False,False,False,False,False,False,False,1,False
SA-000808,judge_4,Refuted,Refuted,Refuted,False,False,False,False,False,False,False,False,False,False,False,-1,False
SA-000808,judge_5,Refuted,Refuted,Refuted,False,False,False,False,False,False,False,False,False,False,False,-2,False
SA-000809,judge_1,Ambiguous,Supported,Ambiguous,True,False,True,True,False,True,False,False,True,True,False,0,False
SA-000809,judge_2,Ambiguous,Ambiguous,Ambiguous,True,True,True,False,False,True,False,False,False,False,False,6,False
SA-000809,judge_3,Supported,Ambiguous,Ambiguous,False,True,True,False,False,True,False,False,True,False,True,-18,False
SA-000809,judge_4,Ambiguous,Supported,Ambiguous,True,False,True,True,False,True,False,False,True,True,False,3,False
SA-000809,judge_5,Ambiguous,Ambiguous,Ambiguous,True,True,True,False,False,True,False,False,False,False,False,-6,False
SA-000810,judge_1,Supported,Supported,Supported,False,False,False,False,False,False,False,False,False,False,False,4,True
SA-000810,judge_2,Supported,Supported,Supported,False,False,False,False,False,False,False,False,False,False,False,8,False
SA-000810,judge_3,Supported,Supported,Supported,False,False,False,False,False,False,False,False,False,False,False,-2,False
SA-000810,judge_4,Supported,Supported,Supported,False,False,False,False,False,False,False,False,False,False,False,0,False
SA-000810,judge_5,Supported,Supported,Supported,False,False,False,False,False,False,False,False,False,False,False,12,True
SA-000811,judge_1,Refuted,Refuted,Refuted,False,False,False,False,False,False,False,False,False,False,False,-1,False
SA-000811,judge_2,Refuted,Refuted,Refuted,False,False,False,False,False,False,False,False,False,False,False,2,False
SA-000811,judge_3,Refuted,Refuted,Refuted,False,False,False,False,False,False,False,False,False,False,False,1,False
SA-000811,judge_4,Refuted,Refuted,Refuted,False,False,False,False,False,False,False,False,False,False,False,-1,False
SA-000811,judge_5,Refuted,Refuted,Refuted,False,False,False,False,False,False,False,False,False,False,False,-1,False
SA-000812,judge_1,Supported,Supported,Supported,False,False,False,False,False,False,False,False,False,False,False,4,True
SA-000812,judge_2,Ambiguous,Supported,Supported,True,False,False,True,False,False,False,False,True,False,True,38,True
SA-000812,judge_3,Supported,Supported,Supported,False,False,False,False,False,False,False,False,False,False,False,5,True
SA-000812,judge_4,Supported,Supported,Supported,False,False,False,False,False,False,False,False,False,False,False,14,True
SA-000812,judge_5,Supported,Supported,Supported,False,False,False,False,False,False,False,False,False,False,False,2,True
SA-000813,judge_1,Ambiguous,Ambiguous,Supported,True,True,False,False,True,False,False,False,False,True,True,30,True
SA-000813,judge_2,Ambiguous,Ambiguous,Supported,True,True,False,False,True,False,False,False,False,True,True,46,True
SA-000813,judge_3,Ambiguous,Ambiguous,Supported,True,True,False,False,True,False,False,False,False,True,True,18,True
SA-000813,judge_4,Ambiguous,Ambiguous,Supported,True,True,False,False,True,False,False,False,False,True,True,39,True
SA-000813,judge_5,Ambiguous,Ambiguous,Supported,True,True,False,False,True,False,False,False,False,True,True,10,True
SA-000814,judge_1,Supported,Supported,Supported,False,False,False,False,False,False,False,False,False,False,False,14,True
SA-000814,judge_2,Ambiguous,Supported,Supported,True,False,False,True,False,False,False,False,True,False,True,41,True
SA-000814,judge_3,Supported,Supported,Supported,False,False,False,False,False,False,False,False,False,False,False,7,True
SA-000814,judge_4,Supported,Supported,Supported,False,False,False,False,False,False,False,False,False,False,False,8,True
SA-000814,judge_5,Supported,Supported,Supported,False,False,False,False,False,False,False,False,False,False,False,7,True
SA-000815,judge_1,Refuted,Refuted,Refuted,False,False,False,False,False,False,False,False,False,False,False,1,False
SA-000815,judge_2,Refuted,Refuted,Refuted,False,False,False,False,False,False,False,False,False,False,False,2,False
SA-000815,judge_3,Refuted,Refuted,Refuted,False,False,False,False,False,False,False,False,False,False,False,1,False
SA-000815,judge_4,Refuted,Refuted,Refuted,False,False,False,False,False,False,False,False,False,False,False,0,False
SA-000815,judge_5,Refuted,Refuted,Refuted,False,False,False,False,False,False,False,False,False,False,False,0,False
SA-000816,judge_1,Ambiguous,Ambiguous,Ambiguous,True,True,True,False,False,True,False,False,False,False,False,0,False
SA-000816,judge_2,Ambiguous,Ambiguous,Ambiguous,True,True,True,False,False,True,False,False,False,False,False,10,False
SA-000816,judge_3,Ambiguous,Ambiguous,Ambiguous,True,True,True,False,False,True,False,False,False,False,False,-6,False
SA-000816,judge_4,Ambiguous,Ambiguous,Ambiguous,True,True,True,False,False,True,False,False,False,False,False,-8,False
SA-000816,judge_5,Ambiguous,Ambiguous,Ambiguous,True,True,True,False,False,True,False,False,False,False,False,3,False
SA-000817,judge_1,Supported,Supported,Supported,False,False,False,False,False,False,False,False,False,False,False,2,False
SA-000817,judge_2,Ambiguous,Supported,Supported,True,False,False,True,False,False,False,False,True,False,True,32,True
SA-000817,judge_3,Supported,Supported,Supported,False,False,False,False,False,False,False,False,False,False,False,5,True
SA-000817,judge_4,Supported,Supported,Supported,False,False,False,False,False,False,False,False,False,False,False,3,False
SA-000817,judge_5,Supported,Supported,Supported,False,False,False,False,False,False,False,False,False,False,False,-4,False
SA-000818,judge_1,Supported,Supported,Supported,False,False,False,False,False,False,False,False,False,False,False,0,False
SA-000818,judge_2,Supported,Supported,Supported,False,False,False,False,False,False,False,False,False,False,False,2,False
SA-000818,judge_3,Supported,Supported,Supported,False,False,False,False,False,False,False,False,False,False,False,-4,False
SA-000818,judge_4,Supported,Supported,Ambiguous,False,False,True,False,False,True,False,False,False,True,True,-38,False
SA-000818,judge_5,Supported,Supported,Supported,False,False,False,False,False,False,False,False,False,False,False,-2,False
SA-000819,judge_1,Refuted,Refuted,Refuted,False,False,False,False,False,False,False,False,False,False,False,-7,False
SA-000819,judge_2,Refuted,Refuted,Refuted,False,False,False,False,False,False,False,False,False,False,False,-5,False
SA-000819,judge_3,Refuted,Refuted,Refuted,False,False,False,False,False,False,False,False,False,False,False,-8,False
SA-000819,judge_4,Refuted,Refuted,Refuted,False,False,False,False,False,False,False,False,False,False,False,-9,False
SA-000819,judge_5,Refuted,Refuted,Refuted,False,False,False,False,False,False,False,False,False,False,False,-10,False
SA-000820,judge_1,Supported,Supported,Supported,False,False,False,False,False,False,False,False,False,False,False,0,False
SA-000820,judge_2,Supported,Supported,Supported,False,False,False,False,False,False,False,False,False,False,False,1,False
SA-000820,judge_3,Supported,Supported,Supported,False,False,False,False,False,False,False,False,False,False,False,0,False
SA-000820,judge_4,Supported,Supported,Supported,False,False,False,False,False,False,False,False,False,False,False,0,False
SA-000820,judge_5,Supported,Supported,Supported,False,False,False,False,False,False,False,False,False,False,False,0,False
SA-000821,judge_1,Refuted,Refuted,Refuted,False,False,False,False,False,False,False,False,False,False,False,0,False
SA-000821,judge_2,Refuted,Refuted,Refuted,False,False,False,False,False,False,False,False,False,False,False,10,True
SA-000821,judge_3,Refuted,Refuted,Refuted,False,False,False,False,False,False,False,False,False,False,False,-3,False
SA-000821,judge_4,Refuted,Refuted,Refuted,False,False,False,False,False,False,False,False,False,False,False,2,False
SA-000821,judge_5,Refuted,Refuted,Refuted,False,False,False,False,False,False,False,False,False,False,False,-4,False
SA-000822,judge_1,Refuted,Refuted,Refuted,False,False,False,False,False,False,False,False,False,False,False,1,False
SA-000822,judge_2,Refuted,Refuted,Refuted,False,False,False,False,False,False,False,False,False,False,False,4,False
SA-000822,judge_3,Refuted,Refuted,Refuted,False,False,False,False,False,False,False,False,False,False,False,-1,False
SA-000822,judge_4,Refuted,Refuted,Refuted,False,False,False,False,False,False,False,False,False,False,False,1,False
SA-000822,judge_5,Refuted,Refuted,Refuted,False,False,False,False,False,False,False,False,False,False,False,-2,False
SA-000823,judge_1,Refuted,Refuted,Refuted,False,False,False,False,False,False,False,False,False,False,False,-1,False
SA-000823,judge_2,Refuted,Refuted,Refuted,False,False,False,False,False,False,False,False,False,False,False,2,False
SA-000823,judge_3,Refuted,Refuted,Refuted,False,False,False,False,False,False,False,False,False,False,False,0,False
SA-000823,judge_4,Refuted,Refuted,Refuted,False,False,False,False,False,False,False,False,False,False,False,2,False
SA-000823,judge_5,Refuted,Refuted,Refuted,False,False,False,False,False,False,False,False,False,False,False,-1,False
SA-000824,judge_1,Refuted,Refuted,Refuted,False,False,False,False,False,False,False,False,False,False,False,1,False
SA-000824,judge_2,Ambiguous,Refuted,Refuted,True,False,False,True,False,False,False,False,True,False,True,46,True
SA-000824,judge_3,Refuted,Refuted,Refuted,False,False,False,False,False,False,False,False,False,False,False,1,False
SA-000824,judge_4,Refuted,Refuted,Refuted,False,False,False,False,False,False,False,False,False,False,False,1,False
SA-000824,judge_5,Refuted,Refuted,Refuted,False,False,False,False,False,False,False,False,False,False,False,0,False
SA-000825,judge_1,Ambiguous,Supported,Supported,True,False,False,True,False,False,False,False,True,False,True,22,True
SA-000825,judge_2,Ambiguous,Supported,Supported,True,False,False,True,False,False,False,False,True,False,True,38,True
SA-000825,judge_3,Supported,Supported,Ambiguous,False,False,True,False,False,True,False,False,False,True,True,-20,False
SA-000825,judge_4,Supported,Supported,Supported,False,False,False,False,False,False,False,False,False,False,False,8,False
SA-000825,judge_5,Supported,Ambiguous,Supported,False,True,False,False,True,False,False,False,True,True,False,-3,False
SA-000826,judge_1,Refuted,Refuted,Refuted,False,False,False,False,False,False,False,False,False,False,False,0,False
SA-000826,judge_2,Ambiguous,Refuted,Refuted,True,False,False,True,False,False,False,False,True,False,True,37,True
SA-000826,judge_3,Refuted,Refuted,Refuted,False,False,False,False,False,False,False,False,False,False,False,-2,False
SA-000826,judge_4,Refuted,Refuted,Refuted,False,False,False,False,False,False,False,False,False,False,False,0,False
SA-000826,judge_5,Refuted,Refuted,Refuted,False,False,False,False,False,False,False,False,False,False,False,0,False
SA-000827,judge_1,Ambiguous,Ambiguous,Supported,True,True,False,False,True,False,False,False,False,True,True,24,True
SA-000827,judge_2,Ambiguous,Ambiguous,Ambiguous,True,True,True,False,False,True,False,False,False,False,False,9,False
SA-000827,judge_3,Ambiguous,Ambiguous,Ambiguous,True,True,True,False,False,True,False,False,False,False,False,6,False
SA-000827,judge_4,Ambiguous,Ambiguous,Ambiguous,True,True,True,False,False,True,False,False,False,False,False,-1,False
SA-000827,judge_5,Ambiguous,Ambiguous,Ambiguous,True,True,True,False,False,True,False,False,False,False,False,-8,False
SA-000828,judge_1,Supported,Supported,Supported,False,False,False,False,False,False,False,False,False,False,False,-2,False
SA-000828,judge_2,Supported,Supported,Supported,False,False,False,False,False,False,False,False,False,False,False,4,False
SA-000828,judge_3,Supported,Supported,Supported,False,False,False,False,False,False,False,False,False,False,False,-6,False
SA-000828,judge_4,Supported,Supported,Supported,False,False,False,False,False,False,False,False,False,False,False,1,False
SA-000828,judge_5,Supported,Supported,Supported,False,False,False,False,False,False,False,False,False,False,False,0,False
SA-000829,judge_1,Refuted,Refuted,Refuted,False,False,False,False,False,False,False,False,False,False,False,1,False
SA-000829,judge_2,Refuted,Refuted,Refuted,False,False,False,False,False,False,False,False,False,False,False,3,False
SA-000829,judge_3,Refuted,Refuted,Refuted,False,False,False,False,False,False,False,False,False,False,False,4,False
SA-000829,judge_4,Refuted,Refuted,Refuted,False,False,False,False,False,False,False,False,False,False,False,0,False
SA-000829,judge_5,Refuted,Refuted,Refuted,False,False,False,False,False,False,False,False,False,False,False,0,False
SA-000830,judge_1,Ambiguous,Ambiguous,Ambiguous,True,True,True,False,False,True,False,False,False,False,False,-7,False
SA-000830,judge_2,Ambiguous,Ambiguous,Ambiguous,True,True,True,False,False,True,False,False,False,False,False,3,False
SA-000830,judge_3,Ambiguous,Ambiguous,Ambiguous,True,True,True,False,False,True,False,False,False,False,False,-2,False
SA-000830,judge_4,Ambiguous,Ambiguous,Ambiguous,True,True,True,False,False,True,False,False,False,False,False,-4,False
SA-000830,judge_5,Ambiguous,Ambiguous,Ambiguous,True,True,True,False,False,True,False,False,False,False,False,-13,False
SA-000831,judge_1,Ambiguous,Refuted,Refuted,True,False,False,True,False,False,False,False,True,False,True,24,True
SA-000831,judge_2,Refuted,Refuted,Refuted,False,False,False,False,False,False,False,False,False,False,False,9,True
SA-000831,judge_3,Refuted,Refuted,Refuted,False,False,False,False,False,False,False,False,False,False,False,-2,False
SA-000831,judge_4,Refuted,Refuted,Refuted,False,False,False,False,False,False,False,False,False,False,False,-4,False
SA-000831,judge_5,Ambiguous,Refuted,Refuted,True,False,False,True,False,False,False,False,True,False,True,15,True
SA-000832,judge_1,Ambiguous,Ambiguous,Supported,True,True,False,False,True,False,False,False,False,True,True,10,True
SA-000832,judge_2,Ambiguous,Ambiguous,Supported,True,True,False,False,True,False,False,False,False,True,True,60,True
SA-000832,judge_3,Ambiguous,Ambiguous,Supported,True,True,False,False,True,False,False,False,False,True,True,4,True
SA-000832,judge_4,Ambiguous,Ambiguous,Supported,True,True,False,False,True,False,False,False,False,True,True,56,True
SA-000832,judge_5,Ambiguous,Ambiguous,Supported,True,True,False,False,True,False,False,False,False,True,True,2,True
SA-000833,judge_1,Supported,Supported,Supported,False,False,False,False,False,False,False,False,False,False,False,4,True
SA-000833,judge_2,Supported,Supported,Supported,False,False,False,False,False,False,False,False,False,False,False,10,False
SA-000833,judge_3,Supported,Supported,Supported,False,False,False,False,False,False,False,False,False,False,False,0,False
SA-000833,judge_4,Supported,Supported,Supported,False,False,False,False,False,False,False,False,False,False,False,5,False
SA-000833,judge_5,Supported,Supported,Supported,False,False,False,False,False,False,False,False,False,False,False,5,True
SA-000834,judge_1,Ambiguous,Supported,Supported,True,False,False,True,False,False,False,False,True,False,True,22,True
SA-000834,judge_2,Ambiguous,Ambiguous,Supported,True,True,False,False,True,False,False,False,False,True,True,28,True
SA-000834,judge_3,Ambiguous,Ambiguous,Ambiguous,True,True,True,False,False,True,False,False,False,False,False,2,False
SA-000834,judge_4,Ambiguous,Supported,Ambiguous,True,False,True,True,False,True,False,False,True,True,False,-5,False
SA-000834,judge_5,Ambiguous,Ambiguous,Ambiguous,True,True,True,False,False,True,False,False,False,False,False,-12,False
SA-000835,judge_1,Ambiguous,Ambiguous,Ambiguous,True,True,True,False,False,True,False,False,False,False,False,-16,False
SA-000835,judge_2,Ambiguous,Ambiguous,Ambiguous,True,True,True,False,False,True,False,False,False,False,False,0,False
SA-000835,judge_3,Ambiguous,Ambiguous,Ambiguous,True,True,True,False,False,True,False,False,False,False,False,-8,False
SA-000835,judge_4,Ambiguous,Ambiguous,Ambiguous,True,True,True,False,False,True,False,False,False,False,False,3,False
SA-000835,judge_5,Ambiguous,Ambiguous,Ambiguous,True,True,True,False,False,True,False,False,False,False,False,-3,False
SA-000836,judge_1,Supported,Supported,Supported,False,False,False,False,False,False,False,False,False,False,False,8,True
SA-000836,judge_2,Supported,Supported,Supported,False,False,False,False,False,False,False,False,False,False,False,14,True
SA-000836,judge_3,Supported,Supported,Supported,False,False,False,False,False,False,False,False,False,False,False,6,True
SA-000836,judge_4,Supported,Supported,Supported,False,False,False,False,False,False,False,False,False,False,False,10,True
SA-000836,judge_5,Supported,Supported,Supported,False,False,False,False,False,False,False,False,False,False,False,10,True
SA-000837,judge_1,Supported,Supported,Supported,False,False,False,False,False,False,False,False,False,False,False,4,False
SA-000837,judge_2,Ambiguous,Supported,Supported,True,False,False,True,False,False,False,False,True,False,True,46,True
SA-000837,judge_3,Supported,Supported,Supported,False,False,False,False,False,False,False,False,False,False,False,-6,False
SA-000837,judge_4,Supported,Supported,Supported,False,False,False,False,False,False,False,False,False,False,False,4,False
SA-000837,judge_5,Supported,Supported,Supported,False,False,False,False,False,False,False,False,False,False,False,1,False
SA-000838,judge_1,Ambiguous,Ambiguous,Supported,True,True,False,False,True,False,False,False,False,True,True,18,True
SA-000838,judge_2,Ambiguous,Ambiguous,Ambiguous,True,True,True,False,False,True,False,False,False,False,False,14,False
SA-000838,judge_3,Ambiguous,Ambiguous,Ambiguous,True,True,True,False,False,True,False,False,False,False,False,3,False
SA-000838,judge_4,Ambiguous,Ambiguous,Ambiguous,True,True,True,False,False,True,False,False,False,False,False,1,False
SA-000838,judge_5,Supported,Ambiguous,Ambiguous,False,True,True,False,False,True,False,False,True,False,True,-20,False
SA-000839,judge_1,Ambiguous,Supported,Supported,True,False,False,True,False,False,False,False,True,False,True,16,True
SA-000839,judge_2,Ambiguous,Supported,Supported,True,False,False,True,False,False,False,False,True,False,True,32,True
SA-000839,judge_3,Ambiguous,Supported,Ambiguous,True,False,True,True,False,True,False,False,True,True,False,2,False
SA-000839,judge_4,Ambiguous,Ambiguous,Ambiguous,True,True,True,False,False,True,False,False,False,False,False,0,False
SA-000839,judge_5,Ambiguous,Ambiguous,Supported,True,True,False,False,True,False,False,False,False,True,True,8,True
SA-000840,judge_1,Supported,Supported,Supported,False,False,False,False,False,False,False,False,False,False,False,15,True
SA-000840,judge_2,Ambiguous,Supported,Supported,True,False,False,True,False,False,False,False,True,False,True,41,True
SA-000840,judge_3,Supported,Supported,Supported,False,False,False,False,False,False,False,False,False,False,False,10,True
SA-000840,judge_4,Supported,Supported,Supported,False,False,False,False,False,False,False,False,False,False,False,14,True
SA-000840,judge_5,Supported,Supported,Supported,False,False,False,False,False,False,False,False,False,False,False,10,True
SA-000841,judge_1,Refuted,Refuted,Refuted,False,False,False,False,False,False,False,False,False,False,False,4,False
SA-000841,judge_2,Ambiguous,Refuted,Refuted,True,False,False,True,False,False,False,False,True,False,True,47,True
SA-000841,judge_3,Refuted,Refuted,Refuted,False,False,False,False,False,False,False,False,False,False,False,2,False
SA-000841,judge_4,Refuted,Refuted,Refuted,False,False,False,False,False,False,False,False,False,False,False,2,False
SA-000841,judge_5,Refuted,Refuted,Refuted,False,False,False,False,False,False,False,False,False,False,False,2,False
SA-000842,judge_1,Refuted,Refuted,Refuted,False,False,False,False,False,False,False,False,False,False,False,6,True
SA-000842,judge_2,Refuted,Refuted,Refuted,False,False,False,False,False,False,False,False,False,False,False,8,True
SA-000842,judge_3,Refuted,Refuted,Refuted,False,False,False,False,False,False,False,False,False,False,False,-4,False
SA-000842,judge_4,Refuted,Refuted,Refuted,False,False,False,False,False,False,False,False,False,False,False,-2,False
SA-000842,judge_5,Refuted,Refuted,Refuted,False,False,False,False,False,False,False,False,False,False,False,4,True
SA-000843,judge_1,Refuted,Refuted,Refuted,False,False,False,False,False,False,False,False,False,False,False,8,True
SA-000843,judge_2,Ambiguous,Refuted,Refuted,True,False,False,True,False,False,False,False,True,False,True,44,True
SA-000843,judge_3,Refuted,Refuted,Refuted,False,False,False,False,False,False,False,False,False,False,False,3,True
SA-000843,judge_4,Refuted,Refuted,Refuted,False,False,False,False,False,False,False,False,False,False,False,7,True
SA-000843,judge_5,Refuted,Refuted,Refuted,False,False,False,False,False,False,False,False,False,False,False,3,True
SA-000844,judge_1,Refuted,Refuted,Refuted,False,False,False,False,False,False,False,False,False,False,False,0,False
SA-000844,judge_2,Refuted,Refuted,Refuted,False,False,False,False,False,False,False,False,False,False,False,2,False
SA-000844,judge_3,Refuted,Refuted,Refuted,False,False,False,False,False,False,False,False,False,False,False,0,False
SA-000844,judge_4,Refuted,Refuted,Refuted,False,False,False,False,False,False,False,False,False,False,False,2,False
SA-000844,judge_5,Refuted,Refuted,Refuted,False,False,False,False,False,False,False,False,False,False,False,-1,False
SA-000845,judge_1,Refuted,Refuted,Refuted,False,False,False,False,False,False,False,False,False,False,False,0,False
SA-000845,judge_2,Refuted,Refuted,Refuted,False,False,False,False,False,False,False,False,False,False,False,1,False
SA-000845,judge_3,Refuted,Refuted,Refuted,False,False,False,False,False,False,False,False,False,False,False,-1,False
SA-000845,judge_4,Refuted,Refuted,Refuted,False,False,False,False,False,False,False,False,False,False,False,-1,False
SA-000845,judge_5,Refuted,Refuted,Refuted,False,False,False,False,False,False,False,False,False,False,False,-2,False
SA-000846,judge_1,Supported,Supported,Supported,False,False,False,False,False,False,False,False,False,False,False,6,True
SA-000846,judge_2,Supported,Supported,Supported,False,False,False,False,False,False,False,False,False,False,False,10,True
SA-000846,judge_3,Supported,Supported,Supported,False,False,False,False,False,False,False,False,False,False,False,3,True
SA-000846,judge_4,Supported,Supported,Supported,False,False,False,False,False,False,False,False,False,False,False,7,True
SA-000846,judge_5,Supported,Supported,Supported,False,False,False,False,False,False,False,False,False,False,False,4,True
SA-000847,judge_1,Refuted,Refuted,Refuted,False,False,False,False,False,False,False,False,False,False,False,0,False
SA-000847,judge_2,Refuted,Refuted,Refuted,False,False,False,False,False,False,False,False,False,False,False,1,False
SA-000847,judge_3,Refuted,Refuted,Refuted,False,False,False,False,False,False,False,False,False,False,False,0,False
SA-000847,judge_4,Refuted,Refuted,Refuted,False,False,False,False,False,False,False,False,False,False,False,1,False
SA-000847,judge_5,Refuted,Refuted,Refuted,False,False,False,False,False,False,False,False,False,False,False,-1,False
SA-000848,judge_1,Refuted,Refuted,Refuted,False,False,False,False,False,False,False,False,False,False,False,4,True
SA-000848,judge_2,Ambiguous,Refuted,Refuted,True,False,False,True,False,False,False,False,True,False,True,42,True
SA-000848,judge_3,Refuted,Refuted,Refuted,False,False,False,False,False,False,False,False,False,False,False,5,True
SA-000848,judge_4,Refuted,Refuted,Refuted,False,False,False,False,False,False,False,False,False,False,False,3,False
SA-000848,judge_5,Refuted,Refuted,Refuted,False,False,False,False,False,False,False,False,False,False,False,0,False
SA-000849,judge_1,Refuted,Refuted,Refuted,False,False,False,False,False,False,False,False,False,False,False,0,False
SA-000849,judge_2,Ambiguous,Refuted,Refuted,True,False,False,True,False,False,False,False,True,False,True,46,True
SA-000849,judge_3,Refuted,Refuted,Refuted,False,False,False,False,False,False,False,False,False,False,False,1,False
SA-000849,judge_4,Refuted,Refuted,Refuted,False,False,False,False,False,False,False,False,False,False,False,2,False
SA-000849,judge_5,Refuted,Refuted,Refuted,False,False,False,False,False,False,False,False,False,False,False,1,False
SA-000850,judge_1,Refuted,Ambiguous,Ambiguous,False,True,True,False,False,True,False,False,True,False,True,-24,False
SA-000850,judge_2,Refuted,Ambiguous,Ambiguous,False,True,True,False,False,True,False,False,True,False,True,-32,False
SA-000850,judge_3,Refuted,Refuted,Refuted,False,False,False,False,False,False,False,False,False,False,False,-8,False
SA-000850,judge_4,Refuted,Ambiguous,Refuted,False,True,False,False,True,False,False,False,True,True,False,-1,False
SA-000850,judge_5,Refuted,Ambiguous,Ambiguous,False,True,True,False,False,True,False,False,True,False,True,-28,False
SA-000851,judge_1,Refuted,Refuted,Refuted,False,False,False,False,False,False,False,False,False,False,False,8,True
SA-000851,judge_2,Ambiguous,Refuted,Refuted,True,False,False,True,False,False,False,False,True,False,True,46,True
SA-000851,judge_3,Refuted,Refuted,Refuted,False,False,False,False,False,False,False,False,False,False,False,2,False
SA-000851,judge_4,Refuted,Refuted,Refuted,False,False,False,False,False,False,False,False,False,False,False,5,False
SA-000851,judge_5,Refuted,Refuted,Refuted,False,False,False,False,False,False,False,False,False,False,False,7,True
SA-000852,judge_1,Refuted,Refuted,Refuted,False,False,False,False,False,False,False,False,False,False,False,-1,False
SA-000852,judge_2,Refuted,Refuted,Refuted,False,False,False,False,False,False,False,False,False,False,False,4,False
SA-000852,judge_3,Refuted,Refuted,Refuted,False,False,False,False,False,False,False,False,False,False,False,-1,False
SA-000852,judge_4,Refuted,Refuted,Refuted,False,False,False,False,False,False,False,False,False,False,False,0,False
SA-000852,judge_5,Refuted,Refuted,Refuted,False,False,False,False,False,False,False,False,False,False,False,0,False
SA-000853,judge_1,Ambiguous,Ambiguous,Ambiguous,True,True,True,False,False,True,False,False,False,False,False,-6,False
SA-000853,judge_2,Ambiguous,Ambiguous,Ambiguous,True,True,True,False,False,True,False,False,False,False,False,-3,False
SA-000853,judge_3,Ambiguous,Ambiguous,Ambiguous,True,True,True,False,False,True,False,False,False,False,False,1,False
SA-000853,judge_4,Ambiguous,Ambiguous,Ambiguous,True,True,True,False,False,True,False,False,False,False,False,-2,False
SA-000853,judge_5,Ambiguous,Ambiguous,Ambiguous,True,True,True,False,False,True,False,False,False,False,False,-2,False
SA-000854,judge_1,Ambiguous,Supported,Supported,True,False,False,True,False,False,False,False,True,False,True,8,True
SA-000854,judge_2,Ambiguous,Ambiguous,Supported,True,True,False,False,True,False,False,False,False,True,True,34,True
SA-000854,judge_3,Supported,Supported,Supported,False,False,False,False,False,False,False,False,False,False,False,6,False
SA-000854,judge_4,Ambiguous,Supported,Supported,True,False,False,True,False,False,False,False,True,False,True,32,True
SA-000854,judge_5,Ambiguous,Supported,Supported,True,False,False,True,False,False,False,False,True,False,True,4,True
SA-000855,judge_1,Supported,Ambiguous,Supported,False,True,False,False,True,False,False,False,True,True,False,2,False
SA-000855,judge_2,Ambiguous,Supported,Supported,True,False,False,True,False,False,False,False,True,False,True,26,True
SA-000855,judge_3,Supported,Supported,Supported,False,False,False,False,False,False,False,False,False,False,False,-3,False
SA-000855,judge_4,Supported,Supported,Supported,False,False,False,False,False,False,False,False,False,False,False,-5,False
SA-000855,judge_5,Supported,Supported,Supported,False,False,False,False,False,False,False,False,False,False,False,-1,False
SA-000856,judge_1,Refuted,Refuted,Refuted,False,False,False,False,False,False,False,False,False,False,False,4,True
SA-000856,judge_2,Refuted,Refuted,Refuted,False,False,False,False,False,False,False,False,False,False,False,9,True
SA-000856,judge_3,Refuted,Refuted,Refuted,False,False,False,False,False,False,False,False,False,False,False,-3,False
SA-000856,judge_4,Refuted,Refuted,Refuted,False,False,False,False,False,False,False,False,False,False,False,1,False
SA-000856,judge_5,Refuted,Refuted,Refuted,False,False,False,False,False,False,False,False,False,False,False,-2,False
SA-000857,judge_1,Refuted,Refuted,Refuted,False,False,False,False,False,False,False,False,False,False,False,0,False
SA-000857,judge_2,Refuted,Refuted,Refuted,False,False,False,False,False,False,False,False,False,False,False,2,False
SA-000857,judge_3,Refuted,Refuted,Refuted,False,False,False,False,False,False,False,False,False,False,False,0,False
SA-000857,judge_4,Refuted,Refuted,Refuted,False,False,False,False,False,False,False,False,False,False,False,2,False
SA-000857,judge_5,Refuted,Refuted,Refuted,False,False,False,False,False,False,False,False,False,False,False,-1,False
SA-000858,judge_1,Supported,Supported,Supported,False,False,False,False,False,False,False,False,False,False,False,8,False
SA-000858,judge_2,Supported,Supported,Supported,False,False,False,False,False,False,False,False,False,False,False,6,False
SA-000858,judge_3,Supported,Ambiguous,Ambiguous,False,True,True,False,False,True,False,False,True,False,True,-28,False
SA-000858,judge_4,Supported,Supported,Ambiguous,False,False,True,False,False,True,False,False,False,True,True,-32,False
SA-000858,judge_5,Ambiguous,Ambiguous,Supported,True,True,False,False,True,False,False,False,False,True,True,5,True
SA-000859,judge_1,Refuted,Refuted,Refuted,False,False,False,False,False,False,False,False,False,False,False,8,True
SA-000859,judge_2,Ambiguous,Refuted,Refuted,True,False,False,True,False,False,False,False,True,False,True,46,True
SA-000859,judge_3,Refuted,Refuted,Refuted,False,False,False,False,False,False,False,False,False,False,False,1,False
SA-000859,judge_4,Refuted,Refuted,Refuted,False,False,False,False,False,False,False,False,False,False,False,4,False
SA-000859,judge_5,Refuted,Refuted,Refuted,False,False,False,False,False,False,False,False,False,False,False,5,False
SA-000860,judge_1,Refuted,Refuted,Refuted,False,False,False,False,False,False,False,False,False,False,False,1,False
SA-000860,judge_2,Refuted,Refuted,Refuted,False,False,False,False,False,False,False,False,False,False,False,1,False
SA-000860,judge_3,Refuted,Refuted,Refuted,False,False,False,False,False,False,False,False,False,False,False,1,False
SA-000860,judge_4,Refuted,Refuted,Refuted,False,False,False,False,False,False,False,False,False,False,False,1,False
SA-000860,judge_5,Refuted,Refuted,Refuted,False,False,False,False,False,False,False,False,False,False,False,-1,False
SA-000861,judge_1,Supported,Supported,Supported,False,False,False,False,False,False,False,False,False,False,False,4,False
SA-000861,judge_2,Supported,Supported,Supported,False,False,False,False,False,False,False,False,False,False,False,3,False
SA-000861,judge_3,Supported,Supported,Supported,False,False,False,False,False,False,False,False,False,False,False,-4,False
SA-000861,judge_4,Supported,Supported,Supported,False,False,False,False,False,False,False,False,False,False,False,-3,False
SA-000861,judge_5,Supported,Supported,Supported,False,False,False,False,False,False,False,False,False,False,False,-2,False
SA-000862,judge_1,Supported,Supported,Supported,False,False,False,False,False,False,False,False,False,False,False,17,True
SA-000862,judge_2,Ambiguous,Supported,Supported,True,False,False,True,False,False,False,False,True,False,True,41,True
SA-000862,judge_3,Supported,Supported,Supported,False,False,False,False,False,False,False,False,False,False,False,12,True
SA-000862,judge_4,Supported,Supported,Supported,False,False,False,False,False,False,False,False,False,False,False,16,True
SA-000862,judge_5,Supported,Supported,Supported,False,False,False,False,False,False,False,False,False,False,False,14,True
SA-000863,judge_1,Supported,Supported,Supported,False,False,False,False,False,False,False,False,False,False,False,10,True
SA-000863,judge_2,Ambiguous,Supported,Supported,True,False,False,True,False,False,False,False,True,False,True,42,True
SA-000863,judge_3,Supported,Supported,Supported,False,False,False,False,False,False,False,False,False,False,False,7,True
SA-000863,judge_4,Supported,Supported,Supported,False,False,False,False,False,False,False,False,False,False,False,7,False
SA-000863,judge_5,Supported,Supported,Supported,False,False,False,False,False,False,False,False,False,False,False,10,True
SA-000864,judge_1,Supported,Supported,Supported,False,False,False,False,False,False,False,False,False,False,False,4,True
SA-000864,judge_2,Supported,Supported,Supported,False,False,False,False,False,False,False,False,False,False,False,4,False
SA-000864,judge_3,Supported,Supported,Supported,False,False,False,False,False,False,False,False,False,False,False,-1,False
SA-000864,judge_4,Supported,Supported,Supported,False,False,False,False,False,False,False,False,False,False,False,-1,False
SA-000864,judge_5,Supported,Supported,Supported,False,False,False,False,False,False,False,False,False,False,False,2,False
SA-000865,judge_1,Refuted,Refuted,Refuted,False,False,False,False,False,False,False,False,False,False,False,1,False
SA-000865,judge_2,Refuted,Refuted,Refuted,False,False,False,False,False,False,False,False,False,False,False,3,False
SA-000865,judge_3,Refuted,Refuted,Refuted,False,False,False,False,False,False,False,False,False,False,False,0,False
SA-000865,judge_4,Refuted,Refuted,Refuted,False,False,False,False,False,False,False,False,False,False,False,1,False
SA-000865,judge_5,Refuted,Refuted,Refuted,False,False,False,False,False,False,False,False,False,False,False,0,False
SA-000866,judge_1,Supported,Ambiguous,Supported,False,True,False,False,True,False,False,False,True,True,False,2,False
SA-000866,judge_2,Ambiguous,Ambiguous,Supported,True,True,False,False,True,False,False,False,False,True,True,30,True
SA-000866,judge_3,Supported,Ambiguous,Ambiguous,False,True,True,False,False,True,False,False,True,False,True,-11,False
SA-000866,judge_4,Supported,Ambiguous,Ambiguous,False,True,True,False,False,True,False,False,True,False,True,-20,False
SA-000866,judge_5,Supported,Ambiguous,Ambiguous,False,True,True,False,False,True,False,False,True,False,True,-14,False
SA-000867,judge_1,Ambiguous,Ambiguous,Ambiguous,True,True,True,False,False,True,False,False,False,False,False,-2,False
SA-000867,judge_2,Ambiguous,Ambiguous,Ambiguous,True,True,True,False,False,True,False,False,False,False,False,-6,False
SA-000867,judge_3,Ambiguous,Ambiguous,Ambiguous,True,True,True,False,False,True,False,False,False,False,False,0,False
SA-000867,judge_4,Ambiguous,Ambiguous,Ambiguous,True,True,True,False,False,True,False,False,False,False,False,3,False
SA-000867,judge_5,Ambiguous,Ambiguous,Ambiguous,True,True,True,False,False,True,False,False,False,False,False,-6,False
SA-000868,judge_1,Refuted,Refuted,Refuted,False,False,False,False,False,False,False,False,False,False,False,-3,False
SA-000868,judge_2,Refuted,Refuted,Refuted,False,False,False,False,False,False,False,False,False,False,False,3,False
SA-000868,judge_3,Refuted,Refuted,Refuted,False,False,False,False,False,False,False,False,False,False,False,-5,False
SA-000868,judge_4,Refuted,Refuted,Refuted,False,False,False,False,False,False,False,False,False,False,False,-1,False
SA-000868,judge_5,Refuted,Refuted,Refuted,False,False,False,False,False,False,False,False,False,False,False,-3,False
SA-000869,judge_1,Refuted,Refuted,Refuted,False,False,False,False,False,False,False,False,False,False,False,0,False
SA-000869,judge_2,Refuted,Refuted,Refuted,False,False,False,False,False,False,False,False,False,False,False,1,False
SA-000869,judge_3,Refuted,Refuted,Refuted,False,False,False,False,False,False,False,False,False,False,False,1,False
SA-000869,judge_4,Refuted,Refuted,Refuted,False,False,False,False,False,False,False,False,False,False,False,1,False
SA-000869,judge_5,Refuted,Refuted,Refuted,False,False,False,False,False,False,False,False,False,False,False,-2,False
SA-000870,judge_1,Supported,Ambiguous,Supported,False,True,False,False,True,False,False,False,True,True,False,4,False
SA-000870,judge_2,Supported,Ambiguous,Supported,False,True,False,False,True,False,False,False,True,True,False,2,False
SA-000870,judge_3,Supported,Supported,Supported,False,False,False,False,False,False,False,False,False,False,False,1,False
SA-000870,judge_4,Supported,Supported,Supported,False,False,False,False,False,False,False,False,False,False,False,3,False
SA-000870,judge_5,Ambiguous,Supported,Supported,True,False,False,True,False,False,False,False,True,False,True,8,True
SA-000871,judge_1,Refuted,Refuted,Refuted,False,False,False,False,False,False,False,False,False,False,False,5,True
SA-000871,judge_2,Ambiguous,Refuted,Refuted,True,False,False,True,False,False,False,False,True,False,True,45,True
SA-000871,judge_3,Refuted,Refuted,Refuted,False,False,False,False,False,False,False,False,False,False,False,5,True
SA-000871,judge_4,Refuted,Refuted,Refuted,False,False,False,False,False,False,False,False,False,False,False,4,False
SA-000871,judge_5,Refuted,Refuted,Refuted,False,False,False,False,False,False,False,False,False,False,False,4,True
SA-000872,judge_1,Supported,Supported,Supported,False,False,False,False,False,False,False,False,False,False,False,1,False
SA-000872,judge_2,Supported,Supported,Supported,False,False,False,False,False,False,False,False,False,False,False,3,False
SA-000872,judge_3,Supported,Supported,Supported,False,False,False,False,False,False,False,False,False,False,False,0,False
SA-000872,judge_4,Supported,Supported,Supported,False,False,False,False,False,False,False,False,False,False,False,0,False
SA-000872,judge_5,Supported,Supported,Supported,False,False,False,False,False,False,False,False,False,False,False,3,False
SA-000873,judge_1,Supported,Supported,Supported,False,False,False,False,False,False,False,False,False,False,False,7,True
SA-000873,judge_2,Supported,Supported,Supported,False,False,False,False,False,False,False,False,False,False,False,11,True
SA-000873,judge_3,Supported,Supported,Supported,False,False,False,False,False,False,False,False,False,False,False,1,False
SA-000873,judge_4,Supported,Supported,Supported,False,False,False,False,False,False,False,False,False,False,False,0,False
SA-000873,judge_5,Supported,Supported,Supported,False,False,False,False,False,False,False,False,False,False,False,7,True
SA-000874,judge_1,Supported,Supported,Supported,False,False,False,False,False,False,False,False,False,False,False,2,False
SA-000874,judge_2,Supported,Supported,Supported,False,False,False,False,False,False,False,False,False,False,False,2,False
SA-000874,judge_3,Supported,Supported,Supported,False,False,False,False,False,False,False,False,False,False,False,0,False
SA-000874,judge_4,Supported,Supported,Supported,False,False,False,False,False,False,False,False,False,False,False,1,False
SA-000874,judge_5,Supported,Supported,Supported,False,False,False,False,False,False,False,False,False,False,False,-1,False
SA-000875,judge_1,Supported,Supported,Supported,False,False,False,False,False,False,False,False,False,False,False,0,False
SA-000875,judge_2,Supported,Supported,Supported,False,False,False,False,False,False,False,False,False,False,False,1,False
SA-000875,judge_3,Supported,Supported,Supported,False,False,False,False,False,False,False,False,False,False,False,0,False
SA-000875,judge_4,Supported,Supported,Supported,False,False,False,False,False,False,False,False,False,False,False,1,False
SA-000875,judge_5,Supported,Supported,Supported,False,False,False,False,False,False,False,False,False,False,False,-2,False
SA-000876,judge_1,Refuted,Refuted,Refuted,False,False,False,False,False,False,False,False,False,False,False,-4,False
SA-000876,judge_2,Ambiguous,Refuted,Refuted,True,False,False,True,False,False,False,False,True,False,True,38,True
SA-000876,judge_3,Refuted,Refuted,Ambiguous,False,False,True,False,False,True,False,False,False,True,True,-22,False
SA-000876,judge_4,Refuted,Refuted,Refuted,False,False,False,False,False,False,False,False,False,False,False,2,False
SA-000876,judge_5,Refuted,Refuted,Ambiguous,False,False,True,False,False,True,False,False,False,True,True,-26,False
SA-000877,judge_1,Supported,Supported,Supported,False,False,False,False,False,False,False,False,False,False,False,10,True
SA-000877,judge_2,Ambiguous,Supported,Supported,True,False,False,True,False,False,False,False,True,False,True,44,True
SA-000877,judge_3,Supported,Supported,Supported,False,False,False,False,False,False,False,False,False,False,False,-1,False
SA-000877,judge_4,Supported,Supported,Supported,False,False,False,False,False,False,False,False,False,False,False,3,False
SA-000877,judge_5,Supported,Supported,Supported,False,False,False,False,False,False,False,False,False,False,False,10,True
SA-000878,judge_1,Supported,Supported,Supported,False,False,False,False,False,False,False,False,False,False,False,0,False
SA-000878,judge_2,Supported,Supported,Supported,False,False,False,False,False,False,False,False,False,False,False,2,False
SA-000878,judge_3,Supported,Supported,Supported,False,False,False,False,False,False,False,False,False,False,False,0,False
SA-000878,judge_4,Supported,Supported,Supported,False,False,False,False,False,False,False,False,False,False,False,1,False
SA-000878,judge_5,Supported,Supported,Supported,False,False,False,False,False,False,False,False,False,False,False,-1,False
SA-000879,judge_1,Refuted,Refuted,Refuted,False,False,False,False,False,False,False,False,False,False,False,4,True
SA-000879,judge_2,Ambiguous,Refuted,Refuted,True,False,False,True,False,False,False,False,True,False,True,60,True
SA-000879,judge_3,Refuted,Refuted,Refuted,False,False,False,False,False,False,False,False,False,False,False,-1,False
SA-000879,judge_4,Refuted,Refuted,Refuted,False,False,False,False,False,False,False,False,False,False,False,0,False
SA-000879,judge_5,Refuted,Refuted,Refuted,False,False,False,False,False,False,False,False,False,False,False,-2,False
SA-000880,judge_1,Refuted,Refuted,Refuted,False,False,False,False,False,False,False,False,False,False,False,1,False
SA-000880,judge_2,Refuted,Refuted,Refuted,False,False,False,False,False,False,False,False,False,False,False,1,False
SA-000880,judge_3,Refuted,Refuted,Refuted,False,False,False,False,False,False,False,False,False,False,False,0,False
SA-000880,judge_4,Refuted,Refuted,Refuted,False,False,False,False,False,False,False,False,False,False,False,1,False
SA-000880,judge_5,Refuted,Refuted,Refuted,False,False,False,False,False,False,False,False,False,False,False,0,False
SA-000881,judge_1,Ambiguous,Ambiguous,Ambiguous,True,True,True,False,False,True,False,False,False,False,False,3,False
SA-000881,judge_2,Ambiguous,Ambiguous,Ambiguous,True,True,True,False,False,True,False,False,False,False,False,4,True
SA-000881,judge_3,Ambiguous,Ambiguous,Ambiguous,True,True,True,False,False,True,False,False,False,False,False,-9,False
SA-000881,judge_4,Ambiguous,Ambiguous,Ambiguous,True,True,True,False,False,True,False,False,False,False,False,0,True
SA-000881,judge_5,Ambiguous,Ambiguous,Ambiguous,True,True,True,False,False,True,False,False,False,False,False,-17,False
SA-000882,judge_1,Supported,Supported,Supported,False,False,False,False,False,False,False,False,False,False,False,-6,False
SA-000882,judge_2,Supported,Supported,Supported,False,False,False,False,False,False,False,False,False,False,False,6,False
SA-000882,judge_3,Supported,Supported,Supported,False,False,False,False,False,False,False,False,False,False,False,-7,False
SA-000882,judge_4,Supported,Supported,Supported,False,False,False,False,False,False,False,False,False,False,False,-2,False
SA-000882,judge_5,Supported,Supported,Supported,False,False,False,False,False,False,False,False,False,False,False,-6,False
SA-000883,judge_1,Refuted,Refuted,Refuted,False,False,False,False,False,False,False,False,False,False,False,5,True
SA-000883,judge_2,Refuted,Refuted,Refuted,False,False,False,False,False,False,False,False,False,False,False,3,False
SA-000883,judge_3,Refuted,Refuted,Refuted,False,False,False,False,False,False,False,False,False,False,False,0,False
SA-000883,judge_4,Refuted,Refuted,Refuted,False,False,False,False,False,False,False,False,False,False,False,4,False
SA-000883,judge_5,Refuted,Refuted,Refuted,False,False,False,False,False,False,False,False,False,False,False,1,False
SA-000884,judge_1,Refuted,Refuted,Refuted,False,False,False,False,False,False,False,False,False,False,False,-1,False
SA-000884,judge_2,Refuted,Refuted,Refuted,False,False,False,False,False,False,False,False,False,False,False,1,False
SA-000884,judge_3,Refuted,Refuted,Refuted,False,False,False,False,False,False,False,False,False,False,False,-1,False
SA-000884,judge_4,Refuted,Refuted,Refuted,False,False,False,False,False,False,False,False,False,False,False,2,False
SA-000884,judge_5,Refuted,Refuted,Refuted,False,False,False,False,False,False,False,False,False,False,False,-1,False
SA-000885,judge_1,Refuted,Refuted,Refuted,False,False,False,False,False,False,False,False,False,False,False,2,True
SA-000885,judge_2,Refuted,Refuted,Refuted,False,False,False,False,False,False,False,False,False,False,False,10,True
SA-000885,judge_3,Refuted,Refuted,Refuted,False,False,False,False,False,False,False,False,False,False,False,-1,False
SA-000885,judge_4,Refuted,Refuted,Refuted,False,False,False,False,False,False,False,False,False,False,False,3,False
SA-000885,judge_5,Refuted,Refuted,Refuted,False,False,False,False,False,False,False,False,False,False,False,-2,False
SA-000886,judge_1,Supported,Supported,Supported,False,False,False,False,False,False,False,False,False,False,False,9,True
SA-000886,judge_2,Ambiguous,Supported,Supported,True,False,False,True,False,False,False,False,True,False,True,38,True
SA-000886,judge_3,Supported,Supported,Supported,False,False,False,False,False,False,False,False,False,False,False,7,True
SA-000886,judge_4,Supported,Supported,Supported,False,False,False,False,False,False,False,False,False,False,False,11,True
SA-000886,judge_5,Supported,Supported,Supported,False,False,False,False,False,False,False,False,False,False,False,10,True
SA-000887,judge_1,Refuted,Refuted,Refuted,False,False,False,False,False,False,False,False,False,False,False,-2,False
SA-000887,judge_2,Ambiguous,Refuted,Refuted,True,False,False,True,False,False,False,False,True,False,True,30,True
SA-000887,judge_3,Refuted,Refuted,Refuted,False,False,False,False,False,False,False,False,False,False,False,0,False
SA-000887,judge_4,Refuted,Refuted,Refuted,False,False,False,False,False,False,False,False,False,False,False,-5,False
SA-000887,judge_5,Refuted,Refuted,Refuted,False,False,False,False,False,False,False,False,False,False,False,-6,False
SA-000888,judge_1,Refuted,Refuted,Refuted,False,False,False,False,False,False,False,False,False,False,False,6,True
SA-000888,judge_2,Refuted,Refuted,Refuted,False,False,False,False,False,False,False,False,False,False,False,16,True
SA-000888,judge_3,Refuted,Refuted,Refuted,False,False,False,False,False,False,False,False,False,False,False,0,False
SA-000888,judge_4,Refuted,Refuted,Refuted,False,False,False,False,False,False,False,False,False,False,False,2,False
SA-000888,judge_5,Refuted,Refuted,Refuted,False,False,False,False,False,False,False,False,False,False,False,3,False
SA-000889,judge_1,Refuted,Refuted,Refuted,False,False,False,False,False,False,False,False,False,False,False,-6,False
SA-000889,judge_2,Ambiguous,Refuted,Refuted,True,False,False,True,False,False,False,False,True,False,True,39,True
SA-000889,judge_3,Refuted,Refuted,Refuted,False,False,False,False,False,False,False,False,False,False,False,-2,False
SA-000889,judge_4,Refuted,Refuted,Refuted,False,False,False,False,False,False,False,False,False,False,False,2,False
SA-000889,judge_5,Refuted,Refuted,Refuted,False,False,False,False,False,False,False,False,False,False,False,-6,False
SA-000890,judge_1,Supported,Supported,Supported,False,False,False,False,False,False,False,False,False,False,False,7,True
SA-000890,judge_2,Supported,Supported,Supported,False,False,False,False,False,False,False,False,False,False,False,11,True
SA-000890,judge_3,Supported,Supported,Supported,False,False,False,False,False,False,False,False,False,False,False,1,False
SA-000890,judge_4,Supported,Supported,Supported,False,False,False,False,False,False,False,False,False,False,False,7,True
SA-000890,judge_5,Supported,Supported,Supported,False,False,False,False,False,False,False,False,False,False,False,9,True
SA-000891,judge_1,Refuted,Refuted,Refuted,False,False,False,False,False,False,False,False,False,False,False,0,False
SA-000891,judge_2,Refuted,Refuted,Refuted,False,False,False,False,False,False,False,False,False,False,False,2,False
SA-000891,judge_3,Refuted,Refuted,Refuted,False,False,False,False,False,False,False,False,False,False,False,-1,False
SA-000891,judge_4,Refuted,Refuted,Refuted,False,False,False,False,False,False,False,False,False,False,False,0,False
SA-000891,judge_5,Refuted,Refuted,Refuted,False,False,False,False,False,False,False,False,False,False,False,-1,False
SA-000892,judge_1,Refuted,Refuted,Refuted,False,False,False,False,False,False,False,False,False,False,False,-1,False
SA-000892,judge_2,Refuted,Refuted,Refuted,False,False,False,False,False,False,False,False,False,False,False,2,False
SA-000892,judge_3,Refuted,Refuted,Refuted,False,False,False,False,False,False,False,False,False,False,False,1,False
SA-000892,judge_4,Refuted,Refuted,Refuted,False,False,False,False,False,False,False,False,False,False,False,2,False
SA-000892,judge_5,Refuted,Refuted,Refuted,False,False,False,False,False,False,False,False,False,False,False,0,False
SA-000893,judge_1,Refuted,Refuted,Refuted,False,False,False,False,False,False,False,False,False,False,False,-1,False
SA-000893,judge_2,Refuted,Refuted,Refuted,False,False,False,False,False,False,False,False,False,False,False,0,False
SA-000893,judge_3,Refuted,Refuted,Refuted,False,False,False,False,False,False,False,False,False,False,False,-1,False
SA-000893,judge_4,Refuted,Refuted,Refuted,False,False,False,False,False,False,False,False,False,False,False,0,False
SA-000893,judge_5,Refuted,Refuted,Refuted,False,False,False,False,False,False,False,False,False,False,False,-1,False
SA-000894,judge_1,Refuted,Refuted,Refuted,False,False,False,False,False,False,False,False,False,False,False,-2,False
SA-000894,judge_2,Refuted,Refuted,Refuted,False,False,False,False,False,False,False,False,False,False,False,7,True
SA-000894,judge_3,Refuted,Refuted,Refuted,False,False,False,False,False,False,False,False,False,False,False,-2,False
SA-000894,judge_4,Refuted,Refuted,Refuted,False,False,False,False,False,False,False,False,False,False,False,1,False
SA-000894,judge_5,Refuted,Refuted,Refuted,False,False,False,False,False,False,False,False,False,False,False,-3,False
SA-000895,judge_1,Refuted,Refuted,Refuted,False,False,False,False,False,False,False,False,False,False,False,10,True
SA-000895,judge_2,Ambiguous,Refuted,Refuted,True,False,False,True,False,False,False,False,True,False,True,48,True
SA-000895,judge_3,Ambiguous,Refuted,Refuted,True,False,False,True,False,False,False,False,True,False,True,19,True
SA-000895,judge_4,Refuted,Refuted,Refuted,False,False,False,False,False,False,False,False,False,False,False,15,True
SA-000895,judge_5,Ambiguous,Refuted,Refuted,True,False,False,True,False,False,False,False,True,False,True,18,True
SA-000896,judge_1,Supported,Supported,Supported,False,False,False,False,False,False,False,False,False,False,False,4,True
SA-000896,judge_2,Supported,Supported,Supported,False,False,False,False,False,False,False,False,False,False,False,6,True
SA-000896,judge_3,Supported,Supported,Supported,False,False,False,False,False,False,False,False,False,False,False,-2,False
SA-000896,judge_4,Supported,Supported,Supported,False,False,False,False,False,False,False,False,False,False,False,-4,False
SA-000896,judge_5,Supported,Supported,Supported,False,False,False,False,False,False,False,False,False,False,False,2,True
SA-000897,judge_1,Supported,Supported,Supported,False,False,False,False,False,False,False,False,False,False,False,0,True
SA-000897,judge_2,Supported,Supported,Supported,False,False,False,False,False,False,False,False,False,False,False,1,False
SA-000897,judge_3,Supported,Supported,Supported,False,False,False,False,False,False,False,False,False,False,False,-2,False
SA-000897,judge_4,Supported,Supported,Supported,False,False,False,False,False,False,False,False,False,False,False,-7,False
SA-000897,judge_5,Supported,Supported,Supported,False,False,False,False,False,False,False,False,False,False,False,2,True
SA-000898,judge_1,Refuted,Refuted,Refuted,False,False,False,False,False,False,False,False,False,False,False,-1,False
SA-000898,judge_2,Refuted,Refuted,Refuted,False,False,False,False,False,False,False,False,False,False,False,5,False
SA-000898,judge_3,Refuted,Refuted,Refuted,False,False,False,False,False,False,False,False,False,False,False,-1,False
SA-000898,judge_4,Refuted,Refuted,Refuted,False,False,False,False,False,False,False,False,False,False,False,-1,False
SA-000898,judge_5,Refuted,Refuted,Refuted,False,False,False,False,False,False,False,False,False,False,False,-1,False
SA-000899,judge_1,Refuted,Refuted,Refuted,False,False,False,False,False,False,False,False,False,False,False,0,False
SA-000899,judge_2,Refuted,Refuted,Refuted,False,False,False,False,False,False,False,False,False,False,False,2,False
SA-000899,judge_3,Refuted,Refuted,Refuted,False,False,False,False,False,False,False,False,False,False,False,0,False
SA-000899,judge_4,Refuted,Refuted,Refuted,False,False,False,False,False,False,False,False,False,False,False,1,False
SA-000899,judge_5,Refuted,Refuted,Refuted,False,False,False,False,False,False,False,False,False,False,False,-1,False
SA-000900,judge_1,Refuted,Refuted,Refuted,False,False,False,False,False,False,False,False,False,False,False,6,True
SA-000900,judge_2,Ambiguous,Refuted,Refuted,True,False,False,True,False,False,False,False,True,False,True,46,True
SA-000900,judge_3,Refuted,Refuted,Refuted,False,False,False,False,False,False,False,False,False,False,False,1,False
SA-000900,judge_4,Refuted,Refuted,Refuted,False,False,False,False,False,False,False,False,False,False,False,4,False
SA-000900,judge_5,Refuted,Refuted,Refuted,False,False,False,False,False,False,False,False,False,False,False,5,True
SA-000901,judge_1,Refuted,Refuted,Refuted,False,False,False,False,False,False,False,False,False,False,False,1,False
SA-000901,judge_2,Ambiguous,Refuted,Refuted,True,False,False,True,False,False,False,False,True,False,True,45,True
SA-000901,judge_3,Refuted,Refuted,Refuted,False,False,False,False,False,False,False,False,False,False,False,-1,False
SA-000901,judge_4,Refuted,Refuted,Refuted,False,False,False,False,False,False,False,False,False,False,False,3,False
SA-000901,judge_5,Refuted,Refuted,Refuted,False,False,False,False,False,False,False,False,False,False,False,-2,False
SA-000902,judge_1,Refuted,Refuted,Refuted,False,False,False,False,False,False,False,False,False,False,False,17,True
SA-000902,judge_2,Refuted,Refuted,Refuted,False,False,False,False,False,False,False,False,False,False,False,17,True
SA-000902,judge_3,Ambiguous,Refuted,Refuted,True,False,False,True,False,False,False,False,True,False,True,33,True
SA-000902,judge_4,Refuted,Refuted,Refuted,False,False,False,False,False,False,False,False,False,False,False,17,True
SA-000902,judge_5,Refuted,Refuted,Refuted,False,False,False,False,False,False,False,False,False,False,False,7,True
SA-000903,judge_1,Ambiguous,Ambiguous,Ambiguous,True,True,True,False,False,True,False,False,False,False,False,10,False
SA-000903,judge_2,Ambiguous,Ambiguous,Ambiguous,True,True,True,False,False,True,False,False,False,False,False,0,False
SA-000903,judge_3,Ambiguous,Ambiguous,Ambiguous,True,True,True,False,False,True,False,False,False,False,False,0,False
SA-000903,judge_4,Ambiguous,Ambiguous,Ambiguous,True,True,True,False,False,True,False,False,False,False,False,2,False
SA-000903,judge_5,Ambiguous,Ambiguous,Ambiguous,True,True,True,False,False,True,False,False,False,False,False,8,False
SA-000904,judge_1,Ambiguous,Supported,Supported,True,False,False,True,False,False,False,False,True,False,True,34,True
SA-000904,judge_2,Ambiguous,Supported,Supported,True,False,False,True,False,False,False,False,True,False,True,38,True
SA-000904,judge_3,Ambiguous,Supported,Supported,True,False,False,True,False,False,False,False,True,False,True,20,True
SA-000904,judge_4,Ambiguous,Supported,Supported,True,False,False,True,False,False,False,False,True,False,True,16,True
SA-000904,judge_5,Ambiguous,Supported,Supported,True,False,False,True,False,False,False,False,True,False,True,42,True
SA-000905,judge_1,Refuted,Refuted,Refuted,False,False,False,False,False,False,False,False,False,False,False,16,True
SA-000905,judge_2,Ambiguous,Refuted,Refuted,True,False,False,True,False,False,False,False,True,False,True,54,True
SA-000905,judge_3,Ambiguous,Ambiguous,Refuted,True,True,False,False,True,False,False,False,False,True,True,26,True
SA-000905,judge_4,Ambiguous,Refuted,Ambiguous,True,False,True,True,False,True,False,False,True,True,False,-4,False
SA-000905,judge_5,Ambiguous,Refuted,Ambiguous,True,False,True,True,False,True,False,False,True,True,False,24,False
SA-000906,judge_1,Ambiguous,Ambiguous,Ambiguous,True,True,True,False,False,True,False,False,False,False,False,56,False
SA-000906,judge_2,Ambiguous,Ambiguous,Ambiguous,True,True,True,False,False,True,False,False,False,False,False,33,False
SA-000906,judge_3,Ambiguous,Ambiguous,Ambiguous,True,True,True,False,False,True,False,False,False,False,False,-2,False
SA-000906,judge_4,Ambiguous,Ambiguous,Ambiguous,True,True,True,False,False,True,False,False,False,False,False,-6,False
SA-000906,judge_5,Ambiguous,Ambiguous,Ambiguous,True,True,True,False,False,True,False,False,False,False,False,58,False
SA-000907,judge_1,Refuted,Refuted,Refuted,False,False,False,False,False,False,False,False,False,False,False,7,True
SA-000907,judge_2,Refuted,Refuted,Refuted,False,False,False,False,False,False,False,False,False,False,False,0,False
SA-000907,judge_3,Refuted,Refuted,Refuted,False,False,False,False,False,False,False,False,False,False,False,-2,False
SA-000907,judge_4,Ambiguous,Refuted,Refuted,True,False,False,True,False,False,False,False,True,False,True,13,True
SA-000907,judge_5,Refuted,Refuted,Refuted,False,False,False,False,False,False,False,False,False,False,False,0,False
SA-000908,judge_1,Supported,Supported,Supported,False,False,False,False,False,False,False,False,False,False,False,8,False
SA-000908,judge_2,Supported,Supported,Supported,False,False,False,False,False,False,False,False,False,False,False,4,False
SA-000908,judge_3,Ambiguous,Supported,Supported,True,False,False,True,False,False,False,False,True,False,True,20,True
SA-000908,judge_4,Supported,Supported,Supported,False,False,False,False,False,False,False,False,False,False,False,12,False
SA-000908,judge_5,Supported,Supported,Supported,False,False,False,False,False,False,False,False,False,False,False,8,False
SA-000909,judge_1,Supported,Supported,Supported,False,False,False,False,False,False,False,False,False,False,False,0,False
SA-000909,judge_2,Supported,Supported,Supported,False,False,False,False,False,False,False,False,False,False,False,0,False
SA-000909,judge_3,Supported,Supported,Supported,False,False,False,False,False,False,False,False,False,False,False,2,False
SA-000909,judge_4,Supported,Supported,Supported,False,False,False,False,False,False,False,False,False,False,False,2,False
SA-000909,judge_5,Supported,Supported,Supported,False,False,False,False,False,False,False,False,False,False,False,0,False
SA-000910,judge_1,Refuted,Refuted,Refuted,False,False,False,False,False,False,False,False,False,False,False,1,False
SA-000910,judge_2,Refuted,Refuted,Refuted,False,False,False,False,False,False,False,False,False,False,False,3,False
SA-000910,judge_3,Refuted,Refuted,Refuted,False,False,False,False,False,False,False,False,False,False,False,10,True
SA-000910,judge_4,Refuted,Refuted,Refuted,False,False,False,False,False,False,False,False,False,False,False,2,False
SA-000910,judge_5,Refuted,Refuted,Refuted,False,False,False,False,False,False,False,False,False,False,False,3,False
SA-000911,judge_1,Refuted,Refuted,Refuted,False,False,False,False,False,False,False,False,False,False,False,10,True
SA-000911,judge_2,Refuted,Refuted,Refuted,False,False,False,False,False,False,False,False,False,False,False,14,True
SA-000911,judge_3,Ambiguous,Refuted,Refuted,True,False,False,True,False,False,False,False,True,False,True,29,True
SA-000911,judge_4,Refuted,Refuted,Refuted,False,False,False,False,False,False,False,False,False,False,False,10,True
SA-000911,judge_5,Refuted,Refuted,Refuted,False,False,False,False,False,False,False,False,False,False,False,9,True
SA-000912,judge_1,Supported,Supported,Supported,False,False,False,False,False,False,False,False,False,False,False,12,True
SA-000912,judge_2,Supported,Supported,Supported,False,False,False,False,False,False,False,False,False,False,False,11,True
SA-000912,judge_3,Ambiguous,Supported,Supported,True,False,False,True,False,False,False,False,True,False,True,32,True
SA-000912,judge_4,Supported,Supported,Supported,False,False,False,False,False,False,False,False,False,False,False,10,True
SA-000912,judge_5,Supported,Supported,Supported,False,False,False,False,False,False,False,False,False,False,False,10,True
SA-000913,judge_1,Ambiguous,Ambiguous,Supported,True,True,False,False,True,False,False,False,False,True,True,72,True
SA-000913,judge_2,Ambiguous,Ambiguous,Supported,True,True,False,False,True,False,False,False,False,True,True,64,True
SA-000913,judge_3,Ambiguous,Ambiguous,Supported,True,True,False,False,True,False,False,False,False,True,True,14,True
SA-000913,judge_4,Ambiguous,Ambiguous,Supported,True,True,False,False,True,False,False,False,False,True,True,4,True
SA-000913,judge_5,Ambiguous,Ambiguous,Supported,True,True,False,False,True,False,False,False,False,True,True,73,True
SA-000914,judge_1,Refuted,Refuted,Refuted,False,False,False,False,False,False,False,False,False,False,False,0,False
SA-000914,judge_2,Refuted,Refuted,Refuted,False,False,False,False,False,False,False,False,False,False,False,-1,False
SA-000914,judge_3,Refuted,Refuted,Refuted,False,False,False,False,False,False,False,False,False,False,False,1,False
SA-000914,judge_4,Refuted,Refuted,Refuted,False,False,False,False,False,False,False,False,False,False,False,2,False
SA-000914,judge_5,Refuted,Refuted,Refuted,False,False,False,False,False,False,False,False,False,False,False,0,False
SA-000915,judge_1,Refuted,Refuted,Refuted,False,False,False,False,False,False,False,False,False,False,False,12,True
SA-000915,judge_2,Refuted,Refuted,Refuted,False,False,False,False,False,False,False,False,False,False,False,1,False
SA-000915,judge_3,Refuted,Refuted,Refuted,False,False,False,False,False,False,False,False,False,False,False,2,False
SA-000915,judge_4,Refuted,Refuted,Refuted,False,False,False,False,False,False,False,False,False,False,False,3,False
SA-000915,judge_5,Refuted,Refuted,Refuted,False,False,False,False,False,False,False,False,False,False,False,3,False
SA-000916,judge_1,Supported,Supported,Supported,False,False,False,False,False,False,False,False,False,False,False,-2,False
SA-000916,judge_2,Supported,Supported,Supported,False,False,False,False,False,False,False,False,False,False,False,-1,False
SA-000916,judge_3,Supported,Supported,Supported,False,False,False,False,False,False,False,False,False,False,False,1,False
SA-000916,judge_4,Supported,Supported,Supported,False,False,False,False,False,False,False,False,False,False,False,0,False
SA-000916,judge_5,Supported,Supported,Supported,False,False,False,False,False,False,False,False,False,False,False,-1,False
SA-000917,judge_1,Ambiguous,Ambiguous,Ambiguous,True,True,True,False,False,True,False,False,False,False,False,13,False
SA-000917,judge_2,Ambiguous,Ambiguous,Ambiguous,True,True,True,False,False,True,False,False,False,False,False,10,False
SA-000917,judge_3,Ambiguous,Ambiguous,Ambiguous,True,True,True,False,False,True,False,False,False,False,False,9,False
SA-000917,judge_4,Ambiguous,Ambiguous,Ambiguous,True,True,True,False,False,True,False,False,False,False,False,-18,True
SA-000917,judge_5,Ambiguous,Ambiguous,Ambiguous,True,True,True,False,False,True,False,False,False,False,False,16,False
SA-000918,judge_1,Refuted,Refuted,Refuted,False,False,False,False,False,False,False,False,False,False,False,8,True
SA-000918,judge_2,Refuted,Refuted,Refuted,False,False,False,False,False,False,False,False,False,False,False,9,True
SA-000918,judge_3,Ambiguous,Ambiguous,Refuted,True,True,False,False,True,False,False,False,False,True,True,28,True
SA-000918,judge_4,Ambiguous,Refuted,Ambiguous,True,False,True,True,False,True,False,False,True,True,False,-4,False
SA-000918,judge_5,Refuted,Refuted,Ambiguous,False,False,True,False,False,True,False,False,False,True,True,-6,False
SA-000919,judge_1,Ambiguous,Ambiguous,Refuted,True,True,False,False,True,False,False,False,False,True,True,46,True
SA-000919,judge_2,Ambiguous,Ambiguous,Ambiguous,True,True,True,False,False,True,False,False,False,False,False,25,True
SA-000919,judge_3,Ambiguous,Ambiguous,Refuted,True,True,False,False,True,False,False,False,False,True,True,2,True
SA-000919,judge_4,Ambiguous,Ambiguous,Ambiguous,True,True,True,False,False,True,False,False,False,False,False,-9,True
SA-000919,judge_5,Ambiguous,Ambiguous,Ambiguous,True,True,True,False,False,True,False,False,False,False,False,40,False
SA-000920,judge_1,Refuted,Refuted,Refuted,False,False,False,False,False,False,False,False,False,False,False,1,False
SA-000920,judge_2,Refuted,Refuted,Refuted,False,False,False,False,False,False,False,False,False,False,False,1,False
SA-000920,judge_3,Refuted,Refuted,Refuted,False,False,False,False,False,False,False,False,False,False,False,1,False
SA-000920,judge_4,Refuted,Refuted,Refuted,False,False,False,False,False,False,False,False,False,False,False,0,False
SA-000920,judge_5,Refuted,Refuted,Refuted,False,False,False,False,False,False,False,False,False,False,False,2,False
SA-000921,judge_1,Ambiguous,Ambiguous,Ambiguous,True,True,True,False,False,True,False,False,False,False,False,12,False
SA-000921,judge_2,Ambiguous,Ambiguous,Ambiguous,True,True,True,False,False,True,False,False,False,False,False,12,False
SA-000921,judge_3,Ambiguous,Ambiguous,Ambiguous,True,True,True,False,False,True,False,False,False,False,False,0,False
SA-000921,judge_4,Ambiguous,Ambiguous,Ambiguous,True,True,True,False,False,True,False,False,False,False,False,-8,False
SA-000921,judge_5,Ambiguous,Ambiguous,Ambiguous,True,True,True,False,False,True,False,False,False,False,False,14,False
SA-000922,judge_1,Ambiguous,Ambiguous,Supported,True,True,False,False,True,False,False,False,False,True,True,33,True
SA-000922,judge_2,Supported,Supported,Supported,False,False,False,False,False,False,False,False,False,False,False,8,False
SA-000922,judge_3,Ambiguous,Supported,Supported,True,False,False,True,False,False,False,False,True,False,True,12,True
SA-000922,judge_4,Supported,Supported,Supported,False,False,False,False,False,False,False,False,False,False,False,10,False
SA-000922,judge_5,Supported,Supported,Supported,False,False,False,False,False,False,False,False,False,False,False,8,False
SA-000923,judge_1,Supported,Supported,Supported,False,False,False,False,False,False,False,False,False,False,False,11,True
SA-000923,judge_2,Supported,Supported,Supported,False,False,False,False,False,False,False,False,False,False,False,11,True
SA-000923,judge_3,Ambiguous,Supported,Supported,True,False,False,True,False,False,False,False,True,False,True,35,True
SA-000923,judge_4,Supported,Supported,Supported,False,False,False,False,False,False,False,False,False,False,False,10,True
SA-000923,judge_5,Supported,Supported,Supported,False,False,False,False,False,False,False,False,False,False,False,11,True
SA-000924,judge_1,Refuted,Refuted,Refuted,False,False,False,False,False,False,False,False,False,False,False,5,True
SA-000924,judge_2,Refuted,Refuted,Refuted,False,False,False,False,False,False,False,False,False,False,False,4,False
SA-000924,judge_3,Refuted,Refuted,Refuted,False,False,False,False,False,False,False,False,False,False,False,2,True
SA-000924,judge_4,Refuted,Refuted,Refuted,False,False,False,False,False,False,False,False,False,False,False,2,False
SA-000924,judge_5,Refuted,Refuted,Refuted,False,False,False,False,False,False,False,False,False,False,False,4,False
SA-000925,judge_1,Supported,Supported,Supported,False,False,False,False,False,False,False,False,False,False,False,0,False
SA-000925,judge_2,Supported,Supported,Supported,False,False,False,False,False,False,False,False,False,False,False,0,False
SA-000925,judge_3,Supported,Supported,Supported,False,False,False,False,False,False,False,False,False,False,False,2,False
SA-000925,judge_4,Supported,Supported,Supported,False,False,False,False,False,False,False,False,False,False,False,2,False
SA-000925,judge_5,Supported,Supported,Supported,False,False,False,False,False,False,False,False,False,False,False,0,False
SA-000926,judge_1,Refuted,Refuted,Refuted,False,False,False,False,False,False,False,False,False,False,False,8,True
SA-000926,judge_2,Refuted,Refuted,Refuted,False,False,False,False,False,False,False,False,False,False,False,10,True
SA-000926,judge_3,Ambiguous,Refuted,Refuted,True,False,False,True,False,False,False,False,True,False,True,26,True
SA-000926,judge_4,Refuted,Refuted,Refuted,False,False,False,False,False,False,False,False,False,False,False,2,True
SA-000926,judge_5,Refuted,Refuted,Refuted,False,False,False,False,False,False,False,False,False,False,False,10,True
SA-000927,judge_1,Ambiguous,Ambiguous,Ambiguous,True,True,True,False,False,True,False,False,False,False,False,24,False
SA-000927,judge_2,Ambiguous,Ambiguous,Ambiguous,True,True,True,False,False,True,False,False,False,False,False,21,False
SA-000927,judge_3,Ambiguous,Ambiguous,Ambiguous,True,True,True,False,False,True,False,False,False,False,False,8,False
SA-000927,judge_4,Ambiguous,Refuted,Ambiguous,True,False,True,True,False,True,False,False,True,True,False,-6,False
SA-000927,judge_5,Ambiguous,Ambiguous,Ambiguous,True,True,True,False,False,True,False,False,False,False,False,15,False
SA-000928,judge_1,Refuted,Refuted,Refuted,False,False,False,False,False,False,False,False,False,False,False,0,False
SA-000928,judge_2,Refuted,Refuted,Refuted,False,False,False,False,False,False,False,False,False,False,False,1,False
SA-000928,judge_3,Refuted,Refuted,Refuted,False,False,False,False,False,False,False,False,False,False,False,0,False
SA-000928,judge_4,Refuted,Refuted,Refuted,False,False,False,False,False,False,False,False,False,False,False,3,False
SA-000928,judge_5,Refuted,Refuted,Refuted,False,False,False,False,False,False,False,False,False,False,False,-1,False
SA-000929,judge_1,Ambiguous,Ambiguous,Ambiguous,True,True,True,False,False,True,False,False,False,False,False,10,False
SA-000929,judge_2,Ambiguous,Ambiguous,Ambiguous,True,True,True,False,False,True,False,False,False,False,False,8,False
SA-000929,judge_3,Ambiguous,Ambiguous,Ambiguous,True,True,True,False,False,True,False,False,False,False,False,-1,False
SA-000929,judge_4,Ambiguous,Ambiguous,Ambiguous,True,True,True,False,False,True,False,False,False,False,False,-4,False
SA-000929,judge_5,Ambiguous,Ambiguous,Ambiguous,True,True,True,False,False,True,False,False,False,False,False,8,False
SA-000930,judge_1,Refuted,Refuted,Refuted,False,False,False,False,False,False,False,False,False,False,False,-1,False
SA-000930,judge_2,Refuted,Refuted,Refuted,False,False,False,False,False,False,False,False,False,False,False,1,False
SA-000930,judge_3,Refuted,Refuted,Refuted,False,False,False,False,False,False,False,False,False,False,False,1,False
SA-000930,judge_4,Refuted,Refuted,Refuted,False,False,False,False,False,False,False,False,False,False,False,1,False
SA-000930,judge_5,Refuted,Refuted,Refuted,False,False,False,False,False,False,False,False,False,False,False,0,False
SA-000931,judge_1,Supported,Supported,Supported,False,False,False,False,False,False,False,False,False,False,False,9,True
SA-000931,judge_2,Supported,Supported,Supported,False,False,False,False,False,False,False,False,False,False,False,6,True
SA-000931,judge_3,Ambiguous,Supported,Supported,True,False,False,True,False,False,False,False,True,False,True,35,True
SA-000931,judge_4,Supported,Supported,Supported,False,False,False,False,False,False,False,False,False,False,False,7,True
SA-000931,judge_5,Supported,Supported,Supported,False,False,False,False,False,False,False,False,False,False,False,6,True
SA-000932,judge_1,Supported,Supported,Supported,False,False,False,False,False,False,False,False,False,False,False,16,True
SA-000932,judge_2,Supported,Supported,Supported,False,False,False,False,False,False,False,False,False,False,False,17,True
SA-000932,judge_3,Ambiguous,Supported,Supported,True,False,False,True,False,False,False,False,True,False,True,33,True
SA-000932,judge_4,Supported,Supported,Supported,False,False,False,False,False,False,False,False,False,False,False,16,True
SA-000932,judge_5,Supported,Supported,Supported,False,False,False,False,False,False,False,False,False,False,False,15,True
SA-000933,judge_1,Refuted,Refuted,Refuted,False,False,False,False,False,False,False,False,False,False,False,0,False
SA-000933,judge_2,Refuted,Refuted,Refuted,False,False,False,False,False,False,False,False,False,False,False,6,True
SA-000933,judge_3,Ambiguous,Refuted,Refuted,True,False,False,True,False,False,False,False,True,False,True,15,True
SA-000933,judge_4,Refuted,Refuted,Refuted,False,False,False,False,False,False,False,False,False,False,False,-4,False
SA-000933,judge_5,Refuted,Refuted,Refuted,False,False,False,False,False,False,False,False,False,False,False,1,False
SA-000934,judge_1,Refuted,Refuted,Refuted,False,False,False,False,False,False,False,False,False,False,False,1,False
SA-000934,judge_2,Ambiguous,Ambiguous,Refuted,True,True,False,False,True,False,False,False,False,True,True,38,True
SA-000934,judge_3,Ambiguous,Ambiguous,Refuted,True,True,False,False,True,False,False,False,False,True,True,16,True
SA-000934,judge_4,Refuted,Refuted,Ambiguous,False,False,True,False,False,True,False,False,False,True,True,-16,False
SA-000934,judge_5,Refuted,Ambiguous,Ambiguous,False,True,True,False,False,True,False,False,True,False,True,-18,False
SA-000935,judge_1,Supported,Supported,Supported,False,False,False,False,False,False,False,False,False,False,False,-1,False
SA-000935,judge_2,Supported,Supported,Supported,False,False,False,False,False,False,False,False,False,False,False,-1,False
SA-000935,judge_3,Supported,Supported,Supported,False,False,False,False,False,False,False,False,False,False,False,1,False
SA-000935,judge_4,Supported,Supported,Supported,False,False,False,False,False,False,False,False,False,False,False,2,False
SA-000935,judge_5,Supported,Supported,Supported,False,False,False,False,False,False,False,False,False,False,False,0,False
SA-000936,judge_1,Refuted,Refuted,Refuted,False,False,False,False,False,False,False,False,False,False,False,-1,False
SA-000936,judge_2,Refuted,Refuted,Refuted,False,False,False,False,False,False,False,False,False,False,False,0,False
SA-000936,judge_3,Refuted,Refuted,Refuted,False,False,False,False,False,False,False,False,False,False,False,-1,False
SA-000936,judge_4,Refuted,Refuted,Refuted,False,False,False,False,False,False,False,False,False,False,False,1,False
SA-000936,judge_5,Refuted,Refuted,Refuted,False,False,False,False,False,False,False,False,False,False,False,-1,False
SA-000937,judge_1,Supported,Supported,Supported,False,False,False,False,False,False,False,False,False,False,False,1,False
SA-000937,judge_2,Supported,Supported,Supported,False,False,False,False,False,False,False,False,False,False,False,-1,False
SA-000937,judge_3,Supported,Supported,Supported,False,False,False,False,False,False,False,False,False,False,False,-1,False
SA-000937,judge_4,Supported,Supported,Supported,False,False,False,False,False,False,False,False,False,False,False,1,False
SA-000937,judge_5,Supported,Supported,Supported,False,False,False,False,False,False,False,False,False,False,False,-2,False
SA-000938,judge_1,Ambiguous,Ambiguous,Supported,True,True,False,False,True,False,False,False,False,True,True,38,True
SA-000938,judge_2,Ambiguous,Ambiguous,Supported,True,True,False,False,True,False,False,False,False,True,True,44,True
SA-000938,judge_3,Ambiguous,Ambiguous,Supported,True,True,False,False,True,False,False,False,False,True,True,8,True
SA-000938,judge_4,Ambiguous,Ambiguous,Supported,True,True,False,False,True,False,False,False,False,True,True,2,True
SA-000938,judge_5,Ambiguous,Ambiguous,Supported,True,True,False,False,True,False,False,False,False,True,True,42,True
SA-000939,judge_1,Supported,Supported,Supported,False,False,False,False,False,False,False,False,False,False,False,-1,False
SA-000939,judge_2,Supported,Supported,Supported,False,False,False,False,False,False,False,False,False,False,False,-2,False
SA-000939,judge_3,Supported,Supported,Supported,False,False,False,False,False,False,False,False,False,False,False,0,False
SA-000939,judge_4,Supported,Supported,Supported,False,False,False,False,False,False,False,False,False,False,False,1,False
SA-000939,judge_5,Supported,Supported,Supported,False,False,False,False,False,False,False,False,False,False,False,0,False
SA-000940,judge_1,Ambiguous,Ambiguous,Ambiguous,True,True,True,False,False,True,False,False,False,False,False,4,False
SA-000940,judge_2,Supported,Ambiguous,Supported,False,True,False,False,True,False,False,False,True,True,False,-2,False
SA-000940,judge_3,Supported,Ambiguous,Ambiguous,False,True,True,False,False,True,False,False,True,False,True,-12,False
SA-000940,judge_4,Ambiguous,Ambiguous,Supported,True,True,False,False,True,False,False,False,False,True,True,10,True
SA-000940,judge_5,Ambiguous,Supported,Ambiguous,True,False,True,True,False,True,False,False,True,True,False,8,False
SA-000941,judge_1,Ambiguous,Ambiguous,Ambiguous,True,True,True,False,False,True,False,False,False,False,False,36,False
SA-000941,judge_2,Ambiguous,Ambiguous,Ambiguous,True,True,True,False,False,True,False,False,False,False,False,32,True
SA-000941,judge_3,Ambiguous,Ambiguous,Ambiguous,True,True,True,False,False,True,False,False,False,False,False,4,True
SA-000941,judge_4,Ambiguous,Ambiguous,Ambiguous,True,True,True,False,False,True,False,False,False,False,False,-12,True
SA-000941,judge_5,Ambiguous,Ambiguous,Ambiguous,True,True,True,False,False,True,False,False,False,False,False,40,False
SA-000942,judge_1,Refuted,Refuted,Refuted,False,False,False,False,False,False,False,False,False,False,False,6,True
SA-000942,judge_2,Refuted,Refuted,Refuted,False,False,False,False,False,False,False,False,False,False,False,8,True
SA-000942,judge_3,Ambiguous,Refuted,Refuted,True,False,False,True,False,False,False,False,True,False,True,31,True
SA-000942,judge_4,Refuted,Refuted,Refuted,False,False,False,False,False,False,False,False,False,False,False,6,True
SA-000942,judge_5,Refuted,Refuted,Refuted,False,False,False,False,False,False,False,False,False,False,False,8,True
SA-000943,judge_1,Supported,Supported,Supported,False,False,False,False,False,False,False,False,False,False,False,4,False
SA-000943,judge_2,Supported,Supported,Supported,False,False,False,False,False,False,False,False,False,False,False,-2,False
SA-000943,judge_3,Supported,Supported,Supported,False,False,False,False,False,False,False,False,False,False,False,-2,False
SA-000943,judge_4,Supported,Supported,Supported,False,False,False,False,False,False,False,False,False,False,False,4,False
SA-000943,judge_5,Supported,Supported,Supported,False,False,False,False,False,False,False,False,False,False,False,4,False
SA-000944,judge_1,Refuted,Refuted,Refuted,False,False,False,False,False,False,False,False,False,False,False,2,False
SA-000944,judge_2,Refuted,Ambiguous,Ambiguous,False,True,True,False,False,True,False,False,True,False,True,-26,False
SA-000944,judge_3,Refuted,Ambiguous,Refuted,False,True,False,False,True,False,False,False,True,True,False,3,False
SA-000944,judge_4,Ambiguous,Refuted,Refuted,True,False,False,True,False,False,False,False,True,False,True,10,True
SA-000944,judge_5,Refuted,Refuted,Refuted,False,False,False,False,False,False,False,False,False,False,False,3,False
SA-000945,judge_1,Supported,Supported,Supported,False,False,False,False,False,False,False,False,False,False,False,6,False
SA-000945,judge_2,Supported,Supported,Supported,False,False,False,False,False,False,False,False,False,False,False,10,True
SA-000945,judge_3,Ambiguous,Supported,Supported,True,False,False,True,False,False,False,False,True,False,True,31,True
SA-000945,judge_4,Supported,Supported,Supported,False,False,False,False,False,False,False,False,False,False,False,10,True
SA-000945,judge_5,Supported,Supported,Supported,False,False,False,False,False,False,False,False,False,False,False,8,False
SA-000946,judge_1,Ambiguous,Ambiguous,Supported,True,True,False,False,True,False,False,False,False,True,True,48,True
SA-000946,judge_2,Ambiguous,Ambiguous,Supported,True,True,False,False,True,False,False,False,False,True,True,44,True
SA-000946,judge_3,Ambiguous,Ambiguous,Supported,True,True,False,False,True,False,False,False,False,True,True,8,True
SA-000946,judge_4,Ambiguous,Ambiguous,Supported,True,True,False,False,True,False,False,False,False,True,True,-4,True
SA-000946,judge_5,Ambiguous,Ambiguous,Supported,True,True,False,False,True,False,False,False,False,True,True,40,True
SA-000947,judge_1,Supported,Supported,Supported,False,False,False,False,False,False,False,False,False,False,False,10,True
SA-000947,judge_2,Supported,Supported,Supported,False,False,False,False,False,False,False,False,False,False,False,7,True
SA-000947,judge_3,Ambiguous,Supported,Supported,True,False,False,True,False,False,False,False,True,False,True,35,True
SA-000947,judge_4,Supported,Supported,Supported,False,False,False,False,False,False,False,False,False,False,False,12,True
SA-000947,judge_5,Supported,Supported,Supported,False,False,False,False,False,False,False,False,False,False,False,8,True
SA-000948,judge_1,Supported,Supported,Supported,False,False,False,False,False,False,False,False,False,False,False,-1,False
SA-000948,judge_2,Supported,Supported,Supported,False,False,False,False,False,False,False,False,False,False,False,0,False
SA-000948,judge_3,Supported,Supported,Supported,False,False,False,False,False,False,False,False,False,False,False,0,False
SA-000948,judge_4,Supported,Supported,Supported,False,False,False,False,False,False,False,False,False,False,False,2,False
SA-000948,judge_5,Supported,Supported,Supported,False,False,False,False,False,False,False,False,False,False,False,0,False
SA-000949,judge_1,Refuted,Refuted,Refuted,False,False,False,False,False,False,False,False,False,False,False,-2,False
SA-000949,judge_2,Refuted,Refuted,Refuted,False,False,False,False,False,False,False,False,False,False,False,-3,False
SA-000949,judge_3,Refuted,Refuted,Refuted,False,False,False,False,False,False,False,False,False,False,False,-4,False
SA-000949,judge_4,Refuted,Refuted,Refuted,False,False,False,False,False,False,False,False,False,False,False,-3,False
SA-000949,judge_5,Refuted,Refuted,Refuted,False,False,False,False,False,False,False,False,False,False,False,2,False
SA-000950,judge_1,Refuted,Refuted,Refuted,False,False,False,False,False,False,False,False,False,False,False,-1,False
SA-000950,judge_2,Refuted,Refuted,Refuted,False,False,False,False,False,False,False,False,False,False,False,0,False
SA-000950,judge_3,Refuted,Refuted,Refuted,False,False,False,False,False,False,False,False,False,False,False,-2,False
SA-000950,judge_4,Refuted,Refuted,Refuted,False,False,False,False,False,False,False,False,False,False,False,1,False
SA-000950,judge_5,Refuted,Refuted,Refuted,False,False,False,False,False,False,False,False,False,False,False,-1,False
SA-000951,judge_1,Refuted,Refuted,Refuted,False,False,False,False,False,False,False,False,False,False,False,5,True
SA-000951,judge_2,Refuted,Refuted,Refuted,False,False,False,False,False,False,False,False,False,False,False,7,True
SA-000951,judge_3,Refuted,Refuted,Refuted,False,False,False,False,False,False,False,False,False,False,False,8,True
SA-000951,judge_4,Refuted,Refuted,Refuted,False,False,False,False,False,False,False,False,False,False,False,5,True
SA-000951,judge_5,Refuted,Refuted,Refuted,False,False,False,False,False,False,False,False,False,False,False,5,True
SA-000952,judge_1,Ambiguous,Ambiguous,Ambiguous,True,True,True,False,False,True,False,False,False,False,False,17,False
SA-000952,judge_2,Ambiguous,Ambiguous,Ambiguous,True,True,True,False,False,True,False,False,False,False,False,10,False
SA-000952,judge_3,Ambiguous,Ambiguous,Ambiguous,True,True,True,False,False,True,False,False,False,False,False,6,False
SA-000952,judge_4,Ambiguous,Ambiguous,Ambiguous,True,True,True,False,False,True,False,False,False,False,False,-2,False
SA-000952,judge_5,Ambiguous,Ambiguous,Ambiguous,True,True,True,False,False,True,False,False,False,False,False,10,False
SA-000953,judge_1,Refuted,Refuted,Refuted,False,False,False,False,False,False,False,False,False,False,False,0,False
SA-000953,judge_2,Refuted,Refuted,Refuted,False,False,False,False,False,False,False,False,False,False,False,9,True
SA-000953,judge_3,Ambiguous,Refuted,Refuted,True,False,False,True,False,False,False,False,True,False,True,29,True
SA-000953,judge_4,Refuted,Refuted,Refuted,False,False,False,False,False,False,False,False,False,False,False,1,False
SA-000953,judge_5,Refuted,Refuted,Refuted,False,False,False,False,False,False,False,False,False,False,False,7,True
SA-000954,judge_1,Ambiguous,Supported,Supported,True,False,False,True,False,False,False,False,True,False,True,42,True
SA-000954,judge_2,Ambiguous,Supported,Supported,True,False,False,True,False,False,False,False,True,False,True,50,True
SA-000954,judge_3,Ambiguous,Ambiguous,Supported,True,True,False,False,True,False,False,False,False,True,True,35,True
SA-000954,judge_4,Ambiguous,Supported,Supported,True,False,False,True,False,False,False,False,True,False,True,25,True
SA-000954,judge_5,Supported,Supported,Supported,False,False,False,False,False,False,False,False,False,False,False,20,True
SA-000955,judge_1,Refuted,Refuted,Refuted,False,False,False,False,False,False,False,False,False,False,False,2,True
SA-000955,judge_2,Refuted,Refuted,Refuted,False,False,False,False,False,False,False,False,False,False,False,9,True
SA-000955,judge_3,Ambiguous,Refuted,Refuted,True,False,False,True,False,False,False,False,True,False,True,25,True
SA-000955,judge_4,Refuted,Refuted,Refuted,False,False,False,False,False,False,False,False,False,False,False,9,True
SA-000955,judge_5,Refuted,Refuted,Refuted,False,False,False,False,False,False,False,False,False,False,False,3,True
SA-000956,judge_1,Refuted,Ambiguous,Ambiguous,False,True,True,False,False,True,False,False,True,False,True,-14,False
SA-000956,judge_2,Refuted,Ambiguous,Ambiguous,False,True,True,False,False,True,False,False,True,False,True,-35,False
SA-000956,judge_3,Refuted,Ambiguous,Ambiguous,False,True,True,False,False,True,False,False,True,False,True,-15,False
SA-000956,judge_4,Ambiguous,Ambiguous,Ambiguous,True,True,True,False,False,True,False,False,False,False,False,2,False
SA-000956,judge_5,Ambiguous,Ambiguous,Refuted,True,True,False,False,True,False,False,False,False,True,True,53,True
SA-000957,judge_1,Refuted,Refuted,Refuted,False,False,False,False,False,False,False,False,False,False,False,0,False
SA-000957,judge_2,Refuted,Refuted,Refuted,False,False,False,False,False,False,False,False,False,False,False,1,False
SA-000957,judge_3,Refuted,Refuted,Refuted,False,False,False,False,False,False,False,False,False,False,False,0,False
SA-000957,judge_4,Refuted,Refuted,Refuted,False,False,False,False,False,False,False,False,False,False,False,2,False
SA-000957,judge_5,Refuted,Refuted,Refuted,False,False,False,False,False,False,False,False,False,False,False,0,False
SA-000958,judge_1,Refuted,Refuted,Refuted,False,False,False,False,False,False,False,False,False,False,False,-3,False
SA-000958,judge_2,Refuted,Refuted,Refuted,False,False,False,False,False,False,False,False,False,False,False,-3,False
SA-000958,judge_3,Refuted,Refuted,Refuted,False,False,False,False,False,False,False,False,False,False,False,-8,False
SA-000958,judge_4,Refuted,Refuted,Refuted,False,False,False,False,False,False,False,False,False,False,False,0,False
SA-000958,judge_5,Refuted,Refuted,Refuted,False,False,False,False,False,False,False,False,False,False,False,-4,False
SA-000959,judge_1,Ambiguous,Ambiguous,Ambiguous,True,True,True,False,False,True,False,False,False,False,False,15,False
SA-000959,judge_2,Ambiguous,Ambiguous,Ambiguous,True,True,True,False,False,True,False,False,False,False,False,14,False
SA-000959,judge_3,Ambiguous,Ambiguous,Ambiguous,True,True,True,False,False,True,False,False,False,False,False,10,False
SA-000959,judge_4,Ambiguous,Ambiguous,Ambiguous,True,True,True,False,False,True,False,False,False,False,False,-8,False
SA-000959,judge_5,Ambiguous,Ambiguous,Ambiguous,True,True,True,False,False,True,False,False,False,False,False,8,False
SA-000960,judge_1,Supported,Supported,Supported,False,False,False,False,False,False,False,False,False,False,False,-1,False
SA-000960,judge_2,Supported,Supported,Supported,False,False,False,False,False,False,False,False,False,False,False,-1,False
SA-000960,judge_3,Supported,Supported,Supported,False,False,False,False,False,False,False,False,False,False,False,1,False
SA-000960,judge_4,Supported,Supported,Supported,False,False,False,False,False,False,False,False,False,False,False,1,False
SA-000960,judge_5,Supported,Supported,Supported,False,False,False,False,False,False,False,False,False,False,False,0,False
SA-000961,judge_1,Refuted,Refuted,Refuted,False,False,False,False,False,False,False,False,False,False,False,-1,False
SA-000961,judge_2,Refuted,Refuted,Refuted,False,False,False,False,False,False,False,False,False,False,False,1,False
SA-000961,judge_3,Refuted,Refuted,Refuted,False,False,False,False,False,False,False,False,False,False,False,-1,False
SA-000961,judge_4,Refuted,Refuted,Refuted,False,False,False,False,False,False,False,False,False,False,False,2,False
SA-000961,judge_5,Refuted,Refuted,Refuted,False,False,False,False,False,False,False,False,False,False,False,1,False
SA-000962,judge_1,Refuted,Refuted,Refuted,False,False,False,False,False,False,False,False,False,False,False,-1,False
SA-000962,judge_2,Refuted,Refuted,Refuted,False,False,False,False,False,False,False,False,False,False,False,0,False
SA-000962,judge_3,Refuted,Refuted,Refuted,False,False,False,False,False,False,False,False,False,False,False,-1,False
SA-000962,judge_4,Refuted,Refuted,Refuted,False,False,False,False,False,False,False,False,False,False,False,1,False
SA-000962,judge_5,Refuted,Refuted,Refuted,False,False,False,False,False,False,False,False,False,False,False,0,False
SA-000963,judge_1,Refuted,Refuted,Refuted,False,False,False,False,False,False,False,False,False,False,False,-1,False
SA-000963,judge_2,Refuted,Refuted,Refuted,False,False,False,False,False,False,False,False,False,False,False,-1,False
SA-000963,judge_3,Refuted,Refuted,Refuted,False,False,False,False,False,False,False,False,False,False,False,0,False
SA-000963,judge_4,Refuted,Refuted,Refuted,False,False,False,False,False,False,False,False,False,False,False,0,False
SA-000963,judge_5,Refuted,Refuted,Refuted,False,False,False,False,False,False,False,False,False,False,False,1,False
SA-000964,judge_1,Ambiguous,Ambiguous,Ambiguous,True,True,True,False,False,True,False,False,False,False,False,15,False
SA-000964,judge_2,Ambiguous,Ambiguous,Ambiguous,True,True,True,False,False,True,False,False,False,False,False,10,False
SA-000964,judge_3,Ambiguous,Ambiguous,Ambiguous,True,True,True,False,False,True,False,False,False,False,False,6,False
SA-000964,judge_4,Ambiguous,Ambiguous,Ambiguous,True,True,True,False,False,True,False,False,False,False,False,-2,False
SA-000964,judge_5,Ambiguous,Ambiguous,Ambiguous,True,True,True,False,False,True,False,False,False,False,False,12,False
SA-000965,judge_1,Refuted,Refuted,Refuted,False,False,False,False,False,False,False,False,False,False,False,-1,False
SA-000965,judge_2,Refuted,Refuted,Refuted,False,False,False,False,False,False,False,False,False,False,False,0,False
SA-000965,judge_3,Refuted,Refuted,Refuted,False,False,False,False,False,False,False,False,False,False,False,0,False
SA-000965,judge_4,Refuted,Refuted,Refuted,False,False,False,False,False,False,False,False,False,False,False,0,False
SA-000965,judge_5,Refuted,Refuted,Refuted,False,False,False,False,False,False,False,False,False,False,False,-1,False
SA-000966,judge_1,Refuted,Refuted,Refuted,False,False,False,False,False,False,False,False,False,False,False,3,False
SA-000966,judge_2,Refuted,Refuted,Refuted,False,False,False,False,False,False,False,False,False,False,False,6,True
SA-000966,judge_3,Ambiguous,Refuted,Refuted,True,False,False,True,False,False,False,False,True,False,True,26,True
SA-000966,judge_4,Refuted,Refuted,Refuted,False,False,False,False,False,False,False,False,False,False,False,-2,False
SA-000966,judge_5,Refuted,Refuted,Refuted,False,False,False,False,False,False,False,False,False,False,False,4,False
SA-000967,judge_1,Supported,Supported,Supported,False,False,False,False,False,False,False,False,False,False,False,-2,False
SA-000967,judge_2,Supported,Supported,Supported,False,False,False,False,False,False,False,False,False,False,False,-10,False
SA-000967,judge_3,Supported,Supported,Supported,False,False,False,False,False,False,False,False,False,False,False,-3,False
SA-000967,judge_4,Supported,Supported,Supported,False,False,False,False,False,False,False,False,False,False,False,-2,False
SA-000967,judge_5,Supported,Supported,Supported,False,False,False,False,False,False,False,False,False,False,False,-6,False
SA-000968,judge_1,Supported,Supported,Supported,False,False,False,False,False,False,False,False,False,False,False,9,True
SA-000968,judge_2,Supported,Supported,Supported,False,False,False,False,False,False,False,False,False,False,False,10,True
SA-000968,judge_3,Ambiguous,Supported,Supported,True,False,False,True,False,False,False,False,True,False,True,37,True
SA-000968,judge_4,Supported,Supported,Supported,False,False,False,False,False,False,False,False,False,False,False,9,True
SA-000968,judge_5,Supported,Supported,Supported,False,False,False,False,False,False,False,False,False,False,False,9,True
SA-000969,judge_1,Ambiguous,Ambiguous,Ambiguous,True,True,True,False,False,True,False,False,False,False,False,15,False
SA-000969,judge_2,Ambiguous,Ambiguous,Ambiguous,True,True,True,False,False,True,False,False,False,False,False,11,False
SA-000969,judge_3,Ambiguous,Ambiguous,Ambiguous,True,True,True,False,False,True,False,False,False,False,False,6,False
SA-000969,judge_4,Ambiguous,Ambiguous,Ambiguous,True,True,True,False,False,True,False,False,False,False,False,-2,False
SA-000969,judge_5,Ambiguous,Ambiguous,Ambiguous,True,True,True,False,False,True,False,False,False,False,False,12,False
SA-000970,judge_1,Refuted,Refuted,Refuted,False,False,False,False,False,False,False,False,False,False,False,-7,False
SA-000970,judge_2,Refuted,Refuted,Refuted,False,False,False,False,False,False,False,False,False,False,False,0,False
SA-000970,judge_3,Refuted,Refuted,Refuted,False,False,False,False,False,False,False,False,False,False,False,-3,False
SA-000970,judge_4,Ambiguous,Refuted,Refuted,True,False,False,True,False,False,False,False,True,False,True,6,True
SA-000970,judge_5,Refuted,Refuted,Refuted,False,False,False,False,False,False,False,False,False,False,False,-5,False
SA-000971,judge_1,Ambiguous,Ambiguous,Ambiguous,True,True,True,False,False,True,False,False,False,False,False,10,False
SA-000971,judge_2,Ambiguous,Ambiguous,Supported,True,True,False,False,True,False,False,False,False,True,True,28,True
SA-000971,judge_3,Ambiguous,Supported,Supported,True,False,False,True,False,False,False,False,True,False,True,16,True
SA-000971,judge_4,Ambiguous,Ambiguous,Supported,True,True,False,False,True,False,False,False,False,True,True,12,True
SA-000971,judge_5,Ambiguous,Ambiguous,Ambiguous,True,True,True,False,False,True,False,False,False,False,False,14,False
SA-000972,judge_1,Refuted,Refuted,Refuted,False,False,False,False,False,False,False,False,False,False,False,1,False
SA-000972,judge_2,Refuted,Refuted,Refuted,False,False,False,False,False,False,False,False,False,False,False,0,False
SA-000972,judge_3,Refuted,Refuted,Refuted,False,False,False,False,False,False,False,False,False,False,False,-2,False
SA-000972,judge_4,Refuted,Refuted,Refuted,False,False,False,False,False,False,False,False,False,False,False,3,False
SA-000972,judge_5,Refuted,Refuted,Refuted,False,False,False,False,False,False,False,False,False,False,False,0,False
SA-000973,judge_1,Supported,Supported,Supported,False,False,False,False,False,False,False,False,False,False,False,0,False
SA-000973,judge_2,Supported,Supported,Supported,False,False,False,False,False,False,False,False,False,False,False,-8,False
SA-000973,judge_3,Supported,Supported,Supported,False,False,False,False,False,False,False,False,False,False,False,-5,False
SA-000973,judge_4,Supported,Supported,Supported,False,False,False,False,False,False,False,False,False,False,False,-2,False
SA-000973,judge_5,Supported,Supported,Supported,False,False,False,False,False,False,False,False,False,False,False,-3,False
SA-000974,judge_1,Refuted,Refuted,Refuted,False,False,False,False,False,False,False,False,False,False,False,5,True
SA-000974,judge_2,Refuted,Refuted,Refuted,False,False,False,False,False,False,False,False,False,False,False,9,True
SA-000974,judge_3,Ambiguous,Refuted,Refuted,True,False,False,True,False,False,False,False,True,False,True,29,True
SA-000974,judge_4,Refuted,Refuted,Refuted,False,False,False,False,False,False,False,False,False,False,False,6,True
SA-000974,judge_5,Refuted,Refuted,Refuted,False,False,False,False,False,False,False,False,False,False,False,8,True
SA-000975,judge_1,Ambiguous,Ambiguous,Ambiguous,True,True,True,False,False,True,False,False,False,False,False,20,False
SA-000975,judge_2,Ambiguous,Ambiguous,Ambiguous,True,True,True,False,False,True,False,False,False,False,False,10,False
SA-000975,judge_3,Ambiguous,Ambiguous,Ambiguous,True,True,True,False,False,True,False,False,False,False,False,5,False
SA-000975,judge_4,Ambiguous,Ambiguous,Ambiguous,True,True,True,False,False,True,False,False,False,False,False,-2,False
SA-000975,judge_5,Ambiguous,Ambiguous,Ambiguous,True,True,True,False,False,True,False,False,False,False,False,13,False
SA-000976,judge_1,Supported,Supported,Supported,False,False,False,False,False,False,False,False,False,False,False,6,True
SA-000976,judge_2,Supported,Supported,Supported,False,False,False,False,False,False,False,False,False,False,False,-13,False
SA-000976,judge_3,Supported,Supported,Supported,False,False,False,False,False,False,False,False,False,False,False,-4,False
SA-000976,judge_4,Supported,Supported,Supported,False,False,False,False,False,False,False,False,False,False,False,0,True
SA-000976,judge_5,Supported,Supported,Supported,False,False,False,False,False,False,False,False,False,False,False,0,False
SA-000977,judge_1,Ambiguous,Ambiguous,Ambiguous,True,True,True,False,False,True,False,False,False,False,False,14,False
SA-000977,judge_2,Ambiguous,Ambiguous,Ambiguous,True,True,True,False,False,True,False,False,False,False,False,10,False
SA-000977,judge_3,Ambiguous,Ambiguous,Ambiguous,True,True,True,False,False,True,False,False,False,False,False,8,False
SA-000977,judge_4,Ambiguous,Ambiguous,Ambiguous,True,True,True,False,False,True,False,False,False,False,False,-8,False
SA-000977,judge_5,Ambiguous,Ambiguous,Ambiguous,True,True,True,False,False,True,False,False,False,False,False,14,False
SA-000978,judge_1,Supported,Supported,Supported,False,False,False,False,False,False,False,False,False,False,False,8,False
SA-000978,judge_2,Supported,Supported,Supported,False,False,False,False,False,False,False,False,False,False,False,8,False
SA-000978,judge_3,Ambiguous,Supported,Supported,True,False,False,True,False,False,False,False,True,False,True,26,True
SA-000978,judge_4,Supported,Supported,Supported,False,False,False,False,False,False,False,False,False,False,False,6,False
SA-000978,judge_5,Supported,Supported,Supported,False,False,False,False,False,False,False,False,False,False,False,8,False
SA-000979,judge_1,Supported,Supported,Supported,False,False,False,False,False,False,False,False,False,False,False,4,False
SA-000979,judge_2,Supported,Supported,Supported,False,False,False,False,False,False,False,False,False,False,False,2,False
SA-000979,judge_3,Ambiguous,Supported,Supported,True,False,False,True,False,False,False,False,True,False,True,33,True
SA-000979,judge_4,Supported,Supported,Supported,False,False,False,False,False,False,False,False,False,False,False,8,False
SA-000979,judge_5,Supported,Supported,Supported,False,False,False,False,False,False,False,False,False,False,False,4,False
SA-000980,judge_1,Refuted,Refuted,Refuted,False,False,False,False,False,False,False,False,False,False,False,1,False
SA-000980,judge_2,Refuted,Refuted,Refuted,False,False,False,False,False,False,False,False,False,False,False,2,False
SA-000980,judge_3,Refuted,Refuted,Refuted,False,False,False,False,False,False,False,False,False,False,False,-4,False
SA-000980,judge_4,Refuted,Refuted,Refuted,False,False,False,False,False,False,False,False,False,False,False,-1,False
SA-000980,judge_5,Refuted,Refuted,Refuted,False,False,False,False,False,False,False,False,False,False,False,0,False
SA-000981,judge_1,Refuted,Refuted,Refuted,False,False,False,False,False,False,False,False,False,False,False,7,True
SA-000981,judge_2,Refuted,Refuted,Refuted,False,False,False,False,False,False,False,False,False,False,False,7,True
SA-000981,judge_3,Ambiguous,Refuted,Refuted,True,False,False,True,False,False,False,False,True,False,True,29,True
SA-000981,judge_4,Refuted,Refuted,Refuted,False,False,False,False,False,False,False,False,False,False,False,4,True
SA-000981,judge_5,Refuted,Refuted,Refuted,False,False,False,False,False,False,False,False,False,False,False,8,True
SA-000982,judge_1,Refuted,Refuted,Refuted,False,False,False,False,False,False,False,False,False,False,False,-1,False
SA-000982,judge_2,Refuted,Refuted,Refuted,False,False,False,False,False,False,False,False,False,False,False,0,False
SA-000982,judge_3,Refuted,Refuted,Refuted,False,False,False,False,False,False,False,False,False,False,False,0,False
SA-000982,judge_4,Refuted,Refuted,Refuted,False,False,False,False,False,False,False,False,False,False,False,1,False
SA-000982,judge_5,Refuted,Refuted,Refuted,False,False,False,False,False,False,False,False,False,False,False,-1,False
SA-000983,judge_1,Refuted,Refuted,Refuted,False,False,False,False,False,False,False,False,False,False,False,4,True
SA-000983,judge_2,Refuted,Refuted,Refuted,False,False,False,False,False,False,False,False,False,False,False,5,True
SA-000983,judge_3,Ambiguous,Refuted,Refuted,True,False,False,True,False,False,False,False,True,False,True,31,True
SA-000983,judge_4,Refuted,Refuted,Refuted,False,False,False,False,False,False,False,False,False,False,False,1,False
SA-000983,judge_5,Refuted,Refuted,Refuted,False,False,False,False,False,False,False,False,False,False,False,1,False
SA-000984,judge_1,Supported,Supported,Supported,False,False,False,False,False,False,False,False,False,False,False,-2,False
SA-000984,judge_2,Supported,Supported,Supported,False,False,False,False,False,False,False,False,False,False,False,-1,False
SA-000984,judge_3,Supported,Supported,Supported,False,False,False,False,False,False,False,False,False,False,False,1,False
SA-000984,judge_4,Supported,Supported,Supported,False,False,False,False,False,False,False,False,False,False,False,1,False
SA-000984,judge_5,Supported,Supported,Supported,False,False,False,False,False,False,False,False,False,False,False,0,False
SA-000985,judge_1,Refuted,Refuted,Refuted,False,False,False,False,False,False,False,False,False,False,False,0,False
SA-000985,judge_2,Refuted,Refuted,Refuted,False,False,False,False,False,False,False,False,False,False,False,0,False
SA-000985,judge_3,Refuted,Refuted,Refuted,False,False,False,False,False,False,False,False,False,False,False,0,False
SA-000985,judge_4,Refuted,Refuted,Refuted,False,False,False,False,False,False,False,False,False,False,False,1,False
SA-000985,judge_5,Refuted,Refuted,Refuted,False,False,False,False,False,False,False,False,False,False,False,0,False
SA-000986,judge_1,Refuted,Refuted,Refuted,False,False,False,False,False,False,False,False,False,False,False,-1,False
SA-000986,judge_2,Refuted,Refuted,Refuted,False,False,False,False,False,False,False,False,False,False,False,-1,False
SA-000986,judge_3,Refuted,Refuted,Refuted,False,False,False,False,False,False,False,False,False,False,False,-1,False
SA-000986,judge_4,Refuted,Refuted,Refuted,False,False,False,False,False,False,False,False,False,False,False,1,False
SA-000986,judge_5,Refuted,Refuted,Refuted,False,False,False,False,False,False,False,False,False,False,False,0,False
SA-000987,judge_1,Supported,Supported,Supported,False,False,False,False,False,False,False,False,False,False,False,16,True
SA-000987,judge_2,Supported,Supported,Supported,False,False,False,False,False,False,False,False,False,False,False,17,True
SA-000987,judge_3,Ambiguous,Supported,Supported,True,False,False,True,False,False,False,False,True,False,True,35,True
SA-000987,judge_4,Supported,Supported,Supported,False,False,False,False,False,False,False,False,False,False,False,15,True
SA-000987,judge_5,Supported,Supported,Supported,False,False,False,False,False,False,False,False,False,False,False,14,True
SA-000988,judge_1,Ambiguous,Ambiguous,Ambiguous,True,True,True,False,False,True,False,False,False,False,False,20,False
SA-000988,judge_2,Ambiguous,Ambiguous,Ambiguous,True,True,True,False,False,True,False,False,False,False,False,18,True
SA-000988,judge_3,Ambiguous,Ambiguous,Ambiguous,True,True,True,False,False,True,False,False,False,False,False,5,False
SA-000988,judge_4,Ambiguous,Ambiguous,Ambiguous,True,True,True,False,False,True,False,False,False,False,False,0,False
SA-000988,judge_5,Ambiguous,Ambiguous,Ambiguous,True,True,True,False,False,True,False,False,False,False,False,13,False
SA-000989,judge_1,Ambiguous,Ambiguous,Ambiguous,True,True,True,False,False,True,False,False,False,False,False,15,False
SA-000989,judge_2,Ambiguous,Ambiguous,Ambiguous,True,True,True,False,False,True,False,False,False,False,False,12,False
SA-000989,judge_3,Ambiguous,Ambiguous,Ambiguous,True,True,True,False,False,True,False,False,False,False,False,6,False
SA-000989,judge_4,Ambiguous,Ambiguous,Refuted,True,True,False,False,True,False,False,False,False,True,True,0,True
SA-000989,judge_5,Ambiguous,Ambiguous,Ambiguous,True,True,True,False,False,True,False,False,False,False,False,12,False
SA-000990,judge_1,Ambiguous,Ambiguous,Ambiguous,True,True,True,False,False,True,False,False,False,False,False,36,False
SA-000990,judge_2,Ambiguous,Ambiguous,Ambiguous,True,True,True,False,False,True,False,False,False,False,False,32,True
SA-000990,judge_3,Ambiguous,Ambiguous,Ambiguous,True,True,True,False,False,True,False,False,False,False,False,10,False
SA-000990,judge_4,Ambiguous,Ambiguous,Ambiguous,True,True,True,False,False,True,False,False,False,False,False,-10,True
SA-000990,judge_5,Ambiguous,Ambiguous,Ambiguous,True,True,True,False,False,True,False,False,False,False,False,46,True
SA-000991,judge_1,Ambiguous,Ambiguous,Ambiguous,True,True,True,False,False,True,False,False,False,False,False,22,False
SA-000991,judge_2,Ambiguous,Ambiguous,Ambiguous,True,True,True,False,False,True,False,False,False,False,False,22,True
SA-000991,judge_3,Ambiguous,Ambiguous,Ambiguous,True,True,True,False,False,True,False,False,False,False,False,4,False
SA-000991,judge_4,Ambiguous,Ambiguous,Ambiguous,True,True,True,False,False,True,False,False,False,False,False,-8,False
SA-000991,judge_5,Ambiguous,Ambiguous,Ambiguous,True,True,True,False,False,True,False,False,False,False,False,30,False
SA-000992,judge_1,Supported,Supported,Supported,False,False,False,False,False,False,False,False,False,False,False,4,False
SA-000992,judge_2,Supported,Supported,Supported,False,False,False,False,False,False,False,False,False,False,False,2,False
SA-000992,judge_3,Supported,Supported,Supported,False,False,False,False,False,False,False,False,False,False,False,-1,False
SA-000992,judge_4,Supported,Supported,Supported,False,False,False,False,False,False,False,False,False,False,False,-2,False
SA-000992,judge_5,Supported,Supported,Supported,False,False,False,False,False,False,False,False,False,False,False,6,False
SA-000993,judge_1,Ambiguous,Ambiguous,Ambiguous,True,True,True,False,False,True,False,False,False,False,False,58,False
SA-000993,judge_2,Ambiguous,Ambiguous,Ambiguous,True,True,True,False,False,True,False,False,False,False,False,28,False
SA-000993,judge_3,Ambiguous,Ambiguous,Ambiguous,True,True,True,False,False,True,False,False,False,False,False,2,False
SA-000993,judge_4,Ambiguous,Ambiguous,Ambiguous,True,True,True,False,False,True,False,False,False,False,False,-8,False
SA-000993,judge_5,Ambiguous,Ambiguous,Ambiguous,True,True,True,False,False,True,False,False,False,False,False,48,True
SA-000994,judge_1,Supported,Supported,Supported,False,False,False,False,False,False,False,False,False,False,False,7,True
SA-000994,judge_2,Supported,Supported,Supported,False,False,False,False,False,False,False,False,False,False,False,8,True
SA-000994,judge_3,Ambiguous,Supported,Supported,True,False,False,True,False,False,False,False,True,False,True,30,True
SA-000994,judge_4,Supported,Supported,Supported,False,False,False,False,False,False,False,False,False,False,False,4,True
SA-000994,judge_5,Supported,Supported,Supported,False,False,False,False,False,False,False,False,False,False,False,7,True
SA-000995,judge_1,Refuted,Refuted,Refuted,False,False,False,False,False,False,False,False,False,False,False,4,False
SA-000995,judge_2,Refuted,Refuted,Refuted,False,False,False,False,False,False,False,False,False,False,False,8,True
SA-000995,judge_3,Ambiguous,Ambiguous,Refuted,True,True,False,False,True,False,False,False,False,True,True,26,True
SA-000995,judge_4,Refuted,Refuted,Ambiguous,False,False,True,False,False,True,False,False,False,True,True,-18,False
SA-000995,judge_5,Refuted,Refuted,Ambiguous,False,False,True,False,False,True,False,False,False,True,True,-9,False
SA-000996,judge_1,Refuted,Refuted,Refuted,False,False,False,False,False,False,False,False,False,False,False,0,False
SA-000996,judge_2,Refuted,Refuted,Refuted,False,False,False,False,False,False,False,False,False,False,False,0,False
SA-000996,judge_3,Refuted,Refuted,Refuted,False,False,False,False,False,False,False,False,False,False,False,-4,False
SA-000996,judge_4,Refuted,Refuted,Refuted,False,False,False,False,False,False,False,False,False,False,False,-3,False
SA-000996,judge_5,Refuted,Refuted,Refuted,False,False,False,False,False,False,False,False,False,False,False,2,False
SA-000997,judge_1,Refuted,Refuted,Refuted,False,False,False,False,False,False,False,False,False,False,False,-1,False
SA-000997,judge_2,Refuted,Refuted,Refuted,False,False,False,False,False,False,False,False,False,False,False,0,False
SA-000997,judge_3,Refuted,Refuted,Refuted,False,False,False,False,False,False,False,False,False,False,False,-1,False
SA-000997,judge_4,Refuted,Refuted,Refuted,False,False,False,False,False,False,False,False,False,False,False,1,False
SA-000997,judge_5,Refuted,Refuted,Refuted,False,False,False,False,False,False,False,False,False,False,False,0,False
SA-000998,judge_1,Supported,Supported,Supported,False,False,False,False,False,False,False,False,False,False,False,5,False
SA-000998,judge_2,Supported,Supported,Supported,False,False,False,False,False,False,False,False,False,False,False,0,False
SA-000998,judge_3,Supported,Supported,Supported,False,False,False,False,False,False,False,False,False,False,False,0,False
SA-000998,judge_4,Supported,Supported,Supported,False,False,False,False,False,False,False,False,False,False,False,8,True
SA-000998,judge_5,Supported,Supported,Supported,False,False,False,False,False,False,False,False,False,False,False,2,False
SA-000999,judge_1,Refuted,Refuted,Refuted,False,False,False,False,False,False,False,False,False,False,False,-7,False
SA-000999,judge_2,Refuted,Refuted,Refuted,False,False,False,False,False,False,False,False,False,False,False,0,False
SA-000999,judge_3,Refuted,Refuted,Refuted,False,False,False,False,False,False,False,False,False,False,False,-3,False
SA-000999,judge_4,Ambiguous,Refuted,Refuted,True,False,False,True,False,False,False,False,True,False,True,6,True
SA-000999,judge_5,Refuted,Refuted,Refuted,False,False,False,False,False,False,False,False,False,False,False,-5,False
SA-001000,judge_1,Refuted,Refuted,Refuted,False,False,False,False,False,False,False,False,False,False,False,4,False
SA-001000,judge_2,Refuted,Refuted,Refuted,False,False,False,False,False,False,False,False,False,False,False,2,False
SA-001000,judge_3,Ambiguous,Refuted,Refuted,True,False,False,True,False,False,False,False,True,False,True,21,True
SA-001000,judge_4,Refuted,Refuted,Refuted,False,False,False,False,False,False,False,False,False,False,False,-8,False
SA-001000,judge_5,Refuted,Refuted,Refuted,False,False,False,False,False,False,False,False,False,False,False,6,False
SA-001001,judge_1,Ambiguous,Supported,Ambiguous,True,False,True,True,False,True,False,False,True,True,False,13,False
SA-001001,judge_2,Ambiguous,Supported,Supported,True,False,False,True,False,False,False,False,True,False,True,32,True
SA-001001,judge_3,Ambiguous,Ambiguous,Ambiguous,True,True,True,False,False,True,False,False,False,False,False,12,False
SA-001001,judge_4,Ambiguous,Ambiguous,Supported,True,True,False,False,True,False,False,False,False,True,True,14,True
SA-001001,judge_5,Ambiguous,Supported,Ambiguous,True,False,True,True,False,True,False,False,True,True,False,12,False
SA-001002,judge_1,Ambiguous,Ambiguous,Ambiguous,True,True,True,False,False,True,False,False,False,False,False,0,False
SA-001002,judge_2,Ambiguous,Ambiguous,Ambiguous,True,True,True,False,False,True,False,False,False,False,False,10,False
SA-001002,judge_3,Ambiguous,Ambiguous,Ambiguous,True,True,True,False,False,True,False,False,False,False,False,17,False
SA-001002,judge_4,Ambiguous,Ambiguous,Ambiguous,True,True,True,False,False,True,False,False,False,False,False,-6,False
SA-001002,judge_5,Ambiguous,Ambiguous,Ambiguous,True,True,True,False,False,True,False,False,False,False,False,-10,False
SA-001003,judge_1,Supported,Supported,Supported,False,False,False,False,False,False,False,False,False,False,False,8,False
SA-001003,judge_2,Supported,Supported,Supported,False,False,False,False,False,False,False,False,False,False,False,14,False
SA-001003,judge_3,Supported,Supported,Supported,False,False,False,False,False,False,False,False,False,False,False,13,False
SA-001003,judge_4,Supported,Supported,Supported,False,False,False,False,False,False,False,False,False,False,False,2,False
SA-001003,judge_5,Supported,Supported,Supported,False,False,False,False,False,False,False,False,False,False,False,8,False
SA-001004,judge_1,Supported,Supported,Supported,False,False,False,False,False,False,False,False,False,False,False,2,False
SA-001004,judge_2,Supported,Supported,Supported,False,False,False,False,False,False,False,False,False,False,False,2,False
SA-001004,judge_3,Supported,Supported,Supported,False,False,False,False,False,False,False,False,False,False,False,2,False
SA-001004,judge_4,Supported,Supported,Supported,False,False,False,False,False,False,False,False,False,False,False,2,False
SA-001004,judge_5,Supported,Supported,Supported,False,False,False,False,False,False,False,False,False,False,False,2,False
SA-001005,judge_1,Ambiguous,Ambiguous,Ambiguous,True,True,True,False,False,True,False,False,False,False,False,0,False
SA-001005,judge_2,Ambiguous,Ambiguous,Ambiguous,True,True,True,False,False,True,False,False,False,False,False,2,False
SA-001005,judge_3,Ambiguous,Ambiguous,Ambiguous,True,True,True,False,False,True,False,False,False,False,False,1,False
SA-001005,judge_4,Ambiguous,Ambiguous,Ambiguous,True,True,True,False,False,True,False,False,False,False,False,0,False
SA-001005,judge_5,Ambiguous,Ambiguous,Ambiguous,True,True,True,False,False,True,False,False,False,False,False,2,False
SA-001006,judge_1,Supported,Supported,Supported,False,False,False,False,False,False,False,False,False,False,False,14,True
SA-001006,judge_2,Supported,Supported,Supported,False,False,False,False,False,False,False,False,False,False,False,6,False
SA-001006,judge_3,Supported,Supported,Supported,False,False,False,False,False,False,False,False,False,False,False,10,True
SA-001006,judge_4,Supported,Supported,Supported,False,False,False,False,False,False,False,False,False,False,False,4,False
SA-001006,judge_5,Supported,Supported,Ambiguous,False,False,True,False,False,True,False,False,False,True,True,-24,False
SA-001007,judge_1,Refuted,Refuted,Refuted,False,False,False,False,False,False,False,False,False,False,False,5,False
SA-001007,judge_2,Refuted,Refuted,Refuted,False,False,False,False,False,False,False,False,False,False,False,3,False
SA-001007,judge_3,Refuted,Refuted,Refuted,False,False,False,False,False,False,False,False,False,False,False,6,False
SA-001007,judge_4,Refuted,Refuted,Refuted,False,False,False,False,False,False,False,False,False,False,False,7,False
SA-001007,judge_5,Refuted,Refuted,Refuted,False,False,False,False,False,False,False,False,False,False,False,4,False
SA-001008,judge_1,Refuted,Refuted,Refuted,False,False,False,False,False,False,False,False,False,False,False,6,True
SA-001008,judge_2,Refuted,Refuted,Refuted,False,False,False,False,False,False,False,False,False,False,False,6,False
SA-001008,judge_3,Refuted,Refuted,Refuted,False,False,False,False,False,False,False,False,False,False,False,17,False
SA-001008,judge_4,Refuted,Refuted,Refuted,False,False,False,False,False,False,False,False,False,False,False,6,True
SA-001008,judge_5,Refuted,Refuted,Refuted,False,False,False,False,False,False,False,False,False,False,False,3,True
SA-001009,judge_1,Refuted,Refuted,Refuted,False,False,False,False,False,False,False,False,False,False,False,7,False
SA-001009,judge_2,Refuted,Refuted,Refuted,False,False,False,False,False,False,False,False,False,False,False,4,False
SA-001009,judge_3,Refuted,Refuted,Refuted,False,False,False,False,False,False,False,False,False,False,False,4,False
SA-001009,judge_4,Refuted,Refuted,Refuted,False,False,False,False,False,False,False,False,False,False,False,4,False
SA-001009,judge_5,Refuted,Refuted,Refuted,False,False,False,False,False,False,False,False,False,False,False,6,False
SA-001010,judge_1,Refuted,Refuted,Refuted,False,False,False,False,False,False,False,False,False,False,False,2,False
SA-001010,judge_2,Refuted,Refuted,Refuted,False,False,False,False,False,False,False,False,False,False,False,1,False
SA-001010,judge_3,Refuted,Refuted,Refuted,False,False,False,False,False,False,False,False,False,False,False,2,False
SA-001010,judge_4,Refuted,Refuted,Refuted,False,False,False,False,False,False,False,False,False,False,False,2,False
SA-001010,judge_5,Refuted,Refuted,Refuted,False,False,False,False,False,False,False,False,False,False,False,2,False
SA-001011,judge_1,Refuted,Refuted,Refuted,False,False,False,False,False,False,False,False,False,False,False,-6,False
SA-001011,judge_2,Refuted,Refuted,Refuted,False,False,False,False,False,False,False,False,False,False,False,5,False
SA-001011,judge_3,Refuted,Refuted,Refuted,False,False,False,False,False,False,False,False,False,False,False,13,False
SA-001011,judge_4,Refuted,Refuted,Refuted,False,False,False,False,False,False,False,False,False,False,False,1,False
SA-001011,judge_5,Refuted,Refuted,Refuted,False,False,False,False,False,False,False,False,False,False,False,4,True
SA-001012,judge_1,Refuted,Refuted,Refuted,False,False,False,False,False,False,False,False,False,False,False,1,False
SA-001012,judge_2,Refuted,Refuted,Refuted,False,False,False,False,False,False,False,False,False,False,False,1,False
SA-001012,judge_3,Refuted,Refuted,Refuted,False,False,False,False,False,False,False,False,False,False,False,0,False
SA-001012,judge_4,Refuted,Refuted,Refuted,False,False,False,False,False,False,False,False,False,False,False,1,False
SA-001012,judge_5,Refuted,Refuted,Refuted,False,False,False,False,False,False,False,False,False,False,False,2,False
SA-001013,judge_1,Ambiguous,Supported,Supported,True,False,False,True,False,False,False,False,True,False,True,12,True
SA-001013,judge_2,Supported,Ambiguous,Supported,False,True,False,False,True,False,False,False,True,True,False,10,False
SA-001013,judge_3,Supported,Ambiguous,Supported,False,True,False,False,True,False,False,False,True,True,False,2,False
SA-001013,judge_4,Supported,Ambiguous,Supported,False,True,False,False,True,False,False,False,True,True,False,0,False
SA-001013,judge_5,Supported,Supported,Supported,False,False,False,False,False,False,False,False,False,False,False,-8,False
SA-001014,judge_1,Refuted,Refuted,Refuted,False,False,False,False,False,False,False,False,False,False,False,2,False
SA-001014,judge_2,Refuted,Refuted,Refuted,False,False,False,False,False,False,False,False,False,False,False,1,False
SA-001014,judge_3,Refuted,Refuted,Refuted,False,False,False,False,False,False,False,False,False,False,False,4,False
SA-001014,judge_4,Refuted,Refuted,Refuted,False,False,False,False,False,False,False,False,False,False,False,2,False
SA-001014,judge_5,Refuted,Refuted,Refuted,False,False,False,False,False,False,False,False,False,False,False,1,False
SA-001015,judge_1,Refuted,Refuted,Refuted,False,False,False,False,False,False,False,False,False,False,False,14,True
SA-001015,judge_2,Refuted,Refuted,Refuted,False,False,False,False,False,False,False,False,False,False,False,8,True
SA-001015,judge_3,Refuted,Refuted,Refuted,False,False,False,False,False,False,False,False,False,False,False,17,True
SA-001015,judge_4,Refuted,Refuted,Refuted,False,False,False,False,False,False,False,False,False,False,False,14,True
SA-001015,judge_5,Refuted,Refuted,Refuted,False,False,False,False,False,False,False,False,False,False,False,11,True
SA-001016,judge_1,Refuted,Refuted,Refuted,False,False,False,False,False,False,False,False,False,False,False,7,True
SA-001016,judge_2,Refuted,Refuted,Refuted,False,False,False,False,False,False,False,False,False,False,False,1,False
SA-001016,judge_3,Refuted,Refuted,Refuted,False,False,False,False,False,False,False,False,False,False,False,6,False
SA-001016,judge_4,Refuted,Refuted,Refuted,False,False,False,False,False,False,False,False,False,False,False,9,True
SA-001016,judge_5,Refuted,Refuted,Refuted,False,False,False,False,False,False,False,False,False,False,False,5,False
SA-001017,judge_1,Refuted,Refuted,Refuted,False,False,False,False,False,False,False,False,False,False,False,0,False
SA-001017,judge_2,Refuted,Refuted,Refuted,False,False,False,False,False,False,False,False,False,False,False,-1,False
SA-001017,judge_3,Refuted,Refuted,Refuted,False,False,False,False,False,False,False,False,False,False,False,2,False
SA-001017,judge_4,Refuted,Refuted,Refuted,False,False,False,False,False,False,False,False,False,False,False,1,False
SA-001017,judge_5,Refuted,Refuted,Refuted,False,False,False,False,False,False,False,False,False,False,False,1,False
SA-001018,judge_1,Supported,Supported,Supported,False,False,False,False,False,False,False,False,False,False,False,1,False
SA-001018,judge_2,Supported,Supported,Supported,False,False,False,False,False,False,False,False,False,False,False,2,False
SA-001018,judge_3,Supported,Supported,Supported,False,False,False,False,False,False,False,False,False,False,False,-1,False
SA-001018,judge_4,Supported,Supported,Supported,False,False,False,False,False,False,False,False,False,False,False,1,False
SA-001018,judge_5,Supported,Supported,Supported,False,False,False,False,False,False,False,False,False,False,False,-6,False
SA-001019,judge_1,Ambiguous,Ambiguous,Refuted,True,True,False,False,True,False,False,False,False,True,True,18,True
SA-001019,judge_2,Ambiguous,Refuted,Ambiguous,True,False,True,True,False,True,False,False,True,True,False,12,True
SA-001019,judge_3,Ambiguous,Ambiguous,Refuted,True,True,False,False,True,False,False,False,False,True,True,13,True
SA-001019,judge_4,Ambiguous,Ambiguous,Ambiguous,True,True,True,False,False,True,False,False,False,False,False,-8,False
SA-001019,judge_5,Ambiguous,Refuted,Ambiguous,True,False,True,True,False,True,False,False,True,True,False,-4,False
SA-001020,judge_1,Ambiguous,Ambiguous,Supported,True,True,False,False,True,False,False,False,False,True,True,15,True
SA-001020,judge_2,Ambiguous,Ambiguous,Supported,True,True,False,False,True,False,False,False,False,True,True,31,True
SA-001020,judge_3,Ambiguous,Ambiguous,Supported,True,True,False,False,True,False,False,False,False,True,True,23,True
SA-001020,judge_4,Ambiguous,Ambiguous,Supported,True,True,False,False,True,False,False,False,False,True,True,10,True
SA-001020,judge_5,Ambiguous,Ambiguous,Supported,True,True,False,False,True,False,False,False,False,True,True,20,True
SA-001021,judge_1,Supported,Supported,Supported,False,False,False,False,False,False,False,False,False,False,False,12,True
SA-001021,judge_2,Supported,Supported,Supported,False,False,False,False,False,False,False,False,False,False,False,13,True
SA-001021,judge_3,Supported,Supported,Supported,False,False,False,False,False,False,False,False,False,False,False,12,True
SA-001021,judge_4,Supported,Supported,Supported,False,False,False,False,False,False,False,False,False,False,False,9,True
SA-001021,judge_5,Supported,Supported,Supported,False,False,False,False,False,False,False,False,False,False,False,12,True
SA-001022,judge_1,Ambiguous,Ambiguous,Ambiguous,True,True,True,False,False,True,False,False,False,False,False,-2,False
SA-001022,judge_2,Ambiguous,Ambiguous,Ambiguous,True,True,True,False,False,True,False,False,False,False,False,22,False
SA-001022,judge_3,Ambiguous,Ambiguous,Ambiguous,True,True,True,False,False,True,False,False,False,False,False,14,False
SA-001022,judge_4,Ambiguous,Ambiguous,Ambiguous,True,True,True,False,False,True,False,False,False,False,False,-8,False
SA-001022,judge_5,Ambiguous,Ambiguous,Ambiguous,True,True,True,False,False,True,False,False,False,False,False,-10,False
SA-001023,judge_1,Ambiguous,Ambiguous,Ambiguous,True,True,True,False,False,True,False,False,False,False,False,0,False
SA-001023,judge_2,Ambiguous,Ambiguous,Ambiguous,True,True,True,False,False,True,False,False,False,False,False,2,False
SA-001023,judge_3,Ambiguous,Ambiguous,Ambiguous,True,True,True,False,False,True,False,False,False,False,False,0,False
SA-001023,judge_4,Ambiguous,Ambiguous,Ambiguous,True,True,True,False,False,True,False,False,False,False,False,-2,False
SA-001023,judge_5,Ambiguous,Ambiguous,Ambiguous,True,True,True,False,False,True,False,False,False,False,False,2,False
SA-001024,judge_1,Ambiguous,Ambiguous,Ambiguous,True,True,True,False,False,True,False,False,False,False,False,4,False
SA-001024,judge_2,Ambiguous,Ambiguous,Ambiguous,True,True,True,False,False,True,False,False,False,False,False,12,False
SA-001024,judge_3,Ambiguous,Ambiguous,Ambiguous,True,True,True,False,False,True,False,False,False,False,False,15,False
SA-001024,judge_4,Ambiguous,Ambiguous,Ambiguous,True,True,True,False,False,True,False,False,False,False,False,0,False
SA-001024,judge_5,Ambiguous,Ambiguous,Ambiguous,True,True,True,False,False,True,False,False,False,False,False,-8,False
SA-001025,judge_1,Refuted,Refuted,Refuted,False,False,False,False,False,False,False,False,False,False,False,1,False
SA-001025,judge_2,Refuted,Refuted,Refuted,False,False,False,False,False,False,False,False,False,False,False,0,False
SA-001025,judge_3,Refuted,Refuted,Refuted,False,False,False,False,False,False,False,False,False,False,False,1,False
SA-001025,judge_4,Refuted,Refuted,Refuted,False,False,False,False,False,False,False,False,False,False,False,1,False
SA-001025,judge_5,Refuted,Refuted,Refuted,False,False,False,False,False,False,False,False,False,False,False,2,False
SA-001026,judge_1,Refuted,Ambiguous,Refuted,False,True,False,False,True,False,False,False,True,True,False,3,False
SA-001026,judge_2,Ambiguous,Refuted,Ambiguous,True,False,True,True,False,True,False,False,True,True,False,19,False
SA-001026,judge_3,Ambiguous,Refuted,Ambiguous,True,False,True,True,False,True,False,False,True,True,False,8,False
SA-001026,judge_4,Ambiguous,Ambiguous,Ambiguous,True,True,True,False,False,True,False,False,False,False,False,-10,False
SA-001026,judge_5,Ambiguous,Ambiguous,Ambiguous,True,True,True,False,False,True,False,False,False,False,False,-9,False
SA-001027,judge_1,Refuted,Refuted,Refuted,False,False,False,False,False,False,False,False,False,False,False,2,False
SA-001027,judge_2,Refuted,Refuted,Refuted,False,False,False,False,False,False,False,False,False,False,False,2,False
SA-001027,judge_3,Refuted,Refuted,Refuted,False,False,False,False,False,False,False,False,False,False,False,2,False
SA-001027,judge_4,Refuted,Refuted,Refuted,False,False,False,False,False,False,False,False,False,False,False,2,False
SA-001027,judge_5,Refuted,Refuted,Refuted,False,False,False,False,False,False,False,False,False,False,False,2,False
SA-001028,judge_1,Ambiguous,Ambiguous,Supported,True,True,False,False,True,False,False,False,False,True,True,16,True
SA-001028,judge_2,Ambiguous,Ambiguous,Supported,True,True,False,False,True,False,False,False,False,True,True,46,True
SA-001028,judge_3,Ambiguous,Ambiguous,Supported,True,True,False,False,True,False,False,False,False,True,True,23,True
SA-001028,judge_4,Ambiguous,Ambiguous,Supported,True,True,False,False,True,False,False,False,False,True,True,14,True
SA-001028,judge_5,Ambiguous,Ambiguous,Supported,True,True,False,False,True,False,False,False,False,True,True,21,True
SA-001029,judge_1,Refuted,Refuted,Refuted,False,False,False,False,False,False,False,False,False,False,False,7,True
SA-001029,judge_2,Refuted,Refuted,Refuted,False,False,False,False,False,False,False,False,False,False,False,2,False
SA-001029,judge_3,Refuted,Refuted,Refuted,False,False,False,False,False,False,False,False,False,False,False,8,False
SA-001029,judge_4,Refuted,Refuted,Refuted,False,False,False,False,False,False,False,False,False,False,False,4,True
SA-001029,judge_5,Refuted,Refuted,Refuted,False,False,False,False,False,False,False,False,False,False,False,4,True
SA-001030,judge_1,Supported,Ambiguous,Ambiguous,False,True,True,False,False,True,False,False,True,False,True,-10,False
SA-001030,judge_2,Ambiguous,Ambiguous,Ambiguous,True,True,True,False,False,True,False,False,False,False,False,21,False
SA-001030,judge_3,Ambiguous,Ambiguous,Supported,True,True,False,False,True,False,False,False,False,True,True,14,True
SA-001030,judge_4,Ambiguous,Ambiguous,Ambiguous,True,True,True,False,False,True,False,False,False,False,False,-2,False
SA-001030,judge_5,Ambiguous,Supported,Ambiguous,True,False,True,True,False,True,False,False,True,True,False,-9,False
SA-001031,judge_1,Refuted,Refuted,Refuted,False,False,False,False,False,False,False,False,False,False,False,-5,False
SA-001031,judge_2,Refuted,Refuted,Refuted,False,False,False,False,False,False,False,False,False,False,False,-3,False
SA-001031,judge_3,Refuted,Refuted,Refuted,False,False,False,False,False,False,False,False,False,False,False,-6,False
SA-001031,judge_4,Refuted,Refuted,Refuted,False,False,False,False,False,False,False,False,False,False,False,0,False
SA-001031,judge_5,Refuted,Refuted,Refuted,False,False,False,False,False,False,False,False,False,False,False,3,True
SA-001032,judge_1,Refuted,Refuted,Refuted,False,False,False,False,False,False,False,False,False,False,False,0,False
SA-001032,judge_2,Refuted,Refuted,Refuted,False,False,False,False,False,False,False,False,False,False,False,-2,False
SA-001032,judge_3,Refuted,Refuted,Refuted,False,False,False,False,False,False,False,False,False,False,False,0,False
SA-001032,judge_4,Refuted,Refuted,Refuted,False,False,False,False,False,False,False,False,False,False,False,7,True
SA-001032,judge_5,Refuted,Refuted,Refuted,False,False,False,False,False,False,False,False,False,False,False,-6,False
SA-001033,judge_1,Refuted,Refuted,Refuted,False,False,False,False,False,False,False,False,False,False,False,5,False
SA-001033,judge_2,Refuted,Refuted,Refuted,False,False,False,False,False,False,False,False,False,False,False,2,False
SA-001033,judge_3,Refuted,Refuted,Refuted,False,False,False,False,False,False,False,False,False,False,False,7,False
SA-001033,judge_4,Refuted,Refuted,Refuted,False,False,False,False,False,False,False,False,False,False,False,5,False
SA-001033,judge_5,Refuted,Refuted,Refuted,False,False,False,False,False,False,False,False,False,False,False,4,False
SA-001034,judge_1,Ambiguous,Ambiguous,Ambiguous,True,True,True,False,False,True,False,False,False,False,False,6,False
SA-001034,judge_2,Ambiguous,Ambiguous,Ambiguous,True,True,True,False,False,True,False,False,False,False,False,18,False
SA-001034,judge_3,Ambiguous,Ambiguous,Ambiguous,True,True,True,False,False,True,False,False,False,False,False,6,False
SA-001034,judge_4,Ambiguous,Ambiguous,Ambiguous,True,True,True,False,False,True,False,False,False,False,False,-1,False
SA-001034,judge_5,Ambiguous,Ambiguous,Ambiguous,True,True,True,False,False,True,False,False,False,False,False,-10,False
SA-001035,judge_1,Ambiguous,Supported,Supported,True,False,False,True,False,False,False,False,True,False,True,22,True
SA-001035,judge_2,Supported,Supported,Supported,False,False,False,False,False,False,False,False,False,False,False,8,False
SA-001035,judge_3,Supported,Supported,Supported,False,False,False,False,False,False,False,False,False,False,False,4,False
SA-001035,judge_4,Supported,Supported,Supported,False,False,False,False,False,False,False,False,False,False,False,2,False
SA-001035,judge_5,Supported,Supported,Supported,False,False,False,False,False,False,False,False,False,False,False,0,False
SA-001036,judge_1,Supported,Supported,Supported,False,False,False,False,False,False,False,False,False,False,False,11,True
SA-001036,judge_2,Supported,Supported,Supported,False,False,False,False,False,False,False,False,False,False,False,9,True
SA-001036,judge_3,Supported,Supported,Supported,False,False,False,False,False,False,False,False,False,False,False,11,True
SA-001036,judge_4,Supported,Supported,Supported,False,False,False,False,False,False,False,False,False,False,False,10,True
SA-001036,judge_5,Supported,Supported,Supported,False,False,False,False,False,False,False,False,False,False,False,10,True
SA-001037,judge_1,Refuted,Ambiguous,Refuted,False,True,False,False,True,False,False,False,True,True,False,6,True
SA-001037,judge_2,Refuted,Refuted,Refuted,False,False,False,False,False,False,False,False,False,False,False,12,True
SA-001037,judge_3,Refuted,Refuted,Refuted,False,False,False,False,False,False,False,False,False,False,False,2,False
SA-001037,judge_4,Refuted,Ambiguous,Refuted,False,True,False,False,True,False,False,False,True,True,False,8,False
SA-001037,judge_5,Refuted,Refuted,Refuted,False,False,False,False,False,False,False,False,False,False,False,2,False
SA-001038,judge_1,Supported,Supported,Supported,False,False,False,False,False,False,False,False,False,False,False,11,True
SA-001038,judge_2,Supported,Supported,Supported,False,False,False,False,False,False,False,False,False,False,False,9,True
SA-001038,judge_3,Supported,Supported,Supported,False,False,False,False,False,False,False,False,False,False,False,14,True
SA-001038,judge_4,Supported,Supported,Supported,False,False,False,False,False,False,False,False,False,False,False,9,True
SA-001038,judge_5,Supported,Supported,Supported,False,False,False,False,False,False,False,False,False,False,False,9,True
SA-001039,judge_1,Ambiguous,Ambiguous,Ambiguous,True,True,True,False,False,True,False,False,False,False,False,2,False
SA-001039,judge_2,Ambiguous,Ambiguous,Ambiguous,True,True,True,False,False,True,False,False,False,False,False,18,False
SA-001039,judge_3,Ambiguous,Ambiguous,Ambiguous,True,True,True,False,False,True,False,False,False,False,False,10,False
SA-001039,judge_4,Ambiguous,Ambiguous,Ambiguous,True,True,True,False,False,True,False,False,False,False,False,-9,False
SA-001039,judge_5,Ambiguous,Ambiguous,Ambiguous,True,True,True,False,False,True,False,False,False,False,False,-10,False
SA-001040,judge_1,Supported,Supported,Supported,False,False,False,False,False,False,False,False,False,False,False,5,True
SA-001040,judge_2,Supported,Supported,Supported,False,False,False,False,False,False,False,False,False,False,False,4,True
SA-001040,judge_3,Supported,Supported,Supported,False,False,False,False,False,False,False,False,False,False,False,2,False
SA-001040,judge_4,Supported,Supported,Supported,False,False,False,False,False,False,False,False,False,False,False,8,True
SA-001040,judge_5,Supported,Supported,Supported,False,False,False,False,False,False,False,False,False,False,False,2,False
SA-001041,judge_1,Ambiguous,Ambiguous,Ambiguous,True,True,True,False,False,True,False,False,False,False,False,1,False
SA-001041,judge_2,Ambiguous,Ambiguous,Ambiguous,True,True,True,False,False,True,False,False,False,False,False,23,False
SA-001041,judge_3,Ambiguous,Ambiguous,Ambiguous,True,True,True,False,False,True,False,False,False,False,False,8,False
SA-001041,judge_4,Ambiguous,Ambiguous,Ambiguous,True,True,True,False,False,True,False,False,False,False,False,-9,False
SA-001041,judge_5,Ambiguous,Ambiguous,Ambiguous,True,True,True,False,False,True,False,False,False,False,False,-16,False
SA-001042,judge_1,Ambiguous,Ambiguous,Ambiguous,True,True,True,False,False,True,False,False,False,False,False,0,False
SA-001042,judge_2,Ambiguous,Ambiguous,Ambiguous,True,True,True,False,False,True,False,False,False,False,False,20,False
SA-001042,judge_3,Ambiguous,Ambiguous,Ambiguous,True,True,True,False,False,True,False,False,False,False,False,11,False
SA-001042,judge_4,Ambiguous,Ambiguous,Ambiguous,True,True,True,False,False,True,False,False,False,False,False,-3,False
SA-001042,judge_5,Ambiguous,Ambiguous,Ambiguous,True,True,True,False,False,True,False,False,False,False,False,-10,False
SA-001043,judge_1,Ambiguous,Ambiguous,Supported,True,True,False,False,True,False,False,False,False,True,True,11,True
SA-001043,judge_2,Ambiguous,Ambiguous,Supported,True,True,False,False,True,False,False,False,False,True,True,20,True
SA-001043,judge_3,Ambiguous,Ambiguous,Supported,True,True,False,False,True,False,False,False,False,True,True,13,True
SA-001043,judge_4,Ambiguous,Ambiguous,Supported,True,True,False,False,True,False,False,False,False,True,True,3,True
SA-001043,judge_5,Ambiguous,Ambiguous,Supported,True,True,False,False,True,False,False,False,False,True,True,6,True
SA-001044,judge_1,Refuted,Refuted,Refuted,False,False,False,False,False,False,False,False,False,False,False,1,False
SA-001044,judge_2,Refuted,Refuted,Refuted,False,False,False,False,False,False,False,False,False,False,False,1,False
SA-001044,judge_3,Refuted,Refuted,Refuted,False,False,False,False,False,False,False,False,False,False,False,1,False
SA-001044,judge_4,Refuted,Refuted,Refuted,False,False,False,False,False,False,False,False,False,False,False,1,False
SA-001044,judge_5,Refuted,Refuted,Refuted,False,False,False,False,False,False,False,False,False,False,False,2,False
SA-001045,judge_1,Supported,Supported,Supported,False,False,False,False,False,False,False,False,False,False,False,1,False
SA-001045,judge_2,Supported,Supported,Supported,False,False,False,False,False,False,False,False,False,False,False,1,False
SA-001045,judge_3,Supported,Supported,Supported,False,False,False,False,False,False,False,False,False,False,False,1,False
SA-001045,judge_4,Supported,Supported,Supported,False,False,False,False,False,False,False,False,False,False,False,1,False
SA-001045,judge_5,Supported,Supported,Supported,False,False,False,False,False,False,False,False,False,False,False,1,False
SA-001046,judge_1,Ambiguous,Ambiguous,Ambiguous,True,True,True,False,False,True,False,False,False,False,False,-1,False
SA-001046,judge_2,Ambiguous,Ambiguous,Ambiguous,True,True,True,False,False,True,False,False,False,False,False,24,False
SA-001046,judge_3,Ambiguous,Ambiguous,Ambiguous,True,True,True,False,False,True,False,False,False,False,False,10,False
SA-001046,judge_4,Ambiguous,Ambiguous,Ambiguous,True,True,True,False,False,True,False,False,False,False,False,-9,False
SA-001046,judge_5,Ambiguous,Ambiguous,Ambiguous,True,True,True,False,False,True,False,False,False,False,False,-13,False
SA-001047,judge_1,Supported,Supported,Supported,False,False,False,False,False,False,False,False,False,False,False,2,False
SA-001047,judge_2,Supported,Supported,Supported,False,False,False,False,False,False,False,False,False,False,False,2,False
SA-001047,judge_3,Supported,Supported,Supported,False,False,False,False,False,False,False,False,False,False,False,2,False
SA-001047,judge_4,Supported,Supported,Supported,False,False,False,False,False,False,False,False,False,False,False,2,False
SA-001047,judge_5,Supported,Supported,Supported,False,False,False,False,False,False,False,False,False,False,False,2,False
SA-001048,judge_1,Supported,Supported,Supported,False,False,False,False,False,False,False,False,False,False,False,0,False
SA-001048,judge_2,Supported,Supported,Supported,False,False,False,False,False,False,False,False,False,False,False,-2,False
SA-001048,judge_3,Supported,Supported,Supported,False,False,False,False,False,False,False,False,False,False,False,2,False
SA-001048,judge_4,Supported,Supported,Supported,False,False,False,False,False,False,False,False,False,False,False,2,False
SA-001048,judge_5,Supported,Supported,Supported,False,False,False,False,False,False,False,False,False,False,False,-2,False
SA-001049,judge_1,Refuted,Refuted,Refuted,False,False,False,False,False,False,False,False,False,False,False,1,False
SA-001049,judge_2,Refuted,Refuted,Refuted,False,False,False,False,False,False,False,False,False,False,False,1,False
SA-001049,judge_3,Refuted,Refuted,Refuted,False,False,False,False,False,False,False,False,False,False,False,2,False
SA-001049,judge_4,Refuted,Refuted,Refuted,False,False,False,False,False,False,False,False,False,False,False,3,False
SA-001049,judge_5,Refuted,Refuted,Refuted,False,False,False,False,False,False,False,False,False,False,False,3,False
SA-001050,judge_1,Refuted,Refuted,Refuted,False,False,False,False,False,False,False,False,False,False,False,1,False
SA-001050,judge_2,Refuted,Refuted,Refuted,False,False,False,False,False,False,False,False,False,False,False,1,False
SA-001050,judge_3,Refuted,Refuted,Refuted,False,False,False,False,False,False,False,False,False,False,False,1,False
SA-001050,judge_4,Refuted,Refuted,Refuted,False,False,False,False,False,False,False,False,False,False,False,2,False
SA-001050,judge_5,Refuted,Refuted,Refuted,False,False,False,False,False,False,False,False,False,False,False,0,False
SA-001051,judge_1,Refuted,Refuted,Refuted,False,False,False,False,False,False,False,False,False,False,False,5,True
SA-001051,judge_2,Refuted,Refuted,Refuted,False,False,False,False,False,False,False,False,False,False,False,3,False
SA-001051,judge_3,Refuted,Refuted,Refuted,False,False,False,False,False,False,False,False,False,False,False,5,False
SA-001051,judge_4,Refuted,Refuted,Refuted,False,False,False,False,False,False,False,False,False,False,False,5,True
SA-001051,judge_5,Refuted,Refuted,Refuted,False,False,False,False,False,False,False,False,False,False,False,4,False
SA-001052,judge_1,Ambiguous,Ambiguous,Ambiguous,True,True,True,False,False,True,False,False,False,False,False,3,False
SA-001052,judge_2,Ambiguous,Ambiguous,Ambiguous,True,True,True,False,False,True,False,False,False,False,False,1,False
SA-001052,judge_3,Ambiguous,Ambiguous,Ambiguous,True,True,True,False,False,True,False,False,False,False,False,1,False
SA-001052,judge_4,Ambiguous,Ambiguous,Ambiguous,True,True,True,False,False,True,False,False,False,False,False,-3,False
SA-001052,judge_5,Ambiguous,Ambiguous,Ambiguous,True,True,True,False,False,True,False,False,False,False,False,3,False
SA-001053,judge_1,Supported,Supported,Supported,False,False,False,False,False,False,False,False,False,False,False,2,False
SA-001053,judge_2,Supported,Supported,Supported,False,False,False,False,False,False,False,False,False,False,False,0,False
SA-001053,judge_3,Supported,Supported,Supported,False,False,False,False,False,False,False,False,False,False,False,2,False
SA-001053,judge_4,Supported,Supported,Supported,False,False,False,False,False,False,False,False,False,False,False,-2,False
SA-001053,judge_5,Supported,Supported,Supported,False,False,False,False,False,False,False,False,False,False,False,-6,False
SA-001054,judge_1,Refuted,Refuted,Ambiguous,False,False,True,False,False,True,False,False,False,True,True,-9,False
SA-001054,judge_2,Refuted,Refuted,Refuted,False,False,False,False,False,False,False,False,False,False,False,5,False
SA-001054,judge_3,Refuted,Refuted,Refuted,False,False,False,False,False,False,False,False,False,False,False,8,False
SA-001054,judge_4,Ambiguous,Refuted,Refuted,True,False,False,True,False,False,False,False,True,False,True,8,True
SA-001054,judge_5,Refuted,Refuted,Ambiguous,False,False,True,False,False,True,False,False,False,True,True,-22,False
SA-001055,judge_1,Supported,Supported,Supported,False,False,False,False,False,False,False,False,False,False,False,2,False
SA-001055,judge_2,Supported,Supported,Supported,False,False,False,False,False,False,False,False,False,False,False,5,False
SA-001055,judge_3,Supported,Supported,Supported,False,False,False,False,False,False,False,False,False,False,False,2,False
SA-001055,judge_4,Supported,Supported,Supported,False,False,False,False,False,False,False,False,False,False,False,-2,False
SA-001055,judge_5,Supported,Supported,Supported,False,False,False,False,False,False,False,False,False,False,False,-2,False
SA-001056,judge_1,Refuted,Refuted,Refuted,False,False,False,False,False,False,False,False,False,False,False,4,False
SA-001056,judge_2,Refuted,Refuted,Refuted,False,False,False,False,False,False,False,False,False,False,False,0,False
SA-001056,judge_3,Refuted,Refuted,Refuted,False,False,False,False,False,False,False,False,False,False,False,1,False
SA-001056,judge_4,Refuted,Refuted,Refuted,False,False,False,False,False,False,False,False,False,False,False,2,False
SA-001056,judge_5,Refuted,Refuted,Refuted,False,False,False,False,False,False,False,False,False,False,False,2,False
SA-001057,judge_1,Ambiguous,Ambiguous,Ambiguous,True,True,True,False,False,True,False,False,False,False,False,-3,False
SA-001057,judge_2,Ambiguous,Ambiguous,Ambiguous,True,True,True,False,False,True,False,False,False,False,False,19,False
SA-001057,judge_3,Ambiguous,Ambiguous,Ambiguous,True,True,True,False,False,True,False,False,False,False,False,17,False
SA-001057,judge_4,Ambiguous,Ambiguous,Ambiguous,True,True,True,False,False,True,False,False,False,False,False,-2,False
SA-001057,judge_5,Ambiguous,Ambiguous,Ambiguous,True,True,True,False,False,True,False,False,False,False,False,-8,False
SA-001058,judge_1,Refuted,Ambiguous,Ambiguous,False,True,True,False,False,True,False,False,True,False,True,-6,False
SA-001058,judge_2,Ambiguous,Ambiguous,Ambiguous,True,True,True,False,False,True,False,False,False,False,False,14,False
SA-001058,judge_3,Refuted,Ambiguous,Ambiguous,False,True,True,False,False,True,False,False,True,False,True,-4,False
SA-001058,judge_4,Ambiguous,Ambiguous,Ambiguous,True,True,True,False,False,True,False,False,False,False,False,-4,False
SA-001058,judge_5,Ambiguous,Ambiguous,Ambiguous,True,True,True,False,False,True,False,False,False,False,False,-9,False
SA-001059,judge_1,Supported,Supported,Supported,False,False,False,False,False,False,False,False,False,False,False,2,False
SA-001059,judge_2,Supported,Supported,Supported,False,False,False,False,False,False,False,False,False,False,False,1,False
SA-001059,judge_3,Supported,Supported,Supported,False,False,False,False,False,False,False,False,False,False,False,2,False
SA-001059,judge_4,Supported,Supported,Supported,False,False,False,False,False,False,False,False,False,False,False,1,False
SA-001059,judge_5,Supported,Supported,Supported,False,False,False,False,False,False,False,False,False,False,False,1,False
SA-001060,judge_1,Supported,Supported,Supported,False,False,False,False,False,False,False,False,False,False,False,1,False
SA-001060,judge_2,Supported,Supported,Supported,False,False,False,False,False,False,False,False,False,False,False,0,False
SA-001060,judge_3,Supported,Supported,Supported,False,False,False,False,False,False,False,False,False,False,False,1,False
SA-001060,judge_4,Supported,Supported,Supported,False,False,False,False,False,False,False,False,False,False,False,1,False
SA-001060,judge_5,Supported,Supported,Supported,False,False,False,False,False,False,False,False,False,False,False,1,False
SA-001061,judge_1,Supported,Supported,Supported,False,False,False,False,False,False,False,False,False,False,False,14,True
SA-001061,judge_2,Supported,Supported,Supported,False,False,False,False,False,False,False,False,False,False,False,10,True
SA-001061,judge_3,Supported,Supported,Supported,False,False,False,False,False,False,False,False,False,False,False,13,True
SA-001061,judge_4,Supported,Supported,Supported,False,False,False,False,False,False,False,False,False,False,False,10,True
SA-001061,judge_5,Supported,Supported,Supported,False,False,False,False,False,False,False,False,False,False,False,10,True
